Id,Subject Focus,Eyes,Face,Near,Action,Accessory,Group,Collage,Human,Occlusion,Info,Blur,Pawpularity,BRISQUE
0007de18844b0dbbb5e1f607da0606e0,0,1,1,1,0,0,1,0,0,0,0,0,63,22.12030029296875
0009c66b9439883ba2750fb825e1d7db,0,1,1,0,0,0,0,0,0,0,0,0,42,48.16229248046875
0013fd999caf9a3efe1352ca1b0d937e,0,1,1,1,0,0,0,0,1,1,0,0,28,12.22235107421875
0018df346ac9c1d8413cfcc888ca8246,0,1,1,1,0,0,0,0,0,0,0,0,15,19.42987060546875
001dc955e10590d3ca4673f034feeef2,0,0,0,1,0,0,1,0,0,0,0,0,72,18.35272216796875
001dd4f6fafb890610b1635f967ea081,0,0,1,0,0,0,0,0,0,0,0,1,74,49.64764404296875
0023b8a3abc93c712edd6120867deb53,0,1,1,1,0,0,0,0,1,1,0,0,22,12.48309326171875
0031d6a9ef7340f898c3e05f92c7bb04,0,1,1,0,0,0,1,1,0,0,1,0,35,8.47283935546875
0042bc5bada6d1cf8951f8f9f0d399fa,0,1,1,1,0,0,0,0,0,0,0,0,53,9.56512451171875
0049cb81313c94fa007286e9039af910,0,1,1,1,0,0,0,0,0,0,0,0,21,21.65594482421875
005017716086b8d5e118dd9fe26459b1,0,1,1,1,0,0,0,0,0,0,0,0,28,25.95281982421875
00524dbf2637a80cbc80f70d3ff59616,0,1,1,1,0,0,0,0,0,0,0,0,2,15.60369873046875
00630b1262efe301cb15a3b2022ba744,0,1,1,1,0,0,0,0,0,0,0,0,18,63.77899169921875
006483b96ca9c09b7afed3e3d3af539d,0,1,1,1,0,0,0,0,1,1,0,0,41,11.20623779296875
00655425c10d4c082dd7eeb97fa4fb17,0,1,0,0,0,1,0,0,0,0,0,0,13,14.39227294921875
0067aaaa500b530c76b9c91af34b4cb8,0,1,1,1,0,0,0,0,0,0,0,0,98,9.86395263671875
006cda7fec46a527f9f627f4722a2304,0,0,0,1,0,0,0,0,0,0,0,1,34,38.67205810546875
006fe962f5f7e2c5f527b2e27e28ed6d,0,1,1,0,0,0,0,1,1,1,0,0,69,2.23553466796875
0075ec6503412f21cf65ac5f43d80440,0,0,1,1,0,0,0,0,0,0,0,0,53,16.41326904296875
00768659c1c90409f81dcdecbd270513,0,1,1,0,0,0,0,0,0,0,0,0,100,57.69744873046875
007c6ea0ccfca08d4736e5f459ed274a,0,1,1,1,0,0,0,1,0,0,0,0,29,14.51971435546875
00838b02764e8d37edde39ed18693427,0,0,0,1,0,0,1,0,0,0,0,0,27,34.04656982421875
0084a12f432ef6e47e8b9ff04d8a32b4,0,1,1,1,0,0,0,0,0,0,0,0,28,21.62811279296875
0085bfb9a7ebfd776cb804d8b456bb05,0,1,1,1,0,0,0,0,0,0,0,0,50,15.26580810546875
009367718f506d87cd898ed0310a2392,0,1,1,1,0,0,0,0,0,0,0,0,36,27.56756591796875
0095f81bab3b68a4f70e99f0fcec7b06,0,0,1,1,0,0,0,0,1,0,0,1,15,21.30828857421875
00a1ae8867e0bb89f061679e1cf29e80,0,1,1,0,0,0,1,0,0,0,0,0,52,4.45672607421875
00a1e0c0f89ff89a8f32d42e9025f6b2,0,1,1,1,0,0,0,0,0,0,0,0,40,22.50408935546875
00a6d367daed96f77be6c91db493dfed,0,1,1,0,0,0,0,0,0,0,0,0,29,14.93133544921875
00b151a572c9aabedf8cfce0fa18be25,0,0,1,1,0,0,0,0,0,0,0,1,21,8.62615966796875
00c7b596627da7425b624d6b16c88a25,0,1,1,1,0,0,0,0,0,0,0,0,34,51.53436279296875
00d1cb2ec8b263ae076ff95cae513a88,0,1,1,1,0,0,0,0,0,0,0,0,31,24.56317138671875
00d560ebe5e1b2450eb530a2c96d08a3,0,1,1,1,0,0,1,0,0,0,0,0,67,8.76385498046875
00ddc7582953fb2c862e751e2b5d45f0,0,1,1,1,0,0,1,0,0,0,0,0,54,26.94500732421875
00df0a668441b10869f4372fd15c14f5,0,0,0,1,0,0,0,0,0,0,0,0,69,20.30535888671875
00dff6959ce41208a9e0528744162332,0,1,1,1,0,0,0,0,0,1,0,0,30,27.26385498046875
00e75416298ca240f7746181ee196600,0,1,1,1,0,0,1,0,0,0,0,0,29,-4.16192626953125
00e75d192cd4b26798933a817b04ccd9,0,1,1,0,0,0,0,0,0,0,0,0,68,32.27117919921875
00e83013f21b99cd7edb1d4e545f6579,0,0,1,1,0,0,0,0,0,0,0,0,24,13.52801513671875
00eb7cc3d158a6addbcbde1f267d7d15,0,1,1,1,0,0,0,0,0,0,0,0,47,35.41619873046875
00f6f38380bec413074150c18b2828d2,0,0,1,1,0,0,0,0,0,0,0,1,16,36.43572998046875
00fb5be5bf4e956ea4abb99f41c0b9ec,0,1,1,1,0,0,0,0,0,0,0,0,42,9.83123779296875
00fe27dcd1daf42c85365e837415878c,0,1,1,1,0,0,0,0,0,0,0,0,53,13.00994873046875
00ff89af70382e1dede4c7091c454e47,0,1,1,1,0,0,0,0,1,1,0,0,31,7.93670654296875
0117f444e6118619c4f6492cba703177,1,1,1,1,0,0,0,0,0,0,0,0,95,12.08367919921875
012518ff91b2484618693a277c0b07d5,0,1,1,1,0,0,0,0,0,0,0,0,34,0.54705810546875
0126fe11deba78f84fd05cd5f12c5a4b,0,1,1,1,0,0,0,0,0,0,0,0,37,-2.02081298828125
0130f5ec1200e85b4b282a8a14850dbe,0,1,1,1,0,0,0,0,0,0,0,0,46,21.29412841796875
01318357ff47c204f0d5c5a28e4eac77,1,1,1,1,0,0,0,0,0,0,0,0,47,29.21209716796875
01320990ba35993ad92b22f2d2ef039b,0,0,0,0,0,0,0,0,1,0,0,1,62,30.18621826171875
013f86ed0e765b189990d3d5ac28bd7d,0,0,0,1,0,0,1,0,0,0,0,0,100,21.66864013671875
0141dc34ad65d9e3d31a4b767c41438f,0,1,1,1,0,0,0,0,1,0,1,0,13,23.58856201171875
01430d6ae02e79774b651175edd40842,0,1,1,1,0,0,0,1,0,0,1,0,28,31.25213623046875
014af4e2e2154f171c8a0e2d30ebb420,0,0,0,1,0,0,0,0,0,0,0,0,21,19.01873779296875
014b66005f03707d0a0409a1c19ca60c,0,1,1,1,0,0,0,0,0,0,0,0,25,7.69061279296875
0150169aa0d554a63362e3e199fcd8f7,0,1,1,1,0,0,0,0,0,0,0,0,23,29.44403076171875
01523678fb845e0a798879914b54b1f5,0,1,1,0,0,0,1,1,0,0,1,0,25,13.85760498046875
015ce158a63d5d1e127ecc023648f581,0,1,1,1,0,0,0,0,1,0,0,0,28,6.42694091796875
015fc78e0e0e4fcfb63b192ffeb62dd4,0,0,1,1,0,0,0,0,1,1,0,1,40,56.85614013671875
01677db1a9bd1e37386a49cc1d6545a2,0,1,1,1,0,0,0,0,0,0,0,0,33,16.28729248046875
016f00a8a9ea87df5d514a6992b36abe,0,1,1,0,0,0,0,0,0,0,0,0,46,13.02752685546875
016fc6ee1d3fde99bd642299384fcb04,0,0,1,1,0,0,0,0,1,1,0,1,30,38.80584716796875
0177251abec5b1102cbfa0758e1fa8ee,0,0,0,1,0,1,0,0,0,0,0,0,15,11.47283935546875
0185e6b6800c2af68dc1e055d91517be,0,0,0,1,0,0,0,0,0,0,0,0,27,23.05389404296875
01908e0e2d05518e6f37398f7d8f9c11,0,1,1,1,0,0,0,0,0,0,0,0,32,17.11541748046875
019211a7207432cc8229f19979b9df5d,0,1,1,1,0,0,0,0,0,0,0,0,17,10.32733154296875
019e7f286c9a3bd4d5a66b662b9465ee,0,0,0,1,0,0,0,0,0,0,0,0,82,15.28729248046875
01a4d7b6a0aec61f115ba3407ac3cb38,0,0,1,1,0,0,0,0,1,1,0,0,35,1.87908935546875
01a53ec12b1136eda19200c87c7ce206,0,0,0,1,0,0,0,0,0,0,0,1,55,46.82928466796875
01a5427a15d9a398116c92724abb6e16,0,1,1,1,0,0,0,0,0,0,0,0,40,14.15057373046875
01b50a31cb6217bf25fad8fb21815ae2,0,1,1,1,0,0,0,0,0,0,0,0,21,7.21307373046875
01b650d14149c5da9043a553a078bfb0,0,1,1,1,0,0,0,0,1,0,0,0,31,25.53289794921875
01b7f452c4838f620ded2c7f67438e94,0,1,1,1,0,0,0,0,1,1,0,0,58,16.29315185546875
01bc69de38798826e0164058e775201a,0,1,1,1,0,0,0,0,0,0,0,0,50,10.00018310546875
01c029f3190009bf8a48a7b187d4dd9e,0,1,1,1,0,0,0,0,1,1,0,0,53,17.86492919921875
01c34389fe155aea3503c914f29881fb,0,1,1,1,0,0,0,0,0,0,0,0,19,21.29461669921875
01d3b1337b973c204125f409286d8e54,1,1,1,1,0,0,0,0,0,0,1,0,26,19.63299560546875
01e46cec0d4c2d3131ea0a46633d7d74,0,1,1,1,0,0,1,1,1,1,1,0,41,25.01678466796875
01e7a793ecf80d675f472d45ea7c7c3e,0,0,1,1,1,0,0,0,0,0,0,1,55,22.96844482421875
020413ca0cf070c60d63409f5100993a,0,1,1,1,0,0,0,0,0,0,0,0,32,18.20379638671875
02109ed7dc393b266b46f0de91ef4f2a,0,0,1,1,0,0,0,0,0,0,1,1,22,44.61346435546875
02205556525c9c12b34d9a00259519cb,0,1,1,1,0,1,0,0,1,0,0,0,23,23.72381591796875
0221f66230142bd45cbeb77b3cf1b4c9,0,1,1,1,0,0,0,0,0,0,0,0,39,13.67205810546875
0223b44b4998dd781dcc7d747489794e,0,0,1,1,0,0,0,0,0,0,0,0,42,19.80242919921875
023d98cfe386a7f75d6c112c3aedc0ae,0,1,1,1,0,0,0,0,1,1,0,0,57,9.98602294921875
023e9c4a27815c9987e591e5e52ab291,0,1,1,0,0,0,0,0,0,0,0,0,50,29.29266357421875
0254f54b148543442373d5aad45b2d1a,0,1,1,1,0,0,0,0,0,0,0,0,100,7.86346435546875
0255e40c9fae62a35c1943c4463ca6ad,0,1,1,1,0,0,1,0,0,0,0,0,31,4.29803466796875
02581632f146cccfcfc93005ef5f907e,0,0,1,0,0,0,0,0,1,1,0,0,38,12.61346435546875
02585d6ff78871e7a5eb86ab620bbd0e,0,0,1,1,0,0,0,0,0,0,0,1,51,19.05682373046875
02715d2f51385785febaccc52b7138b7,0,1,1,1,0,0,0,0,0,0,0,0,19,11.98162841796875
027a909fd3bc802f80646e92f8fdcd50,0,1,1,1,0,0,0,0,1,1,0,0,34,9.47479248046875
027dcc5f09ddf1347168e6637decb24c,0,1,1,1,0,0,1,0,0,0,0,0,39,12.44061279296875
028d7652721dfd8643af1c9b21603af0,0,1,1,1,0,0,0,0,0,1,1,0,41,15.23114013671875
029141b506deb62d9c9e30cb52c952c4,0,1,1,1,0,0,0,0,0,0,0,0,60,33.17108154296875
029eb81eec4951bf0919743a0fdc3ebc,0,1,1,1,0,0,1,0,0,0,0,0,41,0.62713623046875
02a5a6417e5eb9694203e348741f76d0,0,1,1,1,0,0,0,0,0,0,0,0,49,3.83123779296875
02b40c9bb4aa551021c925e8f301f879,0,1,1,1,0,0,0,0,0,0,0,0,41,37.04364013671875
02b65b9132cd726756a300a4dd3ecd4a,0,1,1,1,0,0,0,0,1,1,0,0,14,9.20135498046875
02c494a328763f5ec1c8ea61cf86f92c,0,0,1,1,0,0,0,0,1,0,0,0,19,44.21112060546875
02c63ef79c250f67aa845d36d38484c1,0,0,1,1,0,0,1,0,0,0,0,0,75,18.09490966796875
02c91a9f0d7a8c0f58a51d52d158ac50,0,1,1,1,0,1,0,0,0,0,0,0,43,23.33807373046875
02ce34db83f5c87bc7a31de6146f15b1,0,1,1,1,0,0,0,0,0,0,0,0,31,0.09344482421875
02d1b5d5a0910d3d093a12137548da15,0,1,1,1,0,0,0,0,0,0,0,0,88,14.35028076171875
02d708c42c3544e702f7d3a431d5b320,0,0,0,1,0,0,0,0,0,0,0,1,14,25.16912841796875
02df15ac385bf43109f3884c49612e62,0,1,1,1,0,0,0,0,0,0,0,0,94,34.16961669921875
02eaa2451e7022bc23156b68ecced4a2,0,1,1,1,0,0,0,0,0,0,0,0,33,21.38787841796875
02f2a34e566b60159bff8bda8e07f863,0,1,1,1,0,0,0,0,0,0,0,0,30,7.47039794921875
02f7bdd5745b91089029fa6826bb2288,0,1,1,1,0,0,0,0,0,0,0,0,91,17.86785888671875
0301717e95a03a33d3dcd427eca8757a,0,1,1,1,0,0,0,0,0,0,0,0,57,28.37030029296875
03037d786fb0c392410d2d031ec3bc40,0,0,0,0,0,0,1,0,0,0,0,0,30,49.87225341796875
03061e5075bde4995adf6cbf189b0901,0,1,1,1,0,0,0,0,1,0,0,0,4,11.28631591796875
030f610d267d5074615ab41d34f5a6f2,0,1,1,0,0,0,0,1,0,0,0,0,47,18.36834716796875
0337f2ce81eef33554ccabb17e2d8992,0,1,1,1,0,0,0,0,1,1,0,0,45,17.11785888671875
0344e33e02cead400d41da3b881a2920,0,1,1,1,0,1,0,0,0,0,0,0,32,11.27899169921875
03554d9a741249d07e4551fc2d4712a2,0,1,1,1,0,0,0,0,0,0,0,0,25,20.51287841796875
0362d5f206bcd7a1e04402c101572ccd,0,1,1,1,0,0,0,0,1,1,1,0,15,0.09588623046875
0365920c849af714930d75e7727c5165,0,1,1,1,0,1,0,0,0,0,0,0,46,21.27557373046875
03683727667e2c32eef824efd54bf21d,0,0,1,1,0,0,0,0,0,1,0,0,21,20.85272216796875
036a9984c03ac4b61664832560074c7a,0,1,1,1,0,0,0,0,0,0,0,0,35,8.61639404296875
0372461ee0ea70d5e916da7fe78fedef,0,1,1,1,0,0,1,0,0,0,0,0,30,14.05975341796875
037e47319c0298f97fe301acabd1e4dd,0,1,1,1,0,0,0,0,0,0,0,0,23,10.76043701171875
0381ad0a8c479d86032d2b80838dbfdd,0,1,1,1,0,0,0,0,0,0,0,0,32,15.98309326171875
0388dd1c1d6aad04c448a470af4b3790,0,1,1,1,0,1,0,0,0,1,1,0,43,20.49285888671875
038c7c8e925037b23da8711b5621104e,0,0,0,1,0,0,0,0,0,0,0,0,42,14.51727294921875
038dcf0921e7ca7555a5b8e06b5deb29,0,1,1,1,0,0,0,0,0,0,0,0,3,29.31463623046875
03940f7c2354884d7ccd1e27bc54b31a,0,1,1,1,0,0,1,0,0,0,1,0,32,8.86932373046875
03a020c7b36cd8572c92da83b6e4f27b,0,1,1,1,0,1,0,0,0,0,0,0,75,13.88983154296875
03bf614bc238fdac0d612cdd149b14fa,0,1,1,1,0,1,0,1,0,1,1,0,54,15.53875732421875
03bfbe6d31c6c3ac48e726d2a9024e28,0,1,1,1,0,0,0,0,0,0,0,0,31,38.21063232421875
03cc3bf8d70b4c82d026fa111c4fadea,1,1,1,1,0,0,0,0,0,0,0,0,23,8.54412841796875
03d375014d1a35e972dbc3d92413df46,0,1,1,1,0,0,0,0,0,0,0,0,49,24.38104248046875
03d82e64d1b4d99f457259f03ebe604d,1,1,1,1,0,0,0,0,0,0,0,0,38,15.42938232421875
03de1332aa87cf890cacd8107341de97,0,1,1,0,0,0,1,0,0,0,0,0,23,18.32879638671875
03e6217d0b35a021c6150429991acccd,0,1,1,1,0,0,0,0,1,1,0,0,22,11.51336669921875
03ebff6d254041b93adfc089d8837ef8,0,1,1,1,0,0,0,1,0,0,1,0,53,13.66424560546875
03ee2812ae36a55469b19f8e3e82b96a,0,0,1,1,0,0,1,0,1,1,0,1,39,11.88690185546875
03f9353072191f8877825f0c7eefbea7,0,0,1,0,0,0,0,0,0,0,0,1,50,21.92547607421875
03ff21c454ace450612b0bef3b0563eb,0,1,1,1,0,0,0,0,0,0,0,0,35,29.04022216796875
0411d13394490978d20076b38d438313,0,1,1,1,0,0,0,0,1,0,0,0,36,25.75115966796875
04130a179c58ea747262f5227d66491b,0,0,1,1,0,0,0,0,0,0,0,0,89,43.25897216796875
041ee4cf8f75b1a00e45f37001eedb52,0,0,1,1,0,0,0,0,0,0,0,1,31,42.39764404296875
041f41a9645a19b8de619f97d9a0f509,0,1,1,1,0,0,0,0,0,0,0,0,19,23.86785888671875
04201c5191c3b980ae307b20113c8853,0,1,1,1,0,0,0,0,0,0,0,0,57,13.82635498046875
042111bf9b2424b180c977bfa5c3e554,0,0,0,0,0,0,0,0,1,1,0,0,48,26.90985107421875
0422cd506773b78a6f19416c98952407,0,1,0,1,0,0,0,0,0,0,0,0,12,8.19989013671875
04277ac6ea7fc7e417e5d246ab08b488,0,1,1,1,0,0,0,0,0,0,0,0,21,25.73358154296875
042f1c2a781314910b5e241a1ece6700,0,0,0,1,0,0,0,0,0,0,0,0,34,15.54510498046875
043425b67ed8923e9b10aa8cd9e177fc,0,1,1,1,0,0,0,0,0,0,0,0,2,11.44989013671875
04401eb40ba1e016aaecb5e0958ff1ab,0,1,1,0,0,0,0,1,0,0,0,0,35,18.65155029296875
0447b561b9463484ade679541a932fe5,0,1,1,1,0,0,0,0,0,0,0,0,38,18.60076904296875
044b6613a9a3cd73b06029e197337816,0,1,1,1,0,0,0,0,0,0,0,0,29,29.82977294921875
0459c7b9aa888f5dc08f62b7925e9cff,0,1,1,0,0,0,1,0,1,1,0,0,41,28.81414794921875
046622d8420ea96d3d3be00746cd893c,0,1,1,1,0,0,0,0,0,0,0,0,35,13.92889404296875
0466b91813e18fde62f5224ea05c67a1,0,0,1,1,0,0,0,0,0,0,0,0,20,8.91717529296875
046d156532ddc82dd2e95a7cb624fd7d,0,1,1,1,0,0,0,0,0,0,0,0,45,16.24383544921875
046d3fb0560082412a5fc52cd694eb34,0,0,1,1,0,0,0,0,0,0,0,0,2,12.02313232421875
04719a161572a4f9f9a1252d0e2eb24c,0,1,1,1,0,0,0,0,0,0,0,0,22,11.22381591796875
047a81a2d5baa5d7526f582fd7bd4805,0,1,1,0,0,0,0,0,0,0,0,0,61,28.59490966796875
0482f3dfcdf483fd16be27d8531f6ed2,0,1,1,0,0,0,0,1,0,0,1,0,31,20.73602294921875
0486493ba347db5362e75d544ba372d2,0,1,1,1,0,0,0,0,0,0,0,0,55,33.11444091796875
048e1c5c4c2a7b38a28f221bf8c28519,0,1,1,1,0,1,0,0,0,0,0,0,52,24.49725341796875
04972a41160900f96fd5aae6925ad0ab,0,0,0,1,0,0,1,0,0,0,0,0,41,5.13250732421875
04a547d636ce6f9a7b002868da29882a,0,1,1,1,0,0,0,0,1,1,0,0,28,26.66131591796875
04a56ab3b8d899eba636bd9b1a4b42dd,0,0,0,1,0,1,1,0,0,0,0,0,71,20.40496826171875
04aa245fb95ca9469563e71a5fe16950,0,1,1,1,0,0,0,0,1,1,0,0,18,0.83416748046875
04b8c9a48d06bd97387cc51aca3e010d,0,0,0,1,0,0,0,0,0,0,0,1,37,13.35809326171875
04bf5c88ffbddc20c4b5f41072310dfd,0,0,0,1,0,0,0,0,0,0,0,0,13,13.38494873046875
04c1a42501b40e0513d41f7a5a268ebe,0,0,0,1,0,0,0,0,0,0,0,0,35,13.90838623046875
04c629bca0882555f0c21011f449d5ae,0,1,1,1,0,0,0,0,1,1,0,0,36,13.40643310546875
04c7819455dc899fdcc11e0d4eb2d875,1,1,1,1,0,0,0,0,0,0,0,0,23,2.91668701171875
04d203922a8c5db8f75188683017a352,0,1,1,1,0,0,0,0,0,0,0,0,40,4.80584716796875
04d63711465c5f95e31720af422e326f,0,1,1,1,0,0,0,0,0,0,0,0,16,8.33953857421875
04d6584c30cfead253f01f326f214112,0,1,1,1,0,0,1,0,0,0,0,0,28,16.51483154296875
04da7e561eb86d14d1e96f108e1100d7,1,1,1,1,0,0,0,0,0,0,0,0,23,-0.70880126953125
04dc0eb367365366aa5403f4c908784e,0,0,1,1,0,0,0,0,0,0,0,0,62,28.39031982421875
04e7c6e038547136091b5e947fb8a672,0,1,1,1,0,0,0,0,1,0,0,0,29,9.55096435546875
04e982d21834981fea72716f2ca6fd56,0,0,0,1,0,0,0,0,0,0,0,0,15,10.29412841796875
04ebc0325d5dee6f49e4cd3dea1b3839,0,1,1,1,0,1,0,0,0,0,0,0,39,30.74676513671875
04f346df5c8285784504ea4ca6576684,0,1,1,1,0,0,0,0,0,0,0,0,46,22.79656982421875
04f417b8b6f75af6bdf75251d88b3beb,0,1,1,1,0,0,0,0,0,0,0,0,97,51.25994873046875
04fe49d146ec99a21215995c39c8a3a2,0,0,1,1,0,0,0,0,0,0,0,0,34,25.20477294921875
04fef9f129bc6e4b90644d4290fde8c3,0,1,1,1,0,0,0,0,0,0,0,0,100,90.18280029296875
05010a08dc04beffa845696c357676df,0,1,1,1,0,1,0,0,0,0,0,0,43,13.29364013671875
050ab8059a28a24723d621709f4db97c,0,0,1,1,0,0,0,0,0,0,0,0,54,19.83416748046875
05193d7da3cb8be5e524d753c73e603b,0,1,1,1,0,0,0,0,0,0,0,0,32,27.20819091796875
052290b91828524aa34bb2c05079bb33,0,1,1,1,0,0,0,0,0,0,0,0,63,40.73065185546875
05245393ccd83f20fda8e846c583c83b,0,1,1,1,0,0,0,0,0,1,0,0,39,30.13299560546875
05257f67e216eaf0aa65f67e86e26640,0,1,1,1,0,0,0,0,0,0,0,0,24,11.05340576171875
053684ba5b25535ea1adad38c50cfe16,0,0,1,1,0,0,1,0,0,0,0,0,29,13.31707763671875
053d215699033aa37c5238412eb079d0,0,1,1,1,0,0,0,0,0,0,0,0,7,27.60955810546875
054712fd5f0bd399ee7a3efbc5750f5e,0,1,1,1,0,0,0,0,0,0,0,0,23,27.87615966796875
0547dcc180746ae58fe974cca0be9c9c,0,1,1,1,0,0,0,0,0,0,0,0,30,12.88934326171875
05489cc21e9be8183f0a26aa1824abac,0,1,1,1,0,0,0,0,0,0,0,0,79,32.36102294921875
054922c07086bb8af4e3775e2fd166c3,0,1,1,1,0,0,0,0,0,0,0,0,17,21.27947998046875
054cef9194f1a4513dc0965893b589bf,0,0,0,1,0,0,0,0,0,0,0,0,2,1.20330810546875
056856aa5408b54049810e88cf94fa8c,0,1,1,1,0,0,0,0,0,0,0,0,40,48.71453857421875
056bad3e5c3de7c9b7182cdc8a36ea32,0,1,1,1,0,0,0,0,1,1,0,0,20,29.84930419921875
057002edc16aadc40f84c2901ba545e0,0,1,1,1,0,0,0,0,0,0,0,0,17,6.62664794921875
0572a9081b88001e50f87ba2a3f0e2ba,0,1,1,1,0,0,0,0,1,0,0,0,33,21.72869873046875
057d4052b71c4698f524c33406704845,0,0,1,1,0,0,0,0,0,0,0,0,26,13.65252685546875
057fef6d73c53a8d496d3d94189affb6,0,1,1,1,0,0,1,0,0,0,0,0,31,55.53143310546875
058164de58ae336c7f9f71406c286809,0,1,1,1,0,0,0,0,0,0,1,0,32,24.34881591796875
0595671059655b1b769b72e54ae6edc1,0,1,1,1,0,0,0,1,1,1,1,0,33,7.29168701171875
059806fc76cbc082724c3314e2023491,0,0,1,1,0,0,0,0,0,0,0,1,50,19.36883544921875
059ce34d757095370e920743b60080b6,0,1,1,1,0,1,0,0,0,0,0,0,11,19.30389404296875
059e62827e9d93274b744bff6f0219ef,0,1,1,0,0,0,1,0,0,0,0,0,56,9.64910888671875
05a0108d13f201f03a6be91eb1ef015d,0,1,1,1,0,0,0,0,0,0,0,0,30,12.93865966796875
05a13ce91dcd00be196c448857f2ef34,0,0,0,0,0,0,0,0,0,0,0,0,22,17.52655029296875
05a29b13c5a73d51e882c759916c74d6,0,1,1,1,0,0,0,1,0,1,1,0,10,11.38787841796875
05a41be81c0d99ed4c8c10dd83a3ab76,0,1,1,1,0,0,0,0,0,0,0,0,26,25.94647216796875
05b83f3350965c8bf1f0f8144bd3626d,0,1,1,1,0,0,0,0,1,1,0,0,65,26.51385498046875
05c23d6c30f8d0b5534f7a9884a2c868,0,1,1,1,0,0,0,0,0,0,0,0,26,27.19451904296875
05c53847aabe5d1f0fcedfbefb506242,0,1,1,1,0,0,0,0,1,0,0,0,27,28.53631591796875
05cb28ac5d7cc211a51ebe1d925d175d,0,1,1,1,0,0,0,0,1,1,0,0,46,9.74139404296875
05e892df5b8cbb4f67068aeacff1c95d,0,1,1,1,0,0,0,0,0,0,0,0,16,-4.45489501953125
05eb59c0af90bc6b419af2a506804537,0,0,1,1,0,0,0,0,0,0,0,0,8,15.63787841796875
06056c036db13114e7d665fe45cb58f8,1,1,1,1,0,0,0,0,0,0,0,0,32,14.18035888671875
0609532bb4a5b24db33707ff9fe100e1,0,1,1,1,0,0,0,0,1,1,1,0,42,12.75457763671875
06181a32a8913488017089dd3a934938,0,1,1,1,0,1,0,0,0,0,0,0,33,19.86785888671875
0619e427cb197dab34cc0cfbd7f96653,0,0,1,1,0,0,0,0,0,0,0,0,50,20.64666748046875
061acf6734b1c2a8e42e5a530ec8e6c4,0,1,1,1,0,0,0,0,0,0,0,0,23,9.55389404296875
061cfc0c9ade8e2ff723a29ba8183e7d,0,1,1,1,0,0,0,0,0,0,0,0,62,-2.49639892578125
0621169e2b2f2a7f051edd692f05a25a,0,0,1,0,0,0,0,0,0,0,0,0,12,22.26580810546875
063b049838815c800a8355a73ecb9d52,0,1,1,0,0,0,0,0,0,0,0,0,54,16.75994873046875
063bbea2ec0aa59ff248f96bde9d0d4d,0,0,0,1,0,1,0,0,0,0,0,0,24,15.02947998046875
063c62c2be5f2f7abfc5e2ff5ba014ab,0,0,0,1,0,1,0,0,1,0,0,0,27,28.91082763671875
063d79b149f4d163eae86f777a39a42f,0,0,1,1,0,0,0,0,0,0,0,1,100,34.67303466796875
064205d339c2a831faeff258f92b3c76,0,1,1,1,0,0,0,0,0,0,0,0,33,36.02752685546875
06453783081e3e7db3b8ddd73ff78d58,0,1,1,1,0,0,0,0,1,0,0,0,32,21.68182373046875
06581f7f85666b267020ad85fd0241f9,1,1,1,1,0,0,0,0,0,0,0,0,2,21.39324951171875
065fc0e5845e3dea9255d657972af9b9,0,1,1,0,0,0,0,0,0,0,0,0,41,3.17694091796875
0660c1acc82041f8ef83cd4af5335401,0,1,1,1,0,0,0,0,0,0,0,0,46,44.02459716796875
06663a108456ffc23b983cdc783d9bd5,1,1,1,1,0,0,0,0,0,0,0,0,19,5.02606201171875
06680d201ae110be39617fc7b6ee53c4,1,0,0,1,0,0,0,0,0,0,0,0,41,18.71942138671875
06738f64265a7371bd0788fbfd95b510,0,0,0,1,0,0,0,0,0,1,0,0,38,21.78826904296875
067b8b8bf179c8e867d6cf34bab2b6ca,0,0,1,1,0,0,0,0,0,0,0,1,41,25.70770263671875
067cc48f05c2b6107dbdf7df6cade80f,0,0,0,1,0,0,1,0,0,0,0,0,3,15.82440185546875
067df35014f4682328cc7b1a6ded9a4f,0,1,1,0,0,0,1,0,0,0,0,0,61,9.97088623046875
0686748a486e9382765071092b36e5db,0,0,0,1,0,0,0,0,0,0,0,0,75,41.40203857421875
068c16d366fa80da754fc14932f4811e,0,0,1,1,0,1,0,0,0,0,0,1,30,18.80780029296875
0691472b252814744429e105859bc65c,0,0,1,1,0,0,0,0,0,0,0,1,33,32.51922607421875
0692cfeb94cbd436b2de36126352e20b,0,0,0,1,0,0,0,0,0,0,0,0,31,18.98065185546875
069fcf0f3237285346714ed7369512b4,0,1,1,1,0,0,0,0,0,0,0,0,13,16.53143310546875
06a6c682c8042ba462bbb4cd2305bcbd,0,1,1,1,0,0,0,0,0,0,0,0,5,4.43670654296875
06b3938ca2613fda6adc3278c23fcec5,0,1,1,1,0,1,0,0,0,0,0,0,40,58.29803466796875
06bb9119b8c0c60908b941ceaa0047c4,0,1,1,1,0,0,0,0,0,0,0,0,37,6.66033935546875
06c0618b3162412231114d00ac612216,0,0,1,0,0,0,0,0,0,0,0,0,21,11.27362060546875
06c6888fb45d558cae1330f3e106c745,0,1,1,1,0,0,1,0,0,0,0,0,48,20.56854248046875
06d012d88c978f3eb5f4a1dcdc6a37e8,0,0,0,1,0,0,0,0,0,0,0,0,25,18.98846435546875
06d430b9c93948d2e14de2e02bdeefa4,0,1,1,0,0,0,1,1,0,0,1,0,34,32.03436279296875
06d7d9cb8db431ee58b8832646a7ca82,0,0,0,1,0,0,0,0,1,0,0,0,16,23.31268310546875
06e3d38445f1cd6284ab6bc92720bc12,0,1,1,1,0,0,0,0,0,0,0,0,27,7.37420654296875
06e5f8be9f3cfafa4221c86cbfdb6438,0,1,1,0,0,0,0,0,0,0,0,0,56,9.88201904296875
06e60e1a6ef55fdabc2453d5d8be4235,0,1,1,0,0,0,1,0,0,0,0,0,42,18.46258544921875
06e6ac54d41071a5f55fc57ba28e8ce5,0,1,1,1,0,0,0,0,0,0,0,0,52,10.33416748046875
06e91bb1bb5bab072db4b70d98a7712e,0,1,1,1,0,0,0,0,0,1,0,0,51,15.93280029296875
06f5a4df7ce8c3090f63e8591b524152,0,1,1,1,0,0,1,1,1,1,0,0,80,24.67889404296875
06fe376203924ad99791c7fbc6403a14,0,1,1,1,0,0,0,0,0,0,0,0,16,6.31463623046875
0702f7ac7995a1ae1affcd70fa0bad2e,0,1,1,1,0,0,0,0,0,0,0,0,56,4.14129638671875
07032137f9f2fb98136e0862938f54a7,0,1,1,1,0,0,0,0,0,0,0,0,31,19.05535888671875
07096004147d3b7f70fdd5f16cf09834,0,1,1,0,0,0,0,0,0,0,0,0,21,11.44940185546875
070c6c57099032e163d22e7000c5e6e0,0,1,1,1,0,1,0,0,0,0,0,0,31,8.09149169921875
07211a2f0a6fb61b87a5e8f9d6daefa2,0,1,1,0,0,0,1,0,0,0,0,0,29,28.50213623046875
072982b5a4a4427046722f1e48ffef97,0,1,1,1,0,0,1,1,0,0,0,0,20,7.74285888671875
07305d3af8b61f21a0ff5e42f2101f9d,0,0,1,1,0,0,0,0,1,0,0,0,34,14.94354248046875
0754b1be915ca4e86ee14eb193f8bc01,0,1,1,1,0,0,0,0,0,0,0,0,38,41.67352294921875
0756b643f939c2c25ee49ef614bba2a5,0,1,1,1,0,0,0,0,0,0,0,0,30,15.74334716796875
075d0e47ff8e23dbec02b32a26c5fc78,0,0,1,1,0,0,0,0,0,0,0,1,24,28.50311279296875
075fb8a1c0f70523b122352598dc246e,0,1,1,1,0,0,0,0,0,0,0,0,100,7.43768310546875
076486fed936d9fe5bdc24112410d07b,0,1,1,1,0,0,0,0,1,1,0,0,88,27.65008544921875
0766dfe42debacb14af1bfdb6e955e47,0,1,1,1,0,0,0,0,1,0,0,0,34,14.16473388671875
077076eefc3ce5f5ac30770ea3bb6927,0,1,1,1,0,0,0,0,0,0,0,0,52,40.86395263671875
077526aac3efbe2a60b625d180e7517c,0,1,1,1,0,0,0,0,0,0,0,0,35,14.18768310546875
0779105e3783ae13701490e973aaacdf,0,1,1,1,0,1,0,0,0,0,0,0,28,8.87518310546875
077a2081f148f43dd3232dc579ec2baa,0,0,1,1,0,0,0,0,0,0,0,1,35,22.26434326171875
077abdabd20b80ff9afee6cee33ccbba,0,1,1,1,0,1,0,0,0,0,0,0,22,13.34100341796875
0791b8654b2d3e93879e01a004f4efc2,0,1,1,0,0,0,0,0,0,0,0,0,35,14.92303466796875
07a0e04648dfea375f63faa9dff4351b,0,1,1,0,0,0,0,0,0,0,0,0,34,19.39764404296875
07a8050039ba27185cfdbfba00206ce7,0,0,0,1,0,0,0,0,0,0,0,0,27,10.03094482421875
07a9902490070d7cd203b698c782ed72,0,0,1,1,0,0,0,0,1,0,0,0,59,18.18328857421875
07b9423f18c60078d1cd3e3b73fa994c,0,1,1,1,0,0,0,0,0,0,0,0,24,4.99627685546875
07bbeeeaf12a7d1244e7e21946e0202d,0,1,1,1,0,0,0,0,0,0,0,0,29,29.39569091796875
07c44d9a0a877e8783bb682f25625fd2,0,1,1,0,0,1,0,1,0,0,1,0,15,23.12762451171875
07c58f193424517a7c4e1279e09b8c0c,0,1,1,1,0,0,0,0,0,0,0,0,5,17.93670654296875
07c8b381214c2ad869a345a6755d852a,0,1,1,1,0,0,0,0,0,0,1,0,28,22.56365966796875
07cb957b2ff279bbd17c49fe5f8b1d63,0,1,1,1,0,0,0,0,1,1,0,0,9,17.46258544921875
07d0c3bae175851f3dd3ebae8c0e1d6e,0,0,0,1,0,0,0,0,0,0,0,0,87,28.89666748046875
07d2c88f20eed475fad105be6691f7bc,1,1,1,1,0,0,0,0,0,0,0,0,39,17.50799560546875
07d7a049edcc636e91cd461cbd762234,0,1,1,1,0,1,0,0,1,1,0,0,60,16.35028076171875
07df2feb88882f2e240306c763d15f26,0,1,1,1,0,0,0,0,0,0,0,0,15,12.64666748046875
07e28cf121bb3b8fac0451840cbc8be2,0,1,1,1,0,0,0,0,1,0,0,0,53,6.22430419921875
07e679e042a4c032a97ecf7fa412786f,0,1,1,0,0,0,0,0,0,0,0,0,44,26.27117919921875
07e9aff5978d5c2d2ca73e4e64ba6875,0,1,1,0,0,0,0,0,0,0,0,0,13,25.98406982421875
07ec97ea020a02efa5bf50725fd6f313,0,0,0,1,0,0,0,0,1,0,0,0,40,20.71307373046875
07ecb94b1dce32cf47d1e94a3c85ee7b,0,1,1,1,0,0,0,0,0,0,0,0,16,10.00408935546875
07ed3551e1cdc7ccf14990420e112032,0,1,1,1,0,0,0,0,0,0,0,0,21,18.79266357421875
07feb8724b37df6c900d009ee2cb84df,0,1,1,1,0,0,1,0,0,0,0,0,27,24.01239013671875
080352f418e3e66996d59ac3ecedb358,0,0,1,1,0,0,1,0,0,0,0,0,28,33.12176513671875
080a75224193086a344436190900037e,0,1,1,1,0,0,0,0,1,1,0,0,53,3.89715576171875
0811fb6bcb76c8528c76ff698b853c66,0,1,1,1,0,0,0,0,0,0,0,0,53,3.73260498046875
081214293debd7945ec8ba279b3b1a89,0,1,1,1,0,0,0,0,0,0,0,0,54,9.42401123046875
083d98afe49156aaa40300792afece7a,0,0,1,1,0,0,0,0,0,0,0,1,27,16.69012451171875
08440f8c2c040cf2941687de6dc5462f,0,1,1,0,0,0,0,1,0,0,1,0,28,11.46502685546875
08447e4868845dd8c4dfc2f8ec2bd1cc,0,1,1,1,0,0,0,0,0,0,0,0,21,27.40692138671875
08451695f118010b1b28e9d01d4a92a5,0,1,1,1,0,0,0,0,0,0,0,0,25,10.34490966796875
08480198c995a807ae65f72f9005a590,0,0,0,1,0,0,0,0,0,0,0,0,37,17.64910888671875
0848b1e57c0e33bfbfba4a5c37fb00c6,0,1,1,1,0,0,0,0,1,1,0,0,62,50.76873779296875
085dab88cb0ad4672ba4782050696ef6,0,1,1,1,0,0,0,0,0,0,0,0,92,28.22088623046875
08676b963c016c0044c1140ef1c31a17,0,0,1,1,0,0,0,0,0,0,0,0,6,17.39862060546875
0879c1719a68bdaa500cb99e52f062bc,0,0,0,1,0,0,0,0,0,0,0,0,24,15.91522216796875
087ba4252731b2db51a09c5b525be859,0,1,1,1,0,0,0,1,0,0,1,0,42,25.50067138671875
087cdaba04e3aa0c05f1f5798cc39af8,0,1,1,1,0,0,0,1,0,0,1,0,34,11.54119873046875
0884f4d016190eddd64e22ad0828bf67,0,1,1,1,0,0,0,0,0,0,0,0,49,13.40447998046875
088578bd984198cf7c03e45166db41b6,0,0,1,1,0,0,0,0,0,0,0,0,18,26.45135498046875
0886eb642f3fe20891b06e090652e6f3,0,1,1,1,0,0,0,0,0,0,0,0,36,8.55194091796875
088c4b0f49ecb1751e43bf18af4d1659,0,1,1,1,0,0,0,0,0,0,0,0,34,6.24822998046875
089377db10e0e891c4dd8c318abee00a,0,0,0,1,0,0,0,0,0,0,0,0,92,9.59979248046875
0894d67c3ae05540f38e2597e7cbfc43,0,1,1,1,0,0,0,1,0,0,1,0,34,11.99334716796875
089772a6b7fe8ebbedffe6f8eff634c8,0,1,1,1,0,0,0,0,0,0,0,0,73,16.05682373046875
089f02b448616c8793c2341976e543bd,0,1,1,0,0,0,1,0,0,0,0,0,62,11.80682373046875
08a94d646edd3bb81a7c7eb09f3218e1,0,0,0,1,0,0,0,0,1,1,0,0,28,18.88983154296875
08c07a78b97da858246aede90a046d0c,0,1,1,1,0,0,0,0,0,0,0,0,26,12.89520263671875
08c3e0831974f24b1c096d2453355924,0,1,0,0,0,0,0,0,0,0,0,0,25,7.48992919921875
08ca562cbb5adf7fac9bb6f3cc365599,0,1,1,1,0,0,0,0,1,1,0,0,3,9.61688232421875
08ce774252e822838bf598aa10518a11,0,1,1,1,0,0,0,0,0,0,0,0,100,16.25311279296875
08d23344eab3a229306cea5860583980,0,0,0,1,1,0,0,0,0,0,0,0,26,0.40350341796875
08d88a196a55751b01244ea421f61f85,0,1,1,1,0,0,0,1,0,1,1,0,45,47.73651123046875
08dc304edb45fbdbdf3b1f82f612f4ce,0,1,1,1,0,0,0,0,0,0,0,0,12,13.89959716796875
08ddaebbf1d85b7da9c7244cea4f8291,0,0,1,1,0,0,0,0,0,0,0,0,15,28.19744873046875
08e403961a06f316847cc0b72cb2afba,0,1,1,1,0,0,0,0,0,0,0,0,38,37.32293701171875
08ef3501f7820ed8013a50c1af9dd9b2,0,1,1,1,0,0,0,0,1,1,0,0,45,81.97772216796875
08f523004da4fa95acfec2cc8fb41605,1,1,1,1,0,0,0,0,0,0,0,0,68,18.27655029296875
08fb42f2ab1b661b82bb9e7099f8194a,0,1,1,1,0,0,1,0,0,0,0,0,43,34.78143310546875
08fcba1d775ec91e65db01ea9505d806,0,1,1,1,0,0,0,0,1,1,0,0,26,14.25457763671875
08fe0dfb757d71df28ab994d9fcae7b4,0,1,1,1,0,1,0,1,0,0,1,0,49,49.68084716796875
090523dbd3641cb60d250c6a51edae39,0,1,1,1,0,0,0,0,0,0,0,0,52,36.39617919921875
090b50b814f76b9bd46357566922b329,0,1,1,1,0,0,0,0,1,1,0,0,22,11.32196044921875
091b6ff1c3a591d49fbcbe3f506827bb,0,1,1,0,0,0,1,0,0,0,0,0,35,16.82342529296875
09222e54198bb3fe49cbc13dfd25bbe2,0,0,1,1,0,0,0,0,0,0,0,1,23,14.63690185546875
0929ac0c6cc43ac05e51460e788190a8,0,1,1,1,0,0,0,0,0,0,0,0,23,39.74530029296875
092dcf8fd9479f6cb5d4a13cb0365007,0,0,1,1,0,0,0,0,0,0,0,1,29,35.43719482421875
093152325d04185ad02d288b95cf9183,0,1,1,1,0,0,0,0,0,0,0,0,38,10.50653076171875
093a98eacf91b2ec104fc1da28c60dc3,0,1,1,1,0,0,0,0,0,0,1,0,35,3.76287841796875
093e39680bf4afd8b75a661f4eda3bec,0,1,1,1,0,0,1,0,0,0,0,0,34,1.85614013671875
095453bcb3a0d2e7f6b447f37b2a4978,0,1,1,0,0,0,0,0,1,1,0,0,31,18.01531982421875
09616e366abb53b45d26580aa488d213,0,1,1,1,0,0,0,0,0,0,0,0,50,3.01092529296875
096a89d2fae53fe670318f7f7f44001b,0,1,1,1,0,0,0,0,0,0,0,0,40,24.58660888671875
096f6af40ec40bea0f98ea10ccf6d876,0,1,1,1,0,0,0,0,0,0,0,0,30,13.88934326171875
09776a0a995a946e438f34cb7a62ba1a,0,1,1,1,0,1,0,0,0,0,0,0,3,15.96746826171875
0979e72bf999a368b7e71f855e07ce8e,0,1,1,1,0,0,0,0,0,0,0,0,27,7.66473388671875
097e9cf68529bd30a88686cf38c7aea0,0,1,1,1,0,0,0,0,0,0,0,0,39,25.07147216796875
0990350a52dc309a99d6e634ef1b9326,0,1,1,1,0,0,0,0,0,0,0,0,41,4.79705810546875
0994fafa94d04810ff694a03bdd00f2f,0,1,1,1,0,0,0,0,0,0,0,0,42,27.34979248046875
0995a828c2c9d795ee3a594755ca653d,0,1,1,1,0,0,0,0,0,0,0,0,88,23.52508544921875
0996e0ddcb3244d3aac94b2b55f1bd92,0,1,1,0,0,0,1,0,0,0,0,0,23,40.16717529296875
099a54b54482a23883c852f11ca8231f,0,1,1,1,0,0,0,0,1,1,1,0,23,8.66571044921875
099ca3039b5068de0ae33db0d38e17b4,0,1,1,1,0,0,0,0,0,0,0,0,89,19.25555419921875
09a0fd1a1bccdb58cbabdee3404a0c9e,0,1,1,1,0,0,0,0,1,1,0,0,26,15.62518310546875
09a4ea91c9c54bf50be1d19703f19e6f,1,1,1,1,0,0,0,0,0,0,0,0,40,8.33953857421875
09ae71fc4eda1e0ae05680d1950bc009,0,1,1,1,0,1,0,0,0,0,0,0,26,28.43475341796875
09b1326fdab53bd4dc5d75c376d47f25,0,0,1,1,0,1,0,0,0,0,0,0,51,3.73553466796875
09c303eb9a57759d792682416b87f133,0,0,0,0,0,0,0,0,0,1,0,0,21,15.99578857421875
09c39b7ff1836098a21766396e7897e9,0,1,1,0,0,0,1,1,0,1,1,0,73,29.88494873046875
09d62ff6c5d706fad797b61fedcf4998,0,0,1,1,0,0,0,0,0,0,0,1,42,21.55877685546875
09d87db7be2ddc4ccc8ff3eaa3284977,0,1,1,1,0,0,0,0,0,0,0,0,36,30.44891357421875
09dbd5c77af1a67baf91e56d3e8a93ca,1,1,1,1,0,0,0,0,0,0,0,0,31,-7.95928955078125
09dda313a0e9e92c6b0947a223d6fedb,0,1,1,1,0,0,1,0,0,0,0,0,24,15.30584716796875
09e7427782370bce1589610c3bbaadf2,0,1,1,1,0,0,0,0,0,0,0,0,73,13.92694091796875
09eb37330462d6699bb38af569f4ab8f,0,1,1,0,0,0,0,0,0,0,1,0,24,16.66522216796875
09f4b49020e55cc8f7674dbd79f2a058,0,1,1,1,0,1,0,0,0,0,0,0,32,38.98016357421875
09f5dad002e43ba77b8c1bf461a0ac91,0,1,1,1,0,0,0,0,0,0,0,0,31,9.38592529296875
09f9c8d423d0fe270c4473b2f36d4ac2,0,1,1,0,0,0,0,0,0,0,0,0,23,25.95086669921875
0a0128b4a1127e0b9c047b54bf1468e2,0,0,1,0,0,0,1,1,0,0,1,0,34,2.63983154296875
0a05c55ca864b667d31c80ce2c68d6b3,0,1,1,1,0,0,0,0,0,0,0,0,23,39.84149169921875
0a0634ca15e68ff8715f7495a06abcca,0,1,1,1,0,0,0,0,0,0,0,0,64,25.72430419921875
0a0da090aa9f0342444a7df4dc250c66,0,1,1,1,0,0,0,0,1,1,0,0,26,13.77752685546875
0a0f8edf69eef0639bc2b30ce0cf09d5,0,1,1,1,0,0,0,0,0,0,0,0,24,47.89031982421875
0a12576d99ec278f415c51f47279e89a,0,0,1,1,0,0,0,0,0,0,0,0,50,26.11688232421875
0a179efafacf11d83cea823dfedc773e,1,1,1,1,0,0,0,0,0,0,0,0,24,19.29315185546875
0a21720f1b19b1d3365cb064593e75a2,0,0,0,1,0,0,0,0,0,0,0,0,12,6.05584716796875
0a21bc46d78381dd90cc6ccb504ee064,0,1,1,1,0,0,0,0,0,0,0,0,28,8.63836669921875
0a2efd00d08819dfc88549ad758c122c,0,1,1,1,0,0,0,0,0,0,0,0,21,24.76873779296875
0a31ad2d6c941a39465ab8b813f958c7,0,1,1,1,0,0,0,1,0,0,0,0,45,14.90008544921875
0a36c99df39b5358ec4a3ed558801801,0,1,1,0,0,0,1,0,0,1,0,0,65,17.00701904296875
0a36f2cb29809d48b0976c2f9346c9d8,1,1,1,1,0,0,0,0,0,0,0,0,15,21.02069091796875
0a3d571cec18903dd963639dddf5587d,0,1,1,1,0,0,0,0,0,0,0,0,44,11.42156982421875
0a3ee4eb8d591d0cd5f3206ac0c5acd0,0,0,0,1,0,0,1,0,0,0,0,0,24,9.07635498046875
0a3f1980f32c8656d3bb9ba3143aa060,0,0,1,1,0,0,1,0,0,0,0,1,21,9.82049560546875
0a3faad2084666073e567516f0cc3ae5,0,1,1,1,0,0,0,1,0,0,1,0,100,23.57391357421875
0a420bbb004235d2cd22ca0f068c3ae9,0,1,1,1,0,0,0,0,0,0,0,0,46,4.32440185546875
0a4f658ae77b7e4209e22b79fe1c28cb,0,1,1,0,0,1,0,1,0,0,1,0,67,9.44549560546875
0a4f780f2168637ac740c9cd5d5005af,0,0,0,1,0,0,0,0,0,0,0,0,25,25.60369873046875
0a51fa22c7b84249889d1e157c54c11f,0,0,1,1,0,1,0,0,0,0,0,0,5,21.20721435546875
0a5640593c5e003a0b9c1cda9845deb7,0,0,1,1,0,0,0,0,0,0,0,1,14,44.68719482421875
0a6e521c4ddc0f844f33a8ee04d315a1,0,1,1,1,0,0,0,0,0,1,0,0,22,4.22430419921875
0a951027e96d71954853722222413057,0,1,1,1,0,0,0,0,0,0,0,0,45,27.42547607421875
0a9b051264c2ae80dfa0f879b6307a76,0,1,1,0,0,0,0,1,0,0,0,0,24,19.13299560546875
0a9dcb09505249c3182e57546f622db5,0,1,1,1,0,0,0,0,0,0,0,0,58,19.15399169921875
0aa20c32757cef192e2981aa5f8a6bb4,0,0,0,1,0,0,0,0,0,0,0,0,96,12.29949951171875
0aa52bb302f1e1302bba4327d720d2b3,0,1,1,1,0,0,1,0,0,0,0,0,24,34.60955810546875
0aa83b69ec7307dc14ed1f3edd54dc8e,0,1,1,1,0,0,0,0,0,0,0,0,35,7.73553466796875
0aa9b55eb2facee280cf1c620b5cd460,0,1,1,1,0,0,0,0,0,0,0,0,21,31.63885498046875
0ab198c93bd80ef8e4f33494e3aaf624,0,1,1,1,0,0,0,0,0,0,0,0,35,27.22137451171875
0ab231df4d1985d15bc021d2bce954d4,0,1,1,1,0,0,0,0,0,0,0,0,42,43.74676513671875
0ab849e6a925aeb0bd56f053a0a63db1,0,1,1,1,0,0,0,0,0,0,0,0,49,19.46600341796875
0abaeee2454accbd466333768bc0fb08,0,0,0,0,0,0,1,0,0,0,0,0,36,12.14520263671875
0abb7d875bcb73e99c0ad75d457595d1,0,1,1,1,0,0,0,0,1,1,0,0,54,9.98162841796875
0ac267076dd7fdf6f340d10a6bdd12f0,0,1,1,1,0,0,0,0,0,0,0,0,58,40.28533935546875
0ac560d090c44554684b9f0e34ebad56,0,1,1,1,0,0,0,0,1,1,0,0,83,28.33416748046875
0ad2f505b8106ddda6790c8d1a63557d,0,1,1,1,0,0,0,0,0,0,0,0,31,9.48992919921875
0adbd3eeacf2e8318dc0313a5738543f,0,1,1,1,0,0,0,0,0,0,0,0,29,14.26385498046875
0ae042d4f6c28d5befda1879364b6865,0,1,1,1,0,0,0,0,0,0,0,0,37,56.24871826171875
0ae554192334b6116ecea754ead88ea8,0,1,1,1,0,0,0,0,0,0,0,0,31,9.31756591796875
0ae5dc44eac23418d177f4cd11863aa6,0,1,1,1,0,0,0,0,0,0,0,0,55,19.92401123046875
0af8b33b51a26b287a756807ec6567fd,0,0,1,1,0,0,0,0,0,0,0,0,79,13.41278076171875
0afc9468d4daa9e51608aa60729874ad,0,1,1,1,0,0,0,0,0,0,0,0,62,16.61199951171875
0b00818ca1039dca4dbef003fe28ee34,0,1,1,1,0,0,0,0,0,0,0,0,82,31.91326904296875
0b04f9560a1f429b7c48e049bcaffcca,0,0,0,0,0,0,0,0,0,0,0,1,24,35.68865966796875
0b06f1dc9e5507cc0a4d2e6a150565bf,0,1,1,1,0,1,0,0,0,0,0,0,61,13.32489013671875
0b18956e576fbee611185c9bb37b6c92,0,0,1,0,0,0,1,0,0,0,0,0,31,4.38153076171875
0b283b09d6245e37e7b9e7fa0edf1335,0,0,1,1,0,0,0,0,0,0,0,0,33,28.41815185546875
0b2dfbd2c0368f494a6e5d870eb1ea3a,0,1,1,1,0,0,0,0,0,0,1,0,21,14.34002685546875
0b38108118113e6bee425eadd1d81775,0,1,1,1,0,0,0,0,1,1,0,0,31,7.94061279296875
0b3a1a15404cf275d1dde53b825cd73d,0,1,1,1,0,0,0,0,1,1,0,0,36,14.13201904296875
0b3cc7f08e1681b10e1a4e6c86b4648d,0,1,1,1,0,0,0,0,0,0,0,0,35,19.25848388671875
0b4010df89c3822c88c9176dac6ff27d,0,1,1,1,0,0,0,0,0,0,0,0,25,11.07049560546875
0b4a913c0eb9e8e828db599196258a45,0,1,1,1,0,0,0,0,0,0,0,0,29,30.18231201171875
0b4cb561ee2242a29c0c6fe7dfc29be5,0,0,1,1,0,0,0,0,0,0,0,0,63,16.09881591796875
0b6052c68757d82e241bbb8c290c957d,0,1,1,1,0,0,0,0,1,0,0,0,100,3.37225341796875
0b6b8b4c0d50b49d9ef0b5dc1f0d51d6,0,1,1,1,0,0,0,0,1,0,0,0,37,-0.56524658203125
0b6de5f731b5fb87d02ace019ce1b2ad,0,1,1,1,0,0,1,0,0,0,0,0,21,16.06170654296875
0b76b17c1b19be5aa08c1147eb2d689c,0,1,1,1,0,0,0,0,0,0,0,0,68,12.19451904296875
0b84386bfcc2fbf95b7e6480237233f0,0,1,1,0,1,0,0,1,0,0,0,0,41,25.72186279296875
0b86ec90b55f2d36105d5a3b57599fc0,0,1,1,1,0,0,1,0,0,0,0,0,34,35.52117919921875
0b8bf731a069233d02782cdb316fb5ff,0,1,1,1,0,0,0,0,0,0,0,0,29,16.28533935546875
0b9e1fe6e9b345c11b065f8e16484831,0,0,0,1,0,0,0,0,0,0,0,0,38,15.30194091796875
0ba16cbf3e523fa8fa89bea38b49af17,0,1,1,1,0,0,1,0,0,0,0,0,36,24.57879638671875
0baa6f28fe400d3acfb6d65887c74228,0,1,1,1,0,0,0,0,0,0,0,0,28,16.80047607421875
0bb91a8fb25dc3388ec5987c9a2cce78,0,0,0,1,0,0,0,0,0,0,0,0,40,18.75750732421875
0bba2a5055132b59b7b49705929e47b8,0,1,1,1,0,0,0,1,0,0,1,0,77,28.18524169921875
0bbc9b37b069ef2905312c598913fd8b,0,1,1,0,0,0,0,0,0,0,0,0,18,18.09490966796875
0bc5987e1aa41ca6e1e1da27c987cb24,0,0,0,1,0,0,0,0,0,0,0,0,13,15.69012451171875
0bc818d90f937f1236cd630bf9e79f84,0,1,1,0,0,0,1,0,0,1,0,0,31,29.88885498046875
0bd5374dd7d4b950419b1a8a206e6595,0,1,1,1,0,0,0,0,0,0,0,0,36,7.28143310546875
0bd9e6075097b48bfead66b9b7dbdc5e,0,0,1,1,0,0,0,0,0,1,0,0,42,27.08953857421875
0bdb2730c96fd696b73c1fadb93ed27a,0,1,1,1,0,0,0,0,0,0,0,0,35,24.96063232421875
0be2e41bc97a3dda695a03de95e94bfd,0,1,1,1,0,0,0,0,1,1,0,0,41,18.77752685546875
0be7d6029c31d1c8493ecc0b1132bb87,0,1,1,1,0,0,0,0,0,0,0,0,37,24.28631591796875
0be8c3bd0fd4a52c7bf35cdb278bcaaf,0,1,1,0,0,0,1,0,0,0,0,0,54,31.37322998046875
0bea5f5e0274f3c3e9d621ea5a36fe74,0,1,1,1,0,0,0,0,1,0,0,0,30,25.57196044921875
0bf72e6419607359766952d774c3bd72,0,1,1,1,0,0,0,0,0,0,0,0,100,38.33514404296875
0c00974006039f53c426f22e2d7a4833,0,0,1,1,0,0,0,0,0,1,0,1,25,39.16912841796875
0c0bbb340aff663f177c69c1fbb68cff,0,1,1,1,0,0,0,0,0,0,0,0,25,17.95916748046875
0c143b05b8260c21e4b79fd9900b2faa,0,0,1,1,0,0,0,0,0,0,0,0,55,19.76824951171875
0c282c8a762452f9110e1f88c1ed01a6,0,1,1,0,0,0,1,1,0,0,1,0,3,11.95867919921875
0c2e546faade3a856a45c02670f968d7,0,1,1,1,0,0,1,0,0,0,0,0,37,14.59051513671875
0c34e2537eb1ae977c2db2b8d40a5a90,0,1,1,1,0,0,0,1,0,0,1,0,17,31.87811279296875
0c40b2a4a2176dcf6e456de681dcc481,0,0,1,1,0,0,0,0,0,0,0,0,14,14.51873779296875
0c433fec366ea60d5e68c52caa854a63,0,1,1,1,0,0,0,0,0,0,0,0,38,15.56219482421875
0c467b7f5c8511bd7b4b77039ad67515,0,1,1,1,0,0,0,0,0,0,0,0,30,20.30975341796875
0c4b3faa9d2ae1903d9627777d275ece,0,1,1,1,0,0,0,0,1,1,0,0,35,19.77264404296875
0c4d454d8f09c90c655bd0e2af6eb2e5,0,0,1,1,0,1,0,0,0,0,0,0,40,19.99725341796875
0c509adac8067d751d11ac9a7b242f78,0,1,1,1,0,0,0,0,0,0,0,0,38,16.73114013671875
0c58e1006ac1d74a568bb0c8babee20d,0,1,1,1,0,0,0,0,1,0,0,0,38,3.55975341796875
0c5ba926bdddd6a9aae208165ac5bf31,0,1,1,1,0,1,0,0,0,0,0,0,28,19.33319091796875
0c62208817053c7f246262390d810710,0,1,1,1,0,0,0,0,0,0,0,0,24,10.26580810546875
0c7644382a3ae2ced15efec12cfe54cc,0,1,1,1,0,0,0,0,0,1,0,0,27,15.04217529296875
0c88efe2fbd7d8b1ce3bfef57b0d6483,0,1,1,1,0,1,0,1,0,1,1,0,30,5.68475341796875
0c8c66ede77a34c7a9473eeb96a20f4b,0,1,1,1,0,0,0,0,1,1,0,0,36,17.92108154296875
0c9b568f337221e6d87850e44af74007,0,0,1,1,0,0,0,0,1,1,0,0,42,9.56561279296875
0c9cce10e73030082cf3c65a3a89dc53,0,1,1,0,0,0,0,0,0,0,0,0,31,24.41815185546875
0c9e65fb28de3e3223518a7f033ec34e,0,0,1,0,0,0,1,0,0,0,0,1,38,36.81463623046875
0cac5f8936cfec0422b2584966594e00,0,1,1,0,0,0,1,0,0,0,1,0,41,38.12322998046875
0cb0a3d2268f52c3c18305ad8dae8ab6,0,1,1,1,0,0,0,0,1,1,0,0,27,6.38885498046875
0cb1c092c445ca0cbfeef24488c738cb,0,1,1,1,0,0,0,1,1,1,1,0,39,42.99334716796875
0cb44295fe5d7c2b4abaa02376c65b43,0,1,1,1,0,0,1,0,0,0,0,0,5,9.91619873046875
0cb5829b7daefaa0ee305c1992cc1123,0,1,1,1,0,0,0,0,0,0,0,0,46,11.86932373046875
0cb9e4eba4e35d7c6e33310f9ceb055d,0,0,1,1,0,0,1,0,0,0,0,1,43,23.33074951171875
0cc19bdde244d53fa90adf329bc3a2e7,0,1,1,1,0,0,0,0,0,0,0,0,55,15.45721435546875
0cc2afd854507b0862dc4de094e6074e,0,1,1,1,0,1,0,0,0,0,0,0,46,16.02801513671875
0cc2dabca057706d0d6b6ad1d8bf4ade,0,1,1,1,0,0,0,0,0,0,0,0,62,11.16619873046875
0cc43749d0d63191257891817a7c3dc0,1,1,1,1,0,0,0,0,0,0,0,0,40,15.47283935546875
0ccb9bcc0a08ce8e416646e9e30cac5d,0,0,0,1,0,0,0,0,0,0,0,0,93,16.80291748046875
0ccc59db6a4832be12d387c55da0b027,0,0,0,1,0,0,0,0,1,1,1,0,34,20.22283935546875
0cd6b03b76b5e5fbed612667f457f8cf,0,1,1,1,0,0,0,0,0,0,0,0,29,34.71990966796875
0cde0d7f02c6d60e901c653607556b21,0,1,1,1,0,0,0,0,0,0,0,0,39,10.45574951171875
0ce94b1905dc411a852357513c746434,0,1,1,1,0,0,0,0,0,0,0,0,32,11.96307373046875
0cea3f61a6268efa8c6c7e5967199aa0,1,1,1,1,0,0,0,0,0,0,0,0,22,12.79119873046875
0cf6596378798b26cc0c8dfa40d42eb5,0,1,1,1,0,0,0,0,0,0,0,0,17,39.53729248046875
0cf96000a55c400b68ccd4ec711a540d,0,0,0,0,0,0,1,0,0,0,0,0,25,34.78729248046875
0d014b8fd08990a636d8d61bd063bec0,1,1,1,1,0,0,0,0,0,0,0,0,41,5.28045654296875
0d0fba16ef5ecd21a0b84a681ae9e03e,0,1,1,1,0,0,0,0,0,0,0,0,12,26.79803466796875
0d1b8537584d14f303bf4b1a9dcf3725,0,1,1,1,0,0,0,0,1,1,0,0,63,17.43963623046875
0d1f6066c9bc39ea0b3b9df6757d680f,0,1,1,1,0,0,0,0,0,0,0,0,100,4.69891357421875
0d2125fae99d7fdbfd236d26ddb91fdc,0,0,1,1,0,0,0,0,0,0,0,0,33,41.27362060546875
0d2c10f719c1f1eb0e1383b84beb9654,0,0,1,1,0,0,0,0,0,0,0,0,38,25.15252685546875
0d2ed8486fc969fcf3fcdbd2eea5c7bb,0,1,1,1,0,0,0,0,0,1,0,0,24,18.62225341796875
0d327ff78570bada703f8855d983712b,0,1,1,1,0,0,0,0,0,0,0,0,56,15.63201904296875
0d3698cfb5080f1b35a1815c138ca54b,0,0,1,1,0,0,0,0,0,0,1,0,28,18.77459716796875
0d3cd499797f5c2d80ec47c948b9dc2b,0,1,1,1,0,0,1,0,1,0,0,0,44,14.22918701171875
0d3dcc50aeb0f636947d71ee78fc274e,0,1,1,1,0,0,0,0,0,0,0,0,55,31.54803466796875
0d412fd1a56d08a0cd4c20f615efad75,0,1,1,1,0,0,0,0,0,0,0,0,20,14.03582763671875
0d465885d4247ba668014ca3bc7f2768,0,1,1,1,0,0,1,0,0,0,0,0,52,17.46014404296875
0d46f0e2d36dcd3c86c7f74234f34e0c,0,1,1,1,0,0,0,0,1,1,0,0,46,49.83123779296875
0d49a1eb20a8a1b03796c541d4cbeb5c,0,1,1,1,0,0,0,0,0,0,0,0,40,7.34783935546875
0d4a7e3c9f0a3f45e97e885ec69185de,0,1,1,1,0,0,0,0,1,1,0,0,20,40.77459716796875
0d4b796c33e07e65ec75dfd46af9df18,0,1,1,1,0,0,0,0,0,0,0,0,27,25.96209716796875
0d565e197447295753c8e2500ed6f57a,0,1,1,1,0,0,0,0,0,0,0,0,42,9.17596435546875
0d60793ae00c0d85f7a115b093126794,0,1,1,1,0,0,0,0,0,0,0,0,28,27.90789794921875
0d6abba9e81300164592ab9a66c52f16,0,1,1,1,0,0,0,0,0,0,0,0,38,11.19451904296875
0d6ada7d92a33dd9912de8a0a8a7e101,0,1,1,1,0,0,0,0,0,1,0,0,32,26.97137451171875
0d6bdd8b2b0d42cac56c60edbc37de9e,0,0,1,1,0,0,0,0,0,0,0,1,28,11.73065185546875
0d6d65d223a6bbb15a3b1ab70c93eaca,0,1,1,1,0,0,0,0,0,0,0,0,71,32.86151123046875
0d8fe0bcfee0dd7a6a2e96650f2cea89,0,1,1,1,0,0,0,0,0,0,0,0,34,9.78631591796875
0d919dacb0082ce687925c4270f5d5e7,0,1,1,1,0,0,0,0,0,1,0,0,3,-7.29864501953125
0da06651e680f2e1035dfd31c71e3444,0,1,1,1,0,0,0,0,0,0,0,0,22,21.07489013671875
0da2ed94d90fb226b0ea58c78f517560,0,1,1,1,0,0,0,0,0,0,0,0,43,40.97332763671875
0da7527e777ee7110b014325f766a718,0,1,1,1,0,0,0,0,0,0,0,0,31,19.79217529296875
0da86513c331870fdcc9d392c60ea8a2,0,1,1,1,0,0,0,0,1,1,0,0,12,18.67254638671875
0dad9c05d4919da5de101f7e90751403,0,1,1,1,0,0,0,0,0,0,0,0,32,7.93963623046875
0db927219b387d2257dbe26bff50a2b9,0,1,1,1,0,0,1,0,0,0,0,0,17,19.75213623046875
0dcd4d89d85e5e8e37633815e744edf7,0,1,1,1,0,0,0,0,0,0,0,0,19,19.31707763671875
0dcd90c1b35f99525891ad941315e6f5,0,1,1,1,0,0,0,0,0,0,0,0,25,1.15252685546875
0e030cf9167c0b149718fd2e146bb7ec,0,1,1,1,0,1,0,0,0,0,0,0,64,35.00164794921875
0e06c4a2abc012d564b320051da436f4,0,1,1,1,0,0,0,0,0,0,0,0,39,11.65252685546875
0e0a26ebcb108f83c7024ec0b431ed5d,0,1,1,1,0,0,0,0,1,0,0,0,24,7.02410888671875
0e17d943b4b36fc2dcc6486556eb47bd,0,1,1,1,0,0,0,0,0,0,0,0,47,58.19842529296875
0e1be855092749f1fd998f3902420d81,0,0,1,1,0,0,0,0,1,0,0,1,33,15.75897216796875
0e203491ae723b46da462f1085738e86,0,1,1,1,0,0,0,0,0,0,0,0,33,16.22332763671875
0e21db5c5be5a8e69c14b72beae133e8,0,1,1,1,0,0,0,0,0,0,0,0,29,8.34979248046875
0e21fd33e5f0eeb1c1497765c096a6f2,0,1,1,1,0,0,0,0,0,0,0,0,19,42.55389404296875
0e31f2937c2057933ffacf919f523cb3,0,1,1,1,0,0,0,0,0,0,0,0,22,24.52557373046875
0e331d0a4906894f0892d6cfcec8b344,0,1,1,1,0,0,0,0,0,0,0,0,55,45.01531982421875
0e336f8da0eb49c7e67b0ec4ac293f2b,0,1,1,1,0,0,0,0,0,0,0,0,23,16.71502685546875
0e36d6545bebd38ca798e2ca4cdb9f8c,0,1,1,0,0,0,0,0,0,0,0,0,18,43.36834716796875
0e36f11bba36bc751f74aa86136fa5fe,0,1,1,1,0,0,0,0,1,1,0,0,37,28.86199951171875
0e377caf0ac96df54cbdb2779e064002,0,1,1,1,0,0,0,0,0,1,0,0,31,12.17645263671875
0e38360c1411b1e5be1462e6c7d287ee,0,1,1,1,0,0,0,0,0,0,0,0,73,8.02508544921875
0e398ce27068bb02dccefa3686259193,0,1,1,1,0,0,0,0,0,0,0,0,20,39.81854248046875
0e3a1dacda7bb110a15f8b80d2689cf5,0,1,1,1,0,0,0,0,0,0,0,0,29,4.60272216796875
0e447540079b5fa1b8cc5ff1e0161931,0,0,1,0,0,1,1,0,0,0,0,0,31,12.30487060546875
0e47fc455407d94a205a5609dfcf341c,0,1,1,0,0,0,0,0,1,1,0,0,47,20.86932373046875
0e520debd1bdbeb00be5a6ff44e332f2,0,0,1,1,0,0,0,0,0,0,0,0,20,15.88885498046875
0e55d5a6e356a2bedd49488823b2d0b6,0,1,1,1,0,1,1,1,1,1,0,0,37,32.68231201171875
0e585f9b9f9c2280c4c2640b77694aae,0,0,0,1,0,0,0,0,0,0,0,0,68,23.09100341796875
0e5f96124396be0d27738e42fbc20261,0,1,1,1,0,0,0,0,0,0,0,0,98,5.39373779296875
0e671c8cab3fe638cacb899d1c08b0c7,0,0,1,1,0,0,0,0,1,0,0,0,29,19.79705810546875
0e72ae37255e1b697762e5db8d631d85,0,1,1,1,0,0,0,0,1,1,0,0,37,19.98651123046875
0e7552214e4eddf7560e794244ee8f95,0,1,1,1,0,0,0,0,0,0,0,0,49,30.19207763671875
0e79fadf6178a9acbb47d5df70fb5b67,0,1,1,0,0,0,0,1,0,0,1,0,32,32.63885498046875
0e7a0c25afae41e765901b9a922d0a75,0,1,1,1,0,0,0,0,1,1,0,0,61,38.86932373046875
0e89d7ef7392559c216d1689b82c6898,0,0,1,1,0,1,0,0,0,0,0,1,48,2.99285888671875
0e8b285557ca100e5d8545e38c903c54,0,0,0,0,0,0,1,0,0,0,0,0,3,28.36053466796875
0e93cb7e0d7fc632aec75d4a80cd3617,0,1,0,1,0,0,0,0,0,0,0,0,18,31.55194091796875
0e94c5206de8777a57b63a4a52a751ef,0,1,1,1,0,0,0,0,0,0,0,0,44,22.19549560546875
0e98ab6d57018507b53a10b70ce07ab6,0,1,1,1,0,1,0,0,0,0,0,0,20,26.69744873046875
0ea022edb8e9ac6cc061f602d00c5eb6,0,1,1,0,0,0,0,0,0,0,1,0,32,13.86785888671875
0eade89f3bfdaf75344f7b2e6eb25e69,0,0,1,1,0,0,0,0,0,0,0,0,48,10.09002685546875
0eaf8f04646e9d684e52587c276478cf,0,0,0,1,0,0,0,0,0,0,0,0,27,35.79364013671875
0eb21f458b3076deaf8cf3acea7553ec,0,1,1,1,0,0,0,0,0,0,0,0,30,44.85418701171875
0eb83b3077bccac177f109c3e0cc52d1,0,1,1,1,0,0,1,0,0,0,1,0,17,14.94647216796875
0ebc2711e7f178ccef170e327e6c6f45,0,1,1,1,0,0,0,0,0,0,0,0,46,18.86590576171875
0ebd3fc32c12e7f52475194305611317,0,0,1,1,0,0,1,0,0,0,0,0,45,36.13885498046875
0ecae00a90f91845540267ebb6d69d5b,0,1,1,1,0,0,0,0,1,0,0,0,100,12.70330810546875
0ecba8063b749611353e2620415914a6,0,0,0,0,0,0,0,0,0,0,0,0,27,9.19647216796875
0ecffe437b3316acf00a8a074bd63a5d,0,1,1,1,0,0,0,0,1,0,0,0,17,18.83221435546875
0ed112c79dcd053911a9eb62e0e8c2b1,0,1,1,1,0,0,0,1,0,0,0,0,9,15.23114013671875
0ed70dc46fea99f81d11acd6a95ea126,0,1,1,1,0,0,0,0,0,0,0,0,20,33.15301513671875
0edf9acd7b5f467c26c34be78c0ef2ec,0,1,1,1,0,0,0,0,0,0,0,0,24,12.36785888671875
0ef36a2e77cc25b10c7c0ce9f23d0ce8,0,1,1,1,0,0,1,0,1,1,0,0,33,5.99432373046875
0ef72cbf6e26bad4bdca7599e4e53b08,0,1,1,1,0,0,0,0,0,0,0,0,28,21.23553466796875
0ef7b345f3c47e2a373b3c8f4ebcf999,0,1,1,1,0,0,0,0,0,0,0,0,31,13.83465576171875
0efae74d123ab133aa415210eb72e136,0,1,1,1,0,0,0,0,1,1,0,0,36,14.29022216796875
0efef6d0af9afb25c775ded0416fa62d,0,1,1,1,0,0,0,0,0,0,0,0,32,13.90252685546875
0f04d7f8a8c2257af746cc4950879c4f,0,1,1,1,0,0,0,0,0,0,0,0,37,6.99188232421875
0f071abf82f242a52fd02e73ebe46614,0,1,1,1,0,1,0,0,0,0,0,0,20,11.43377685546875
0f084229a71c6a6b744a569c25de6957,0,1,1,0,0,0,0,0,0,0,0,0,2,9.70916748046875
0f09a5539b6ee695a2d23898b86f51b6,0,1,1,1,0,0,0,0,0,0,0,0,43,4.62860107421875
0f0cf101b75e64a5ffe4c0c22db5beac,0,1,1,1,0,0,0,0,0,0,0,0,3,10.13397216796875
0f14086761931cf4cb55b194554d3cba,0,1,1,1,0,0,0,0,1,1,0,0,36,29.81219482421875
0f170bf3f7ce163b5498f2cca49f29f7,0,1,1,1,0,0,0,0,0,0,0,0,21,14.77117919921875
0f25ea8dc3f62b496522a84c6f56464c,0,1,1,1,0,0,1,0,0,0,0,0,3,-0.41339111328125
0f2ff6806332987a28b896cc96d8b569,0,1,1,1,0,0,1,0,1,1,0,0,37,7.07733154296875
0f30649e44998ee4e8228dacc232a530,0,1,1,1,0,0,0,0,0,0,0,0,38,17.58074951171875
0f464e457f296af7c9099565dabdfc6e,0,1,1,1,0,0,0,0,0,0,0,0,31,12.10369873046875
0f49488ae6c4726d71cda0fde7a61d2a,0,0,0,1,0,0,0,0,0,0,1,0,15,12.20770263671875
0f4fb3836bf0139c2b46b68253b8c773,0,0,1,0,0,0,1,0,0,0,0,0,41,47.21600341796875
0f51f870ae390a149de7736a482b9c66,0,1,1,0,0,0,0,0,0,0,0,0,38,16.51190185546875
0f54a5dbb2d1b5efb390729b3837f450,0,0,1,0,0,0,0,0,0,0,0,0,37,20.62322998046875
0f5fbf262e9ffe7e6a097dfce73ad676,0,1,1,1,0,0,0,0,0,0,1,0,58,15.99237060546875
0f63638ae678ca73a513d65eae820c61,0,1,1,1,0,0,0,0,0,0,0,0,30,14.17205810546875
0f6c9f095d20a441f3bd3f9565462b80,0,1,1,1,0,0,0,0,0,0,0,0,31,30.39569091796875
0f71bd9cf17898be20b18e7d4e4d771e,0,1,1,1,0,0,0,0,0,0,0,0,13,18.13201904296875
0f72e04caaa22d96485e428de8bc02ce,0,1,1,1,0,0,0,0,0,0,0,0,50,43.09735107421875
0f734ffd3f32c3975d83dcaa1ef91062,1,1,1,1,0,0,0,0,0,0,0,0,21,15.95526123046875
0f7c6244f74d8396d2cb75c10c366114,0,0,0,1,0,1,0,0,0,0,0,0,35,21.75750732421875
0f8113dc42443ca7300fc588ba032dd5,0,1,1,1,0,0,0,0,1,1,0,0,30,-0.32403564453125
0f828d6bca7bff8e227686077dc9a765,0,1,1,1,0,0,0,0,0,0,0,0,35,28.19598388671875
0f842a68a292ebf1846c2249c85eff84,0,1,1,1,0,0,0,0,0,0,0,0,46,19.79803466796875
0f8535c952e0067693d7e95d5403aecb,0,1,1,1,0,0,0,0,0,0,0,0,55,16.20526123046875
0f8cc9aebe82a67f3433e5cd76224047,1,1,1,1,0,0,0,0,0,0,0,0,39,65.01824951171875
0f93d1482d7fb9f2b6a5085ee729142b,1,1,1,1,0,0,0,0,0,0,0,0,45,37.95574951171875
0f96a85ab1341bca42eadf67c5e02b47,0,0,1,0,0,0,0,0,0,0,0,0,3,13.40887451171875
0fa4a095348cbe9c183f9d5a7d61b34b,0,1,1,1,0,0,0,0,0,0,0,0,31,24.32244873046875
0fa85030c7889a1558553e8598080c19,0,1,1,0,0,0,0,1,0,0,0,0,3,25.64959716796875
0fab7b62c64422ac157b04e5b95306c5,0,1,1,1,0,0,0,0,0,0,0,0,28,7.56707763671875
0fba1f1fa04c9582dfd1e99606e13839,0,1,1,1,0,0,0,0,1,1,0,0,32,8.48895263671875
0fd474b0b8abb64a3aa9ebc597ac83b4,0,0,0,1,0,0,0,0,0,0,0,0,37,18.86444091796875
0fe05fe8e4a2e135bbb77175fc225282,0,1,1,0,0,0,1,0,0,1,0,0,47,46.46112060546875
0fe2fef50718ae3451c416306f5773a7,0,1,1,1,0,0,0,0,0,0,0,0,71,24.97137451171875
0fe420dc155683b1a0f2d4d26c3c136a,0,1,1,1,0,0,0,0,0,0,0,0,24,34.16717529296875
0fe84f2ebc0d40d96cf6f0c9c268daea,0,1,1,1,0,1,0,0,0,0,1,0,78,7.89471435546875
0fe8e286648ac6cfde1c1aca97831e19,0,1,1,0,0,0,1,0,0,0,0,0,29,14.71014404296875
0ff0d710f1193eab02f4df997eabf8ca,0,0,1,1,0,0,0,0,0,0,0,1,51,19.33563232421875
0ff3882967eb0308d6a28b07a25439c1,0,1,1,1,0,0,0,0,0,0,0,0,61,56.54510498046875
10004d26b08325df2d4787b44fd8e6bb,0,1,1,1,0,0,0,0,0,0,0,0,53,7.43280029296875
1012bb784804d402c3457ea8f37cb088,0,1,1,1,0,0,0,0,1,1,0,0,35,11.09490966796875
1016c9edb65b568deec1835b9abd5f97,0,1,1,1,0,0,0,0,0,0,0,0,42,3.15301513671875
1019a12cbbb0bc389cdd9819d31dc4cf,0,0,1,1,0,0,0,0,0,0,0,0,14,20.28485107421875
1022d39aba50a53b3900f47c7f01ff63,0,1,1,1,0,0,0,0,0,0,0,0,52,11.14276123046875
1022f10826628273c975207698460e4c,0,0,1,1,0,0,0,0,0,0,0,1,56,46.74383544921875
102590ff810a5a9733b67fc97cb9d9c8,0,1,1,1,0,0,0,0,0,0,0,0,36,11.42840576171875
103c321add6f3e2191920bcc2fd1c9fc,1,1,1,1,0,0,0,0,0,0,0,0,23,33.25506591796875
103cf5e28186ad9b08dc00424acba608,0,0,1,0,0,0,0,0,0,0,0,1,56,28.25555419921875
103db191f22792c1dbd99c00e6e6060a,0,1,1,1,0,0,0,0,1,0,0,0,32,35.13690185546875
10444e50db50fca0a299530db718f49f,0,1,1,1,0,0,0,0,0,0,0,0,26,16.95037841796875
104b223addc94f48aa520f82706faa23,0,1,1,1,1,0,0,0,1,1,0,0,32,32.10760498046875
104e9bc75b868f3347750f0a9b62c016,0,1,1,1,0,0,0,0,0,0,0,0,15,26.90057373046875
105387f5034b1e9a5f1d8e8a3b881889,0,1,1,1,0,1,0,0,0,0,0,0,40,4.66326904296875
1059231cf2948216fcc2ac6afb4f8db8,0,1,1,1,0,0,0,0,1,1,0,0,21,2.06317138671875
105b5c5dd082da3221769c07d8c33d92,1,1,1,1,0,0,0,0,0,0,0,0,55,5.10858154296875
105b8c427e0fb5f430babc2d48f39a49,1,1,1,1,0,1,0,0,0,0,0,0,35,4.79852294921875
10690bf5f4d30de4a56f1313ac628f11,0,1,1,1,0,0,0,0,0,0,0,0,4,55.28533935546875
107032a5f7a36e227a1fa03bfb69af3c,0,1,1,1,0,0,0,0,0,0,0,0,48,34.48016357421875
107ae50725a7d1b403105eb2ab6d5f60,0,0,0,0,0,0,0,0,0,0,0,0,30,19.46209716796875
10802a83bd5dc77ec9548c9e8d0c8abf,0,0,1,1,0,0,0,0,0,0,0,1,49,33.93572998046875
108519f539e734434cd6819c46f297ff,0,1,1,1,0,0,0,0,0,0,0,0,84,16.36932373046875
108b665bd65d664d838de0fa435105e4,0,1,1,1,0,0,0,0,0,0,0,0,33,11.95965576171875
10a44a28fa83280c42d2efd4fe6f9f05,0,1,1,1,0,1,0,0,0,0,0,0,27,8.50213623046875
10ac58fe67d0c09fc304e2ed80eb246c,0,1,1,0,0,0,0,0,0,0,0,0,43,27.96502685546875
10af348f953044ddcf56c461c4464005,0,1,1,1,0,0,0,0,0,0,0,0,46,41.24188232421875
10b3fbcc0a23b7d2f3f31fc94e8ae502,0,1,1,1,0,0,0,0,1,1,0,0,42,14.14715576171875
10cb177d42e6e143d3cdc9ad292b7099,0,1,1,1,0,1,0,0,1,1,0,0,27,10.82977294921875
10d0523313d7e85b9ab1df6ec35a5c57,0,1,1,1,0,0,0,0,0,0,0,0,46,13.26727294921875
10d534aa886a460034bef47e881ffc3e,0,1,1,1,0,0,0,0,0,0,0,0,24,12.24188232421875
10d62bb091fac949544fa0c32a55c804,0,1,1,1,0,0,0,0,0,0,0,0,60,18.96014404296875
10daaa2d13b47d3426a2a9ffcb5efe7b,0,0,1,0,0,0,0,0,1,0,0,0,65,16.46307373046875
10dcb00a627570443961a04fef984e31,0,1,1,1,0,0,0,0,1,1,0,0,34,7.29510498046875
10e11ec47fd98290e27495394580501a,0,0,1,1,0,0,0,0,0,0,0,1,36,8.53240966796875
10e31fb44f050122038b1b4983283fce,0,1,1,1,0,0,1,0,0,0,0,0,26,-0.38751220703125
10e43bb7f1230937e803c4850562b8af,0,0,0,1,0,0,0,0,0,0,0,0,7,13.01727294921875
10ea97ddf3bad16969e8584015f545c1,0,1,1,1,0,0,0,0,0,0,0,0,40,15.94696044921875
10f345e06f3227b86a8bd161445a5109,0,1,1,1,0,0,0,0,0,0,0,0,44,12.93475341796875
10f7678287a4c0614c0560baf2bc665a,0,1,1,1,0,0,0,0,0,0,0,0,48,15.04119873046875
10f8bf2ff7c652ee8da4417975f33307,0,0,1,0,0,0,1,0,0,0,0,1,29,31.29022216796875
10f9edc233d7573cbb7af05503c67505,0,1,1,1,0,0,0,0,0,0,0,0,9,9.16229248046875
10f9f43a2063df0556a42a04aceab049,0,1,1,1,0,0,0,1,0,0,1,0,48,24.32928466796875
1103c38cb4d9553da52a905da0d8d45c,0,0,1,0,0,0,1,0,0,0,1,0,41,26.30975341796875
1115b683c94007d1ff8bf705585bc7c4,0,0,1,1,0,0,0,0,1,1,0,0,26,17.83514404296875
1121661f3bb675030647cd1f4c2b1f67,0,1,1,1,0,0,0,0,1,1,0,0,72,15.56365966796875
112377bf3931fc63e161db0c233710ab,0,1,1,1,0,1,0,0,0,0,0,0,20,50.83270263671875
11302d2fcd40ef2c988083272a51fe19,0,0,1,1,0,0,0,0,0,0,0,1,26,12.31561279296875
1134662cf8f6d832aaf5e401caf58f55,0,1,1,1,0,0,0,0,0,0,0,0,36,21.53680419921875
1136e0566d4cfb5a22cc16ddc5a4db3c,0,0,0,1,0,0,0,0,0,0,0,1,16,19.68914794921875
113d618510ea88f2d33f8206837cf692,0,1,1,1,0,1,0,0,0,0,0,0,30,-5.79376220703125
1145deb71a1bb9ecb66ceca652291d1e,0,0,1,1,0,0,0,0,0,1,1,1,25,43.19256591796875
115611241ecf1713f478b12abb5cb428,0,1,1,1,0,0,0,0,0,0,0,0,16,5.94940185546875
115ef37a50ac4b455ef5165c5fb4c9b9,0,1,1,1,0,0,0,0,0,0,0,0,43,44.27117919921875
116143d6789c0ba282688b00d848841d,0,1,1,1,0,0,1,0,0,0,0,0,28,21.50457763671875
11629af2eeec9d188b100c7385b1bf42,0,1,1,1,0,0,0,0,0,0,0,0,65,14.11785888671875
116ccdeafdf268c504928b50d5a04325,0,0,1,1,0,1,0,0,0,0,0,1,33,8.42156982421875
1170c240e63f8686dc6146bdcfd451f6,0,1,1,1,0,1,0,0,0,0,0,0,32,34.49334716796875
1174178816648eec4473dff8d35ead04,0,1,1,1,0,0,0,0,0,0,0,0,87,56.42694091796875
11852009d60f0aba7a4a95aeff296ef7,0,1,1,0,0,0,0,1,0,0,0,0,70,15.44940185546875
1185b3692a36eca5b5ba6f36abfe5af8,0,1,1,1,0,0,0,0,0,0,0,0,38,52.60321044921875
11861df8df1c70348743a461c23ba669,0,1,1,1,0,0,0,0,0,0,0,0,29,11.57830810546875
11877b94b2fdc66710ef31fa0ced42c5,0,1,1,1,0,0,0,0,0,0,0,0,32,4.66912841796875
118944b5c53e39dc7db010200a7458e1,0,1,1,1,0,0,0,0,1,1,0,0,35,4.91131591796875
118ca1a5339f8d6f2794dfc7086ec46a,0,0,0,0,0,0,1,0,0,0,0,0,94,23.49432373046875
1193ec2ef68d5f576f41853a2b93ee96,0,1,1,1,0,1,0,0,0,0,0,0,31,9.03045654296875
11a537921f314738c059cf51babba18e,0,1,1,1,0,0,0,0,0,0,0,0,58,13.83758544921875
11a59a38ce928cfc285263455d61797d,0,1,1,1,0,0,0,0,0,0,0,0,89,31.67352294921875
11a75cfcf53ea42140cff8e30fa81d40,0,1,1,1,0,0,0,0,1,1,0,0,33,13.62127685546875
11a8ba39ce85d877e46041bcd44c775a,0,1,1,1,0,0,0,0,0,0,0,0,40,14.52166748046875
11b0c597f1eec12047b629bd76e86fa0,0,1,0,1,0,0,0,0,0,0,0,0,46,31.85174560546875
11b636c62bb17b830e57cfb8ecfa0874,0,1,1,1,0,0,0,0,0,1,0,0,18,10.93133544921875
11ba09b77cd65e3febee7d3133f19343,0,1,1,0,0,0,0,0,0,0,0,0,28,31.79461669921875
11bdeed2d38262e03a0062a98f2144de,0,0,0,1,0,0,0,0,0,0,0,0,43,27.36199951171875
11cccac570890b0aabf7e702df5e841c,1,1,1,1,0,0,0,0,0,0,0,0,22,15.52459716796875
11ce4283c644cbf6e8bd26f6b8990104,0,1,1,0,0,0,1,0,0,1,0,0,35,7.91522216796875
11d3ad09f09acf422036ab8368fe44db,0,0,1,1,0,1,0,0,0,0,0,0,18,12.23699951171875
11d50b9769e5228de0e655c904f67c77,0,1,1,1,0,0,0,0,1,1,0,0,70,10.12908935546875
11d5914ad80403375c8e0ccd959fc08e,0,1,1,1,0,0,0,0,0,0,0,0,51,15.25701904296875
11e3c1756ee1d64ac12efc80f02e1f26,0,1,1,1,0,0,0,0,0,0,0,0,62,21.03143310546875
11ea4fd0b3bd02b3ffc6479c50d44900,0,1,1,1,0,0,0,0,0,0,0,0,54,21.07635498046875
11ebcfad858d996b13bb293c756ccc3f,0,1,1,1,0,0,0,0,1,0,0,0,79,19.35174560546875
11efc5f79dc035c5107d26378198c229,0,1,1,1,0,0,1,0,0,0,0,0,23,10.30682373046875
11f376087b21b4a6897d17a6da4d8a16,0,1,1,1,0,0,0,0,0,0,0,0,31,5.29412841796875
1200988e60ba9f2b00f763942c6948d6,0,1,1,1,0,0,0,0,0,0,0,0,36,19.98162841796875
12037be3de8334ef4d607f4ad558acbd,0,0,0,1,0,0,0,0,0,1,0,0,84,36.15155029296875
1203980e35655a90a9809eeb5a74874c,0,1,1,1,0,0,0,0,0,0,0,0,74,38.40057373046875
1207538aef1e0d520d494445f8c451a5,0,1,1,1,0,0,0,0,0,0,0,0,31,17.35662841796875
120b74d2ea5125745d65a2430f8f63ba,0,1,1,1,0,0,0,0,0,0,0,0,52,12.25653076171875
12136b68d214d73cc137e29360581c66,0,1,1,0,0,0,1,1,0,0,1,0,20,29.44647216796875
12197796395a727f2a6dbbb031c2aeda,0,1,1,1,0,0,0,0,0,0,0,0,81,36.66717529296875
121c822f6132a6e519d1da7d4e86d3b3,0,0,1,1,0,0,0,0,0,0,0,1,37,36.42889404296875
121e00b4c50eb5e2ceafd7c691c1d2c4,0,1,1,1,0,0,0,0,0,0,0,0,23,25.24920654296875
12306a893d396ade1351dfe6318291a4,0,0,1,0,0,0,0,0,0,0,0,0,22,27.56561279296875
123296ce778f5a33e7e9eaf0e4d195a2,0,1,1,1,0,0,0,0,1,1,0,0,33,4.65399169921875
12344b7b04c522857cd4c6d5511fe134,0,1,1,1,0,0,0,0,1,1,0,0,51,15.21502685546875
12345cb86529832e6145c52362df2ca3,0,1,1,1,0,0,0,0,0,0,0,0,63,21.87664794921875
12357e7d5ed84a4614815078bba5af4c,0,1,1,1,0,0,0,0,0,0,0,0,27,20.91717529296875
1244abf9b327b1dc7028ac889ae62e86,0,1,1,1,0,0,0,0,1,1,0,0,52,20.89764404296875
124665dbc63e2e4c656519b5e88a1b21,0,1,1,1,0,0,0,0,0,0,0,0,15,18.70330810546875
124a3a1dbe7226d9030d68d12b4e01ce,0,1,1,0,0,0,0,0,1,1,0,0,28,69.55584716796875
1255dc1bf9350a6f6807fe97c05a566b,0,1,1,1,0,0,0,0,0,0,0,0,42,25.11834716796875
12616831e95e42e791fa91cf3baf9475,0,1,1,1,0,0,0,0,0,0,0,0,30,46.66912841796875
12631d75c919d7a543267bd066e291d7,0,1,1,1,0,0,0,0,1,1,0,0,35,8.82049560546875
1266dfa9bad7ab3c2cbee98fa1ac51f6,0,1,1,1,0,0,0,0,0,0,0,0,50,49.67205810546875
126d9a6349df867dfa9f5360df963984,0,0,1,1,0,0,0,0,1,1,0,0,13,15.75994873046875
126ec642df9915ccce9018bf57423ab5,0,0,0,1,0,0,0,0,0,0,0,0,50,58.90447998046875
1275cc50065e3d403804d5d2f509dbd5,0,1,1,0,0,0,0,0,0,0,0,0,44,20.59295654296875
1283a8d8d6ddf18e197b87086772c826,0,1,1,1,0,0,0,0,1,1,0,0,26,6.35662841796875
1284f5bfd5ae62d801ed827a53e27533,0,0,1,1,1,0,0,0,0,0,0,0,36,1.13299560546875
128d491bb1b880b069b7627a7185e178,0,1,1,1,0,0,0,0,0,0,0,0,34,5.57537841796875
128f0a1439c3f53c7c79b905f7cb2879,0,1,1,1,0,0,1,0,1,0,0,0,28,7.46502685546875
12918bbc5fe2dcfaf31beb49d35f5402,0,1,1,1,0,0,0,0,0,0,0,0,15,27.65008544921875
129e532a91b46d068d98da7fc53663ea,0,1,1,1,0,0,0,0,0,0,0,0,80,14.03338623046875
12a92c856d0061aff6f73f10b2c7dc70,0,1,1,1,0,0,1,0,1,0,0,0,49,10.57000732421875
12b136b947a64c8b23e3929f70b41933,0,1,1,1,0,0,0,0,1,1,0,0,100,18.70526123046875
12b19f51f33bd2c2d0e96fd2c2a5576d,0,0,1,1,0,1,0,0,0,0,0,1,73,7.50994873046875
12bee1fab28fa9e9f1a1ac5da620a566,0,1,1,1,0,0,0,0,0,0,0,0,28,33.77264404296875
12bf9e7e963cbf49b0815900178ba798,0,0,1,0,0,0,0,0,0,0,0,0,24,10.04852294921875
12c4fb4fb5afdb5977ef945d2e064bf2,0,0,1,0,0,0,0,0,1,1,0,1,24,24.23065185546875
12c55c5706b6855fb30533e876304c3e,0,1,1,1,0,0,0,0,0,0,0,0,31,25.92694091796875
12c7afc751028a53435a3ed126a8e7f1,0,1,1,0,0,0,0,0,0,0,0,0,52,20.55877685546875
12d0647dc9fdbe7a877ce72ac94645d0,0,1,1,1,0,0,1,0,0,1,0,0,30,17.60418701171875
12d116ab7fc741316736fa1daa012973,0,1,1,1,0,0,0,0,0,0,0,0,21,17.10076904296875
12d1f414c8d90c4417b66addc0982a25,0,0,1,1,0,0,0,0,0,0,0,1,34,22.19061279296875
12d815f6d5fadca21cd28274941704b1,0,1,1,1,0,0,0,0,1,1,0,0,26,13.57098388671875
12db1b950a5fc4bf637f9b4d149c37e6,0,1,1,1,0,0,0,0,0,0,1,0,49,21.35906982421875
12e9992ed7540ff16dca447db7142a2b,0,1,1,1,0,0,1,0,0,0,1,0,4,28.36346435546875
12ecff666b579349f10fb08ed794a7fc,0,1,1,1,0,0,0,0,1,1,0,0,49,13.68670654296875
12efbd38456aaf37da3b683d75830ee4,0,1,1,1,0,0,0,0,0,0,0,0,22,7.51434326171875
12f58afb8632770183a523980a4aea07,0,1,1,1,0,0,1,0,0,0,0,0,21,30.48065185546875
12f5f4396846c66fb48c2783fdc288d2,0,1,1,1,0,0,0,0,0,0,0,0,100,18.24578857421875
12fd4f3aba9046a6a8ffb1f31e73230a,0,1,1,1,0,0,0,0,1,1,0,0,3,17.35760498046875
12ff78e40792ca932296274ff947ae4f,0,1,1,1,0,0,0,0,0,0,0,0,28,7.76190185546875
13041e16c43dff3eb35b2443b42cfc5a,0,1,1,1,0,0,0,0,1,1,0,0,32,8.06854248046875
1305cfa87233ca768c0d7decf0c3115d,0,1,1,1,0,0,0,0,0,0,0,0,62,9.18328857421875
13122ac07a297d499ba53287ddd709a5,0,1,1,1,0,0,0,0,0,0,0,0,24,25.32000732421875
131c782a4620d6d6532c9f47d6932984,0,1,1,1,0,0,0,1,0,0,0,0,21,18.25897216796875
131e54e488c3b57f345c35bedcdb76c7,0,0,1,0,0,0,0,0,0,0,0,0,46,32.20770263671875
13220dd5a1f695bcba0222c740582fb6,0,0,1,1,0,0,0,0,0,0,0,0,30,21.30096435546875
132437a04cfc62c5b8c72b035e1aa5e6,0,1,1,0,0,0,0,1,0,0,0,0,100,46.37322998046875
1324423407c802b62e876341e99bd5ff,0,1,1,1,0,0,0,0,1,1,0,0,48,15.90838623046875
1324bebe31e1c2f1cd18fc6a4a657d7e,0,1,1,1,0,0,0,0,1,1,0,0,38,1.19891357421875
13311f54593344416982bbd4e24942de,0,1,1,1,0,0,0,0,0,0,0,0,31,-1.22686767578125
13366e483162049ead195780d5e04778,0,1,1,1,0,0,0,0,0,1,0,0,29,30.67791748046875
133875cc6dcca36156efafa988fb87ff,0,0,1,0,0,0,0,1,0,0,0,1,40,30.25848388671875
133a0eb08c420c0550ae92358b0cf21e,0,1,1,1,0,0,0,0,0,0,0,0,34,9.00848388671875
1340a02c1c89b1afc50da30f4f6272e8,0,0,1,1,0,1,0,0,0,0,0,1,33,21.46112060546875
13467a4e0d268b927d0f23f88957cf7c,0,1,1,1,0,0,0,0,0,0,0,0,37,14.73846435546875
134b95b080e9cf9b97e0eaa6b0c2cdb0,0,1,1,1,0,0,0,0,1,1,0,0,79,16.80389404296875
135578f313cabaa3694eb8776705a918,0,1,1,1,0,1,0,0,0,0,0,0,28,22.83612060546875
1355aa249484f6ad7972dae3a1cccf3e,0,1,1,0,0,0,1,1,0,0,1,0,3,14.16131591796875
1357b3151946ca6df78f5c513a0b3b47,0,1,1,1,0,0,0,0,0,0,0,0,18,16.59393310546875
137ef10bf7b394e0ccfb57e9b9d34394,0,0,1,0,0,0,0,0,0,0,0,0,26,31.05975341796875
138bc2a9ea09a490ae5d95ed20c6485d,0,1,1,1,0,0,0,0,0,0,0,0,53,9.74676513671875
13a33de49e8a0e3f7162b05a3b41dfd8,0,0,1,1,0,0,0,0,1,0,0,0,18,-12.17462158203125
13a6ff7ba41cff71fe9b15ce24238608,0,0,1,1,0,0,0,0,0,0,0,0,30,59.66717529296875
13aff9dd79e84f2c220a9ab587897fe9,1,0,0,1,0,0,0,0,0,0,0,0,33,15.71990966796875
13b19e66243b1800236af0c4c247619d,0,1,1,1,0,0,0,0,0,1,1,0,42,25.02459716796875
13b7b4506a1a1365a256ce02f78aa561,0,1,1,0,0,0,0,0,0,0,0,0,58,4.67205810546875
13b839d17a64cb8ce700095252e2504c,0,1,1,1,0,0,0,0,0,0,0,0,12,16.57196044921875
13ba30363858cd0c69a0f0d56c028801,0,0,0,1,0,0,0,0,0,0,0,0,43,12.57440185546875
13bad4e83f521a6a7a6c14e86aacef7e,0,1,1,1,0,0,0,0,0,0,0,0,89,45.68035888671875
13bf0946f8015094a0022159296a255d,0,1,1,1,0,0,0,0,0,0,0,0,29,13.07098388671875
13c059cff2ad4de955ee0f8146d577db,0,1,1,1,0,0,0,0,1,1,0,0,77,19.05291748046875
13c1b19b189802273f293c443f66303e,0,1,1,1,0,0,0,0,1,1,0,0,19,12.42205810546875
13d215b4c71c3dc603cd13fc3ec80181,0,1,1,0,0,0,1,1,1,1,0,0,58,5.27947998046875
13d4f91603b8349d577b4965e93a59f6,0,1,1,1,0,0,1,0,0,0,0,0,33,10.18768310546875
13d68d6380154b3afd98fdc1993c1b81,0,1,1,1,0,0,0,0,1,0,0,0,34,24.97235107421875
13dbc9ced13bcc504262212f21c89c72,0,1,1,1,0,0,0,0,0,0,0,0,45,6.96697998046875
13dcaa159bb52bed9434931256f5c7af,0,1,1,1,0,0,0,0,0,0,0,0,57,22.22186279296875
13e7a9730f7f0e163a9f47274b43770e,0,1,1,1,0,0,0,0,0,0,0,0,24,22.12127685546875
13e8d6a823b044e62fa140526112e9bc,0,1,1,0,0,0,0,0,0,0,0,0,42,11.27020263671875
13eb82d541022d725e0d80f7632317c2,0,1,1,1,0,0,0,0,0,0,0,0,17,1.35955810546875
13ec063bcf359bd4e6309164ff14b9ed,0,1,1,0,0,0,0,0,0,0,0,0,52,17.77996826171875
13ec46bbd7858050a96ce0e83ccc6841,0,1,1,1,1,0,0,0,0,0,0,0,67,16.23944091796875
13f634a4e8cde2e97338e97805dcd36a,0,1,1,1,0,0,0,0,1,1,0,0,45,13.46990966796875
13f772ef658e539c60b360e323f3ea6e,0,1,1,1,0,0,0,0,0,0,0,0,35,19.25555419921875
13f84903e57ec7ba7aabec5bd69a2187,0,1,1,1,0,0,0,0,0,0,0,0,100,8.97772216796875
140d4fc1c7e251ce0c6d7859b559a4c5,0,1,1,1,0,1,0,0,0,0,0,0,48,13.65350341796875
140ed126781a6386c7204c6601a264b8,0,0,1,0,0,0,1,0,0,0,0,0,45,21.29119873046875
1413b888e0a0f20f3fd5a6abdfb06372,0,0,1,1,0,0,0,0,0,0,0,0,33,17.84051513671875
141597fb8fd6c46783d63593741d8acb,0,0,1,1,0,0,0,0,1,0,0,1,65,8.42645263671875
14176deb7951de3a1a3ca44aeff4007e,0,1,1,1,0,0,0,0,0,0,0,0,27,18.57244873046875
141f32254e55f84c9f4704aa6891bcb2,0,1,1,1,0,0,0,0,0,0,0,0,53,24.05828857421875
1420e2cbff4a6d120bb18b499cbf32e4,0,1,1,1,0,0,0,0,0,0,0,0,29,25.63104248046875
142c16abf25979386d3e799fe4567502,0,1,1,1,0,0,0,0,0,0,0,0,31,28.99920654296875
143933aaa1d6a16e0cc52c76e80a9544,0,1,1,1,0,0,0,0,1,1,0,0,30,5.12664794921875
143ecb5619c055a378fb8a51d964db42,0,1,1,1,0,0,0,0,0,0,0,0,42,27.84686279296875
14417336de58c9160fd7d0c14fce9e62,0,1,1,1,0,0,0,0,0,0,0,0,59,33.34393310546875
1444e19a6e1053c0fe834734cc8ca56c,0,1,1,1,0,0,0,0,0,0,0,0,19,14.79656982421875
144818975d646da858cb759527b70878,0,0,1,1,0,0,0,0,0,0,0,1,60,14.13153076171875
144b854a0ef917ef5b461f054a78bc39,0,1,1,1,0,0,0,0,0,0,0,0,19,4.68572998046875
145320a9a1c876a2d27b9667ffb15fa8,0,1,1,1,0,0,0,1,0,1,0,0,55,8.19647216796875
145bd642fd017a5064f5521acb08cca1,0,1,1,1,0,0,0,0,0,0,0,0,23,24.14129638671875
145de8cfcae58aa7a927415560532ea6,0,0,0,0,0,0,1,0,0,0,0,0,45,10.57586669921875
1468b28a3d62cf69ff180754e4207fe2,0,1,1,1,0,0,0,0,1,1,0,0,28,37.67401123046875
1472ac76b5b1992edef935e50ba6dfb8,0,1,1,1,0,0,0,0,0,0,0,0,46,28.69744873046875
14792e17a677099449059d58a507a42c,0,1,1,1,0,0,0,0,1,1,0,0,31,22.01873779296875
149039f0a3bd877ec1cc6c239b04c899,0,1,1,1,0,0,0,0,0,0,0,0,2,18.79315185546875
14918c09b70b0c5dc8193858fdfa3448,0,1,1,1,0,0,0,0,0,0,0,0,19,24.83709716796875
14929a0ecc7dd54beb241877817687eb,0,1,1,1,0,0,0,0,0,0,0,0,33,33.87371826171875
1495565c775a7a154027ddf783c675a8,0,0,0,1,0,0,0,0,0,0,0,1,23,60.07147216796875
14997cafcb865d4f3587dee565ffc29c,0,0,1,1,0,0,0,0,0,0,0,1,18,18.07879638671875
14a576dd5bf05ef21c2cf4702872f7ce,0,1,1,1,0,0,0,0,0,0,0,0,28,8.42547607421875
14c14a8de69cba0b54e63bcfdcda77f0,0,0,1,0,0,0,0,0,0,1,1,0,50,6.31610107421875
14c6725fb7ca7a16ef64a3da47ab0f65,0,0,1,1,0,0,0,0,1,1,0,1,100,5.24383544921875
14ca7fc6329aec72a19a2a1cffc4db7f,0,0,0,1,0,0,0,0,0,0,0,1,38,5.72235107421875
14ced6890b5b54d5819a9eda098677d5,0,1,1,1,0,0,0,0,1,1,0,0,65,29.80389404296875
14d33b2fcdd377b088552f6972a0bf18,0,1,1,1,0,0,0,0,0,0,0,0,26,31.02264404296875
14d63399e4de6e6b0f049f5266e194e8,0,1,1,1,0,0,0,0,0,0,0,0,31,53.16473388671875
14dfbf9a269795b1be48f2e71e0db060,0,1,1,1,0,1,0,0,0,0,0,0,9,11.11102294921875
14e22fc308f75b661cc0fcca1a4afc36,0,1,1,1,0,0,0,0,0,0,0,0,36,41.68231201171875
14e2374dd487c240d62c4b6f8f1ab53d,0,1,1,0,1,0,0,0,0,0,0,0,40,9.45233154296875
14e722a86306e100874bdc0f2b40270a,0,1,1,1,0,0,0,0,0,0,0,0,27,20.78778076171875
14e87a7536e0b57511210eb9a2104d7b,1,1,1,1,0,1,0,0,0,0,0,0,13,22.81512451171875
14e8fc593665bb46f918421461b64c74,0,1,1,1,0,0,0,0,0,0,0,0,30,8.03924560546875
14f0884d2eced1a1d7e5e97157937d8e,0,1,1,0,0,0,1,0,0,0,0,0,68,46.46014404296875
14f5a2ee15d95c006612f0f31c3d554e,0,1,1,1,0,0,0,0,0,0,0,0,35,14.71649169921875
151471a971cb149a3779b8abeb667368,0,1,1,1,0,0,0,0,0,0,0,0,22,4.22381591796875
151c5ea5345c25e4d1f92a441b586b1a,0,0,1,1,0,0,0,0,1,1,0,1,28,39.25115966796875
1522164abfa3c7fe719eb3b704b15178,0,1,1,1,0,0,0,0,0,0,0,0,21,8.75506591796875
1522a66e77525fea642c6d656a22ba08,0,1,1,1,0,1,0,0,0,0,0,0,30,20.18817138671875
1522ac00420ff0ce8ade26616c680163,0,0,1,0,0,0,1,0,0,0,0,0,40,15.51971435546875
15255f741b118a8ec30e692a8c06268f,0,1,1,1,0,0,0,0,0,0,0,0,45,10.80828857421875
1540cc3f8dc667b06e850c99ed273c03,0,0,1,1,0,0,0,0,1,1,0,1,27,30.78094482421875
154251ec33ccd24267bf40da6be56061,0,1,1,1,0,0,0,0,0,0,0,0,95,19.76776123046875
1544c51c2d0a694824c1d7fdb737f960,0,1,1,1,0,0,0,0,0,1,1,0,31,32.53143310546875
154678a10807e7ecd34586f14789fd49,0,1,1,1,0,0,0,0,0,0,0,0,28,18.34930419921875
154fe2d44aa7e3ce91e9640b1016f2d5,0,0,1,1,0,0,0,0,1,1,0,1,31,34.39666748046875
155eb6bbbfb4641e74546f040c72c234,0,1,1,1,0,0,0,0,0,0,0,0,35,21.46600341796875
1562e4a8e415657f628c56797c3af9f6,0,1,1,1,1,0,0,0,0,0,0,0,30,5.73992919921875
1563c84609d4b26621c6be972228195b,0,1,1,1,0,0,0,0,0,0,0,0,65,13.88201904296875
156bdb55757d910b6ac2176a015b9f45,0,1,1,1,0,0,0,0,0,0,0,0,37,12.42694091796875
156eb1de56065f2a3707b2a1102b308f,0,1,1,1,0,0,1,0,0,0,0,0,27,10.30584716796875
15714c3081a2c8becf6dbc2cf20c3564,0,1,1,0,0,0,0,0,0,0,0,0,25,17.90106201171875
15745e69fd34b7033ec385c0403a50d3,0,1,1,1,0,0,0,0,0,0,0,0,6,13.41180419921875
15759f0aed52951f988da1df59778714,0,0,1,1,0,0,0,0,0,0,0,1,29,21.33758544921875
15819ed0b5c7037168999069cce8eb29,0,0,0,1,0,1,0,0,0,0,0,0,22,14.48260498046875
15874becb7fb9e7e1fe2c74928c19dc2,0,1,1,0,0,0,1,1,0,0,0,0,51,7.38153076171875
158f430fe0369c8174720f4b8ff4bf44,0,1,1,1,0,0,0,0,0,1,0,0,19,37.67303466796875
159c8a8b6ca95c45adc95514cde98b7c,0,1,1,1,0,0,0,0,0,0,0,0,34,13.75213623046875
159d232a5c70a657195e6a632dd2d8a7,0,1,1,1,0,0,0,0,0,0,0,0,34,14.20623779296875
15a96da76a50d597c051e292ae646d26,0,1,1,1,0,0,0,1,0,0,0,0,22,8.28436279296875
15af888f41475f15b01c9fc050e48909,0,1,1,1,0,0,1,0,0,0,0,0,4,18.92010498046875
15bda3335526d2ab18834c65f93add56,0,1,1,1,0,0,0,0,1,0,0,0,66,18.98309326171875
15c681c62392f2ee73ee0087f37ddeaf,0,1,1,1,0,0,0,0,1,0,0,0,27,6.62860107421875
15ceafc4aaea1b8cd4e427817e3062fc,0,1,1,1,0,0,0,0,0,0,1,0,34,22.29705810546875
15e2e38d3d534ce7269469b741df1869,0,1,1,1,0,0,0,0,0,0,0,0,18,30.06072998046875
15f26510b5a22d374e0fecbbdb3cacec,0,0,0,1,0,0,0,0,0,0,0,0,42,18.88104248046875
15f3334e388232fad7f24055791b2cd1,0,0,0,1,0,0,0,0,1,1,0,0,28,4.52850341796875
15f340536b9b557e0a7f5fc61b7ce399,0,0,0,1,0,0,0,0,1,0,0,0,22,16.82440185546875
15f7cde7ed93092bbd02dcd9cbf69e61,0,1,1,1,0,0,0,0,0,0,0,0,30,26.71502685546875
15f8ad6ac50507ebea1d3941628c1725,0,1,1,1,0,0,0,0,1,1,0,0,35,12.62713623046875
15fd0fbbec6b316ba0b25759db21223e,0,1,1,1,0,0,0,0,0,0,0,0,3,10.12176513671875
160433556b4c25e34757a83c1b2ad22e,0,1,1,1,0,0,0,1,1,1,1,0,33,35.60906982421875
160dc0d236224999a37ffb8b487bf4cd,0,1,1,1,0,0,0,0,0,0,0,0,37,40.78826904296875
1614933dce680a9761a0c180bf2a7fb7,0,0,0,0,0,0,0,0,0,0,0,0,13,47.70233154296875
16159a28d1425d6291cb217fd0094bf7,0,1,1,1,0,0,1,1,0,0,1,0,39,14.43084716796875
16267d82a822a38fdb2d431971e7a019,0,1,1,1,0,0,1,0,0,0,0,0,52,12.53631591796875
1628315f3fc925e0cc8f660d282f7568,0,1,1,1,0,0,0,0,0,0,0,0,18,25.56463623046875
163734781546539afc71ec5efcc78878,0,1,1,1,0,0,0,0,1,0,0,0,21,1.82244873046875
1639154afdda0bc0f5c9ca8843667e9f,1,1,1,1,0,0,0,0,0,0,0,0,36,23.62322998046875
1640d522612c78d37f0d29697cca8684,0,1,1,1,0,1,0,0,0,0,0,0,31,50.98065185546875
16473618bd65a42ab00743d907b25ec4,0,1,1,1,0,0,1,0,0,0,0,0,36,16.84588623046875
164f9ea1fef0ea9e68ef715e763005c8,1,1,1,1,0,0,0,0,0,0,0,0,28,19.67254638671875
16529e0d9ed249558107ef24ef55d512,0,0,1,1,0,0,0,0,0,0,0,1,29,43.37518310546875
1654d234853cfdbd924681a212834604,0,1,1,1,0,1,0,0,0,0,0,0,49,10.47869873046875
165826a2926fbd4e5eaa2d8f83713fb1,0,1,1,1,0,0,0,0,0,0,0,0,48,6.49627685546875
165bface83c98ea0ed9f981c31ac80dc,0,1,1,0,0,0,0,0,0,0,0,0,56,7.05438232421875
16666aec139e527a38dc77ce35941d04,0,1,1,1,0,0,0,0,0,0,0,0,30,23.49481201171875
1673ded6827ae62f2507734e04ed52ed,0,1,1,1,0,1,1,0,0,0,0,0,84,28.23358154296875
168041d1860c7b9d2dad699ffd1bb72b,0,1,1,1,0,0,0,0,0,0,0,0,56,24.50994873046875
16857226b927e6e8a801bf3bf34e1022,0,1,1,1,0,0,0,0,0,1,0,0,34,20.50115966796875
16a119b307ea1756ed3f06372ba9f979,0,1,1,1,0,1,0,0,0,0,0,0,48,3.45233154296875
16a40a7df748b9ddf34010fadb9518b6,0,1,1,1,0,0,0,0,0,0,0,0,2,12.72332763671875
16a5269c7e9e2a7f46913b92592302d9,0,0,0,1,0,0,0,0,0,0,0,0,30,27.47283935546875
16ab854101436736742a40c0862bbae8,0,1,1,1,0,0,0,0,0,0,0,0,22,14.26727294921875
16b16c71d71bd20843683feebc3af356,0,0,1,1,0,0,0,0,0,0,0,1,59,16.39617919921875
16b675de21720b67ef4a11be3b8f77ed,0,0,1,1,0,0,0,0,1,1,0,1,77,40.57830810546875
16c67ee94e9c11ad593bba77aaf4ad61,0,1,1,1,0,0,0,0,0,0,1,0,27,32.44158935546875
16c7a21c1c55875a1c1519cee3ed6a7e,0,0,1,1,0,0,0,0,0,0,1,0,41,16.46746826171875
16cc4620bf8b2c5e7b953c1bc79ece19,0,0,0,0,0,0,1,0,0,0,0,0,53,1.90496826171875
16cd961736d0483f8dd56c7cbde84fcc,0,1,1,1,0,0,0,0,0,0,0,0,10,13.28143310546875
16d0c77632d1b54adff244bdefcf5aa9,0,0,1,1,0,0,0,0,0,0,0,1,45,35.45574951171875
16d2a80bece393ef4930bbc03047d22b,0,1,1,1,0,0,0,0,0,0,0,0,3,4.70721435546875
16d8e12207ede187e65ab45d7def117b,0,1,1,1,0,0,0,0,0,0,0,0,50,18.19989013671875
16d9ed8f11ebe86b3f4ec95043c17e73,0,0,0,0,0,0,0,0,0,0,0,0,35,11.09930419921875
16dc2fc8a600e1ed3981756b26b75c8b,0,1,1,1,0,0,0,0,0,1,0,0,30,0.45965576171875
16df6e9a3fa7493b67fb51ccc05e4ab9,0,1,1,1,0,0,0,0,1,1,0,0,25,22.41522216796875
16e40a41007af24c4a7cf9bcde55ef1d,0,1,1,1,0,0,0,0,0,0,0,0,4,10.97088623046875
16e54cd1ef5290f4c2bd2f7451e2de60,0,1,1,1,0,0,0,0,0,0,0,0,17,4.12225341796875
16f16663dedcd5ddade127f3eb720c2f,0,1,1,1,0,0,0,0,0,0,0,0,31,20.08612060546875
16fe7d7ad0fcce54d8ab218a6d696774,0,1,1,0,0,0,1,0,0,0,0,0,28,24.21795654296875
16ff28b089adae50f62cd4a6d7139073,0,1,1,1,0,0,0,0,0,0,0,0,18,20.74237060546875
1705ef2ecbeb4937bb7b44d038297fcf,0,1,1,1,0,0,0,0,0,0,0,0,32,22.64959716796875
170a0adbe77a1332118e8ea4e56f3dea,0,1,1,1,0,0,0,0,0,0,0,0,23,35.91766357421875
170c90c29f716cd2d41e036915ae1c32,0,1,1,1,0,0,0,0,1,1,0,0,28,31.10418701171875
170f1ac537b5d0b2b72e2ae5a11a14b8,0,1,1,1,0,0,1,1,0,0,0,0,59,12.59393310546875
1714842f0c58efb2969e50a3beab5b7e,0,1,1,0,0,0,1,0,0,0,0,0,33,9.86444091796875
1721f583d44348e4812dff0d2cdc2157,0,1,1,1,0,0,0,0,0,0,0,0,33,51.92254638671875
172503e8467ccac1ff9e6d16499627b8,0,1,1,1,0,0,0,0,0,0,0,0,28,6.52703857421875
17294aa3ea03519e7b03884493731de9,1,1,1,1,0,0,0,0,0,0,0,0,15,14.23895263671875
173218368c3a01062359b4052ba64854,0,0,0,1,0,0,0,0,1,1,0,0,30,2.55487060546875
1736588bbcfbb66fb27fa4cdfa32a937,0,1,1,1,0,0,0,0,0,0,0,0,19,6.26141357421875
17415a39725d55a1fa2edbb6a2d6ab41,0,1,1,1,0,0,0,0,0,0,0,0,30,7.13934326171875
174203ffe96996fbe67ba5036b63ff2b,0,1,1,0,0,0,1,0,0,0,0,0,31,43.22821044921875
174499e14528918c5bcc3475b0ef58a3,0,1,1,1,0,0,0,0,0,0,0,0,41,10.52264404296875
17476e315b51940eb5c22aa10c6d49b0,0,0,1,1,0,0,0,0,0,0,0,1,32,20.06561279296875
17486e6dd8ddcef6f6bf543ab09b0bee,0,1,1,1,0,0,0,0,1,0,0,0,28,22.29315185546875
1753911fd942356cb80ff02a05f24b67,0,0,0,1,0,0,0,0,0,0,0,0,35,21.98602294921875
175750d5b21722b7451361df8852e374,0,0,0,1,0,0,1,0,0,1,0,1,50,56.62322998046875
175cf60301a1c5811dc02ee6c4023237,0,1,1,1,0,1,0,0,0,0,0,0,24,5.73358154296875
1766f3e4d6a41af7fc9b6899d97e4172,0,0,1,1,0,0,0,0,0,0,0,0,79,18.57733154296875
17674afb303e65c3ae9c165d556f390e,0,1,1,1,0,0,0,1,0,0,1,0,36,40.33758544921875
1767c30d376cf6333bcb14189122d57b,0,1,1,1,0,0,0,0,0,0,0,0,19,26.22821044921875
1774987351494e8cc7087ee1f623883e,0,1,1,1,0,0,0,0,0,0,0,0,80,12.04803466796875
17756b5f1c12109d9f7086d0ebbc50fe,0,0,1,0,0,0,0,0,0,0,0,0,24,2.97137451171875
177a4eb50f9325b7b54d8a3575f0cbe1,0,0,0,1,0,0,1,0,0,0,0,0,25,13.78338623046875
177b1e47fa8b63fc32f152687ebf2b87,0,0,0,1,0,0,0,0,1,0,0,0,71,17.04608154296875
177cc8a542c30ca99e79617738bbe707,0,1,1,1,0,1,0,0,0,0,0,0,72,12.52069091796875
1785a340c0e0a9d7f5bae3faf28354dd,0,1,1,1,0,0,1,0,0,0,0,0,50,2.96405029296875
178a1e1cde7cbac31e5b8a92849aea52,0,0,0,1,0,0,0,0,1,0,0,0,20,15.93670654296875
1791180369993a28ea50e8efb7d48fbc,0,1,1,1,0,0,0,0,0,0,0,0,100,29.58123779296875
17982bfa1f00be0be329c41a57ad4282,0,0,0,1,0,0,0,0,1,0,0,1,10,5.21112060546875
17a155499581a5209a0bb6bb351b8ece,0,0,0,1,0,0,0,0,0,0,0,0,100,27.68035888671875
17add0b2744a3a7e0a3ce8ecfd74199a,0,1,1,0,0,0,0,0,0,0,0,0,22,19.50848388671875
17b318bcae5a106c8b277c94beb66556,0,1,1,1,0,0,0,0,0,0,0,0,52,17.43963623046875
17cc1bc93a1078e97f083bebb7ea65f1,0,1,1,1,1,0,0,0,1,0,0,0,30,19.93377685546875
17cc1e7d96b70db819dd4e24745c2935,0,0,0,0,0,0,1,0,0,0,0,0,25,16.21405029296875
17d57d1e31313847965d9052dc950765,0,0,0,1,0,0,0,0,0,0,0,0,23,23.75018310546875
17e709d97c4d46256bb0f6af7c30bc23,0,1,1,1,0,0,0,0,0,0,0,0,76,23.49383544921875
17e799a0f9cd2ea01e5691e8f3bcb127,0,1,1,1,0,0,0,0,0,0,0,0,29,21.79364013671875
17e82f560df6e908c8d74523fcdc82fe,0,0,1,0,0,0,0,1,0,0,0,0,69,23.84295654296875
17f08a38f32f04fdb3413c7ba1280071,0,1,1,1,0,0,0,0,0,0,0,0,34,25.27117919921875
180d618bb956cd5c58a9ae9329c9ae3a,1,1,1,1,0,0,0,0,0,0,0,0,59,10.06903076171875
181315de51fd62e353984d630f12c09b,0,0,1,1,0,1,0,0,1,0,0,1,20,29.05096435546875
1816e4015532209589c255395bfadc0a,0,0,1,1,0,0,0,0,0,0,0,0,62,0.81512451171875
18171c7617e16836ccd6b3dcc0b7f8e5,0,1,1,1,0,0,0,0,0,1,0,0,78,9.23162841796875
181dcc2bf6be578c65f5b355466f7d05,0,0,1,1,0,0,0,0,0,0,0,0,30,18.74139404296875
18254fb0566a4b094d93e90d37fc09eb,0,1,1,1,0,0,0,0,1,0,0,0,50,2.77313232421875
182ef6abe6fa11828b18279d12676858,0,1,1,1,0,0,0,0,0,0,0,0,34,25.88250732421875
184b2d8df7b8cfb5b232cb8d8e1fe365,0,1,1,1,0,0,0,0,0,0,0,0,33,29.51776123046875
184b5eaef61d1cc8f915a13d5de69d3c,0,1,1,1,0,0,0,0,0,0,0,0,33,32.75067138671875
184fd818be6dc9c85c6338d69f1dfbfc,0,1,1,1,0,0,0,0,1,1,0,0,20,36.83905029296875
185143dd238ae718f7ffbc7164ceecd9,0,0,0,1,0,0,0,0,0,0,0,0,20,29.57977294921875
1851fb53e4edfeeeb79ba90e80c9c509,0,1,1,1,0,0,0,0,0,0,0,0,20,18.68865966796875
1852e2c29997864c23e033987bc9339b,0,0,0,1,0,0,0,0,1,1,0,0,68,12.70526123046875
185546b046dd9fcdc78fa40708f00cf2,0,0,1,1,0,0,0,0,0,0,0,1,100,42.40399169921875
185c489bc283f8a57a37b3983f6b3070,0,1,1,1,0,0,0,0,1,1,0,0,66,23.47918701171875
185ddb4c83e7b7940db7db842a2eb6d1,0,1,1,1,0,0,0,0,1,0,0,0,29,6.86346435546875
1861169040e81b6674f0619b3b706072,0,0,0,0,0,0,1,0,0,0,0,0,20,40.51287841796875
188070740efcb650f143287b36c07fef,0,1,1,1,0,0,1,0,0,1,0,0,47,20.09002685546875
18922c7ce3d10e57e1114160ef290567,0,1,1,1,0,0,0,0,0,0,0,0,32,11.27508544921875
1897b6249ef06d3732b55d0a3081fdf9,0,1,1,1,0,0,0,0,0,0,0,0,100,20.53875732421875
189a2859d9e7c9361a59164284b6d530,0,1,1,1,0,0,0,0,0,0,0,0,91,19.50604248046875
18a4d3610936f0d65ed881949b52cb85,0,1,1,1,0,1,0,0,0,0,0,0,30,18.31756591796875
18a693e2b55313788ea4313bcf3938d6,0,1,1,1,0,0,0,0,0,0,0,0,23,41.31365966796875
18b2b57c76199f6953bc651ecbeca4c6,0,1,1,1,0,0,0,0,0,0,0,0,32,12.79217529296875
18bc36a6823aa988c3957050fd7d5f58,0,1,1,1,0,0,0,0,1,0,0,0,65,36.09100341796875
18c31754b91f4355217eeb8f8ac81b8b,0,1,1,1,0,0,0,0,0,0,1,0,12,13.90106201171875
18e5efa8ce5dc08dab7b8815e57dd10e,0,1,1,1,0,0,0,0,1,1,0,0,39,12.09979248046875
18e988abbdaa307200bf74a6741fd0da,0,0,0,1,0,0,0,0,0,0,0,0,31,45.62469482421875
18eb98e3be5fbfabe70eacfd480dae61,0,1,1,0,0,0,1,0,0,0,0,0,43,33.14276123046875
18ebab0e71ba1510aa39f6d63a1deb78,0,1,1,1,0,0,0,1,0,0,1,0,38,30.59197998046875
18f725b63f0be90a865dbdcd6bb1de22,0,1,1,0,0,0,0,0,0,0,0,0,24,27.38104248046875
1909302fa9af447bf34298c49bbcdd4a,0,1,1,1,1,0,0,0,0,0,0,0,51,12.96063232421875
19099e8dfcdd866c74e43612d8a0159d,0,1,1,1,0,0,0,0,0,0,0,0,10,16.56756591796875
19190da7b6c377ba0e766c021ed74cf1,0,1,1,1,0,1,0,0,0,0,0,0,31,11.02069091796875
191a55d9d4dcf2f39df0f6e0c31ad43f,1,1,1,1,0,0,0,0,0,0,0,0,2,26.96453857421875
1921109ca9fc37ea0e34194ca4e38541,0,1,1,1,0,0,0,0,1,0,1,0,25,9.99090576171875
192c40971fdd4dba378714624dc117f9,0,1,1,1,0,0,0,0,0,0,0,0,9,17.95086669921875
1939324fe5a5597d827c701212a9990c,0,0,1,1,0,0,0,0,0,0,0,0,37,35.33026123046875
19397cb9e09fda966396e6036a099985,0,1,1,1,0,0,0,0,1,1,0,0,29,5.87322998046875
193d5c557bbc11b758a77254071f0ad3,0,0,0,0,0,0,1,0,0,0,0,0,27,4.36151123046875
1940da9049af2a7cd97e3419541fbcf4,0,1,1,1,0,0,0,0,0,0,0,0,28,30.30877685546875
19460b81b5a474ee8869ae13ad21aba1,0,1,1,1,0,0,0,0,1,1,0,0,35,26.64520263671875
195671de175fbd0379274ecc21a0c29e,0,1,1,1,0,0,0,0,0,0,0,0,41,18.22283935546875
195b9e33156da602f9f4e9eb4026d386,0,1,1,1,0,0,0,0,1,0,0,0,20,27.62908935546875
196e8a9e763ecb0b2e7e067428d7429e,0,1,1,1,0,0,0,0,0,0,0,0,21,12.19891357421875
1971cfc517a80870039ba85a4fc0eda0,0,1,1,1,0,0,0,0,0,0,0,0,29,5.94158935546875
1977db82d83a97537a028c1dc5dfde9a,0,1,1,1,0,0,0,0,0,0,0,0,12,13.45819091796875
198114b4ec9512f42d970ea8568b3357,0,0,0,0,0,0,0,0,1,0,0,0,21,17.45574951171875
1986f0c8ed879fb7e81d3be54da09697,0,1,1,1,0,0,0,0,0,0,0,0,32,15.08660888671875
1990497244e6b3594bc1048045248560,0,0,1,1,0,0,0,0,0,0,0,0,27,21.32684326171875
199b6e37ebf74285617461c0e37e1eb2,1,1,1,1,0,0,0,0,0,0,0,0,28,9.14324951171875
199c56aefe66cc98dc8b43a7a8795844,0,1,1,1,0,0,0,0,0,0,0,0,27,2.04803466796875
19a16f78c70b776b3f532797420459d0,0,1,1,1,0,0,0,0,0,0,0,0,30,17.14422607421875
19a47368b20a7810ef62e116d37b3c72,0,0,0,1,0,0,0,0,0,0,0,0,88,27.31610107421875
19a6debf00439bcb1090c85125f70b29,0,1,1,1,0,0,0,0,0,0,0,0,33,58.96746826171875
19bd10a81c551ae50aa6c3052b5f92b2,0,0,1,0,0,0,0,0,0,0,0,0,30,21.79412841796875
19bdcfaf2cb79c40e432ccb8efd3c1d8,0,0,1,1,0,0,0,0,0,0,0,1,19,33.57733154296875
19c8b1e113fc6df638a651d286ac95c9,0,0,0,1,0,0,0,0,0,0,0,0,29,19.26092529296875
19d2ce17200a4f5144683a7343aacbc8,0,1,1,0,0,0,0,1,1,1,0,0,29,22.57049560546875
19d2f6e369f8f41db48bc46f4fdf8b21,0,0,0,1,0,0,0,0,0,0,0,1,38,35.08563232421875
19d44d20d0b1f051ffc8d96873ab3b6a,0,1,1,0,0,0,1,1,0,0,0,0,25,2.53045654296875
19da4863d43baceb50bb346fc942daf4,0,1,1,0,0,0,0,0,0,0,0,0,28,15.43280029296875
19e53f6b351136956ed00cb1e9d7fc6d,0,1,1,1,0,0,0,0,0,0,0,0,27,14.99432373046875
19f0886365b29d17cc75b337f930017e,0,0,0,1,0,0,0,0,0,0,0,0,19,27.62518310546875
19fd45e9b6e88402739f59b2ece1afd9,0,1,1,0,0,0,0,1,0,0,1,0,20,11.54315185546875
19ff3521fa9e2ee586054e5165cc18c6,0,1,1,1,0,0,0,0,0,0,1,0,42,29.12322998046875
1a00622c9108fb4ddcd716ce6a20b7b5,0,1,1,1,0,0,0,0,0,0,0,0,38,10.97772216796875
1a0bcdd10011aebf537c13104b042d50,0,1,1,1,0,0,0,0,0,0,0,0,41,21.54510498046875
1a10978f92e91f0a14ede103fbc09e29,0,1,1,1,0,0,0,0,0,0,0,0,57,19.12567138671875
1a15dac7e3fd448c568d7e2ce4be0ca0,0,1,1,1,0,0,0,0,0,0,0,0,38,28.41082763671875
1a16c9940b8932ef7cf95c18d5dee552,0,1,1,1,0,0,0,0,0,1,1,0,42,48.69598388671875
1a183040ca09674655e3b57c72cdd025,0,0,1,1,0,0,0,0,0,0,0,0,43,21.20526123046875
1a1a3d889af16a041e26726dee299df3,1,1,1,1,0,0,0,0,0,0,0,0,10,18.69940185546875
1a1a7efabb415a77a584d1643ad4eec8,0,1,1,1,0,1,0,0,0,0,0,0,23,21.91619873046875
1a2dcb7fd70b052932a531bceb70ad8f,0,1,1,1,0,0,0,0,0,0,0,0,75,-3.98419189453125
1a31d6c01c9503f894bab595dc04f62c,0,1,1,1,0,0,0,0,0,0,0,0,30,13.46893310546875
1a3fb2595bc6f7b7b2c9f2b885c179f4,0,1,1,1,0,0,0,0,1,1,0,0,3,12.33270263671875
1a42ffe6c96b5df74c39d72a46a77df7,0,0,0,0,0,0,1,0,0,0,0,0,26,19.21551513671875
1a453319f3b7858d4dd521ae1ba8016b,0,0,1,0,0,0,0,0,0,0,0,0,44,28.19158935546875
1a4774c55965a928185349b19446551f,0,0,1,1,0,0,0,0,0,0,0,0,21,30.03924560546875
1a483f7ce1b29984b9e18bac463bf097,0,1,1,1,0,0,0,0,0,0,0,0,36,14.52947998046875
1a49c5d74ad02e045c338a5f46380fb3,0,0,1,1,0,1,0,0,0,0,0,1,27,26.11541748046875
1a50f8b68a628b4be3028e14f8676855,0,0,0,0,0,0,1,0,0,1,0,1,24,16.57733154296875
1a6d5dab4c3f4af214758f721075830c,0,1,1,1,0,0,0,0,0,0,1,0,19,74.90399169921875
1a8456407bd62312f6a410b8af58fec6,0,0,1,1,0,0,0,0,0,0,0,0,34,22.69305419921875
1a8795e64a294ed0c95132e18ee198e1,0,1,1,1,0,0,0,0,0,0,0,0,55,15.27557373046875
1a8cdabc2b501a920a417c84cef55469,0,1,1,0,0,0,1,0,0,1,0,0,34,12.88153076171875
1a8ee3c8bf0e0a65498a2a8775b0ee20,0,1,1,1,0,0,0,0,0,0,0,0,13,2.32928466796875
1a9c6d4ac6652b8222729a246efd142e,0,1,1,1,0,1,0,0,0,0,1,0,33,20.00994873046875
1aa82bceb9912c642fd826f3808f4cea,0,1,1,1,0,0,0,0,1,0,0,0,36,17.41229248046875
1ab437d53b724f0bd26eccbca7e88d17,0,0,1,1,0,0,0,0,0,1,0,1,35,32.12420654296875
1ab56c8bf43f3a23b53b2d3016c333d5,0,1,1,1,0,0,0,0,0,0,0,0,100,28.27557373046875
1ab95d06b8b13dca3500397c40beae7a,0,1,1,1,0,0,0,0,0,1,1,0,54,27.44940185546875
1abb3664a2c7bebd416ee1076963cb03,0,0,1,0,0,0,0,0,1,1,0,0,31,12.05780029296875
1ac0fcfec7cbef0da0101890a983ccae,0,1,1,0,0,0,0,0,0,0,0,0,21,14.32879638671875
1ad0553a2470ec6be9c2a657f3e366bd,1,1,1,1,0,0,0,0,0,0,0,0,21,0.98260498046875
1ad1e3d009ec361d91778fb026124bcc,0,1,1,0,0,0,1,0,0,0,0,0,39,12.96209716796875
1ade125ab98dcbe2963b5a92c0dd0416,0,0,1,1,0,0,0,0,1,1,0,1,58,44.06951904296875
1adf4dbaa60aa795988194d0657979e9,0,1,1,1,0,1,0,0,0,0,0,0,28,31.46990966796875
1ae7b75fa043600469876abd2121952f,1,1,1,1,0,0,0,0,0,0,0,0,43,16.87713623046875
1ae9b546fa02d0b23ce68b8bd9f4abcf,0,1,1,0,0,0,0,0,0,0,0,0,32,24.04803466796875
1af173d1a1593584e602d0233e3d87dc,0,0,1,1,0,0,0,0,0,0,0,1,44,38.06365966796875
1af3ddd0ef9e8d25923a2bb95724fcf6,0,1,1,1,0,0,0,0,0,0,0,0,20,19.76678466796875
1afb7ba329c02468c4ff87f499e69941,0,1,1,1,0,0,0,0,0,1,0,0,30,18.86444091796875
1afc041f7c248cd10aa18827c4cde637,0,1,1,1,0,0,0,0,0,0,0,0,34,6.10369873046875
1afd915f1ea0e9fbe82d28126b4c7a9f,0,1,1,1,0,0,0,0,0,0,0,0,35,25.83709716796875
1b01394183320c0148bae2dde789c5b4,0,1,1,1,0,0,0,0,0,0,0,0,82,15.61297607421875
1b01da5e6bd31b0bf6dc45530e2619db,0,1,1,1,0,0,0,0,0,0,0,0,25,16.34735107421875
1b01e5d121fda4e3cdcab35a24697e16,0,0,0,1,0,0,0,0,0,0,0,0,10,30.28533935546875
1b06ca720773fd9b86882beec78d92bb,0,1,1,0,0,0,0,0,0,0,0,0,39,22.54266357421875
1b076637777f989a69ef4532089652e1,0,1,1,1,0,0,1,0,0,0,0,0,41,12.94793701171875
1b0797f4bd3e8f980d6bc5c887d9dadd,0,1,1,1,0,0,0,0,0,0,0,0,18,19.87420654296875
1b07b3fe1e8fc17994279a40ec6299e4,0,1,1,1,0,0,0,0,0,0,0,0,52,35.66131591796875
1b101261b9ed2f30da5b149e28f4f53c,0,1,1,1,0,0,0,0,0,0,0,0,37,11.23846435546875
1b12fbb3f7d12ee3bfd2267cb64bf17c,0,1,1,1,0,0,1,0,0,0,0,0,8,14.38397216796875
1b1863ec6f69299208152fa492c5766f,0,0,0,1,0,0,0,0,0,0,0,0,41,6.00701904296875
1b192ca900faf199019e58e71f823a2f,0,1,1,1,0,0,0,0,1,1,0,0,36,13.45672607421875
1b1c7f3833828de3c93a5c938cdf602a,0,1,1,1,0,0,0,0,1,1,0,0,36,6.09930419921875
1b25d9083f80857b1671c6d7599d395d,0,0,0,0,0,0,0,0,0,0,0,0,57,16.61151123046875
1b2d3270457ed0d99abd78ad88d32b48,0,1,1,1,0,0,1,0,0,0,0,0,32,12.37615966796875
1b3c3a870c7247df55dfec64e408f03a,0,1,1,1,0,0,0,0,0,0,0,0,28,16.77899169921875
1b3eb96058bf97df619e560fa9f96459,0,1,1,1,0,0,0,1,0,0,1,0,28,13.62225341796875
1b45380fe904fcf1cac7c83387c76525,0,1,1,1,0,0,0,1,0,0,1,0,35,21.42059326171875
1b4bba5080b54db2de61372a2d4687a6,0,0,1,0,0,0,1,0,0,0,0,1,71,25.49383544921875
1b4fa53c5a012ae3b9403ec2e8ad778d,0,0,1,0,0,0,1,0,0,0,0,1,29,32.21258544921875
1b53887ca5cc86d0e15b21fbae04c4a8,0,1,1,1,0,0,0,0,1,1,0,0,25,40.60858154296875
1b5c546cbab6aca8e555d09e2af9018e,0,1,1,1,0,0,0,0,0,0,0,0,18,20.91278076171875
1b7db5aec7c205b8679f6ea16dda936a,0,0,1,1,0,0,0,0,1,1,0,0,66,13.83319091796875
1b91658901bc269eca5c65e85192cf45,0,1,1,1,0,0,0,0,0,0,0,0,34,13.82733154296875
1b931cff418ab9c70f241e00d225cfc5,0,1,1,0,0,0,0,1,0,0,0,0,47,10.06854248046875
1b954abdf326865ef8885784c0b02fa2,0,0,1,1,0,0,0,0,0,0,0,0,34,46.22479248046875
1b999430df7873df7ca2f266ca9e5e2b,0,1,1,1,0,1,0,0,1,0,0,0,29,11.06268310546875
1ba21956266ec6091b62d1d9b0f0306e,0,0,0,1,0,0,0,0,0,0,0,0,24,18.86932373046875
1ba794025a60d91b83b6fa9a5f11d589,0,0,1,1,0,0,0,0,0,0,0,1,18,28.94500732421875
1bb317785b78de056ca6e8bb2bbd0019,0,1,1,1,0,0,0,0,0,0,0,0,64,24.78289794921875
1bba48c3aa7ff36bf8ec650838abc455,0,1,1,1,0,0,0,0,1,1,0,0,45,12.54608154296875
1bbb14174ff01db50fde6be8a9b63368,0,1,1,1,0,0,0,0,0,0,0,0,29,18.74530029296875
1bbb195776d52c128308963dc894da91,0,1,1,0,0,0,0,1,0,0,1,0,11,21.57000732421875
1bc2e658897754ff48e4a1d515c77ad5,0,1,1,0,0,0,1,0,0,0,0,0,61,25.98016357421875
1bd0d1c5e59340d9e0571b98d3f3f4e0,0,1,1,1,0,0,0,0,0,0,0,0,13,15.37274169921875
1bd824b7743dd0e4d41d07f34bf0137b,0,1,1,1,1,0,0,0,0,0,0,0,36,21.88299560546875
1bdfd7cdb8215c5358c3bc424123688a,0,1,1,0,0,0,0,0,0,0,0,0,55,32.75360107421875
1becbf260e2e462e93f269807e23d1e6,0,1,1,1,0,0,0,0,0,0,0,0,90,18.19891357421875
1bf083f341b2daf346363a1d72415868,0,1,1,1,0,0,0,0,1,1,0,0,27,10.52850341796875
1bf208d40f46945fe5c7acee8d166e80,0,0,0,1,0,0,0,0,0,0,0,0,3,11.53582763671875
1bfae7f600b49f8688f51dc9020ff3cb,0,1,1,1,0,0,0,0,0,0,0,0,62,24.54803466796875
1c04be4dd051f3afd49850a3baf4a187,0,1,1,1,0,0,0,0,0,0,0,0,27,13.26483154296875
1c11803d38bb2f4fe7e7cb1cf4620443,0,1,1,1,0,0,1,0,0,0,0,0,34,28.18475341796875
1c213da33ea72fd804944bb586dec59d,0,1,1,1,0,0,0,0,0,0,0,0,83,26.23114013671875
1c256ff36d0109d4c10f9b941ca8a2fa,0,1,1,1,0,0,1,0,0,0,0,0,2,8.33123779296875
1c31fbeb3e6f13a150c80fa6944df245,0,1,1,1,0,0,0,0,0,0,0,0,73,25.42449951171875
1c41962b9ea1ba81749371e6542d4bb4,0,0,0,1,0,0,0,0,0,0,0,0,71,9.65936279296875
1c4b612f72a96f86fb0ec97322412822,0,1,1,1,0,0,0,0,0,0,0,0,42,18.19598388671875
1c4c44bc24ba03c507177d9c83a7f136,0,1,1,1,0,0,0,0,0,0,0,0,29,26.62811279296875
1c4f6a81fc58a6468b4b15a995300ee4,0,1,1,1,0,0,0,0,0,0,0,0,100,1.67401123046875
1c5935fa3e1b4928d9a53cb1eb3701b9,0,1,1,1,0,0,0,0,1,1,0,0,3,23.73602294921875
1c5feedf1728d122361a5dcaa6780df2,0,1,1,1,0,0,0,0,0,0,0,0,22,-5.31622314453125
1c61b290bde3d17223a689797b30d999,0,1,1,0,0,0,0,0,0,0,0,0,24,11.65350341796875
1c7682f553e3b0e61d641f6572e08bec,0,1,1,0,0,0,0,0,0,0,0,0,46,21.11444091796875
1c7b1b873ddfb123459648822c6a1908,0,1,1,1,0,0,0,0,1,1,0,0,28,16.52069091796875
1c8284661c5c710cd1bd517d5c3e0f63,0,1,1,1,0,0,1,0,0,0,1,0,15,3.93280029296875
1c8f0cf296057c1caa69cb44112cc00b,0,1,1,1,0,0,0,0,0,0,0,0,38,14.04119873046875
1c9218a5f9e21e9b60e118be4da3cf84,0,0,1,1,0,0,0,0,0,0,0,0,100,3.99334716796875
1c945c90ea7a06d9f05c892420503549,0,1,1,0,0,0,0,0,0,0,0,0,29,11.85614013671875
1c95dd06e7e83b9410a85905560c76e1,0,1,1,1,0,0,0,0,1,1,0,0,100,5.24822998046875
1c97e8c78a48262ba7f66f1b63240b97,0,1,1,1,0,1,0,0,0,1,1,0,34,6.57049560546875
1c99826340304f513ccca4ce74005ca5,0,1,1,1,0,0,0,0,1,1,0,0,13,17.79608154296875
1ca299575dca8ea695f308ecb87bf710,0,1,1,1,0,0,0,0,0,0,0,0,35,20.58172607421875
1ca3825fd90ac287ecabbf522069ff67,0,1,1,1,0,0,0,0,0,0,0,0,29,57.54461669921875
1ca42d14896ce3d94826b310e9589d39,0,1,1,1,0,0,0,0,1,0,0,0,70,21.93377685546875
1cc253e028b0067608e233d57c372f9f,0,1,1,1,0,0,0,0,0,0,1,0,2,31.15545654296875
1cc4919a5f841b3dc74165ae39f29df1,0,1,1,1,0,0,0,0,0,0,0,0,51,38.57391357421875
1cc4a2f1bf6dca374b7435f8770eb6c2,0,0,1,1,0,0,0,0,0,0,0,0,36,27.64129638671875
1cc6e410931e2721398bc54df01c9d70,0,0,1,0,0,0,0,0,0,0,0,0,42,28.76824951171875
1ccf85582e31e7f37eef630421e01330,0,1,1,1,0,0,0,0,0,0,0,0,29,18.93817138671875
1cd5c44b6f8ba7b945e9b5d588f093b4,0,1,1,1,0,0,0,0,0,0,1,0,41,19.22576904296875
1cdc58b18edf2dee63639ef087eb73d4,0,1,1,1,0,0,0,0,1,0,0,0,81,1.57733154296875
1ce83b20490eee264ef2a79077b519c3,0,0,0,0,0,0,0,1,0,1,0,0,18,18.08905029296875
1cf1455baad20199dfecfc5985eb508d,0,1,1,0,0,0,1,0,0,0,0,0,91,3.24432373046875
1cfba6bca9647e21a31c41dbf9fc87a9,0,1,1,1,0,0,0,0,0,0,0,0,45,15.57928466796875
1cfbd1e77bdf305e673c7e5d2178b470,0,0,1,1,0,0,0,0,1,1,0,0,21,6.09490966796875
1d0539c90075e8501d61258745100eac,0,1,1,1,0,0,0,0,0,0,0,0,28,33.41912841796875
1d0a100a24bc5db4da1036433f5e0787,0,0,1,1,0,0,0,0,0,0,0,1,43,35.11737060546875
1d0aa8bfd8552d1376c7567fb8212503,0,0,1,1,0,0,0,0,0,0,0,0,25,20.43572998046875
1d13d5a49c4809b145fd659c046b1578,0,1,1,1,0,0,0,0,1,1,0,0,43,14.82781982421875
1d1f4c131be21284d62204ab9b8a15d0,0,1,1,1,0,0,0,0,0,0,0,0,30,20.94403076171875
1d1f953d28f78f812f3ad3bcb98b5c7d,1,1,1,1,0,0,0,0,0,0,0,0,28,41.87615966796875
1d210a2181cb80b51e58ef83ab8e350b,0,1,1,1,0,0,0,0,0,0,0,0,43,29.49139404296875
1d25ea88a9731004fdef8c3c4d5bfeac,0,1,1,1,0,0,0,0,0,0,0,0,100,13.63739013671875
1d273ee552b8ea1350701499629085aa,0,1,1,0,0,0,0,0,0,0,0,0,67,5.94989013671875
1d29cf6ebc8dbb40b62056a6f30b0b0d,0,1,1,1,0,0,0,0,0,0,0,0,48,17.96405029296875
1d2b22d94b87726772eb83cca21ea942,0,1,1,1,0,0,0,0,0,0,0,0,22,12.82098388671875
1d31349cc78c3dffa89d70f1d88f7097,0,1,1,1,0,0,0,0,1,0,0,0,18,16.91180419921875
1d38f0df86d3b8e3f9bf5489d0cab1cd,0,1,1,1,0,0,1,0,0,0,0,0,19,29.90301513671875
1d3dd097162e7022fca80feb7882c260,0,1,1,1,0,1,0,0,0,0,0,0,24,59.53485107421875
1d403f6a8b28edd85272d480bed4d2cc,0,1,1,1,0,0,0,0,0,0,0,0,30,8.80828857421875
1d4105ec87781a0352c9bcb3817880f0,0,0,1,1,0,0,0,0,0,0,0,1,24,29.43475341796875
1d5249af75580ec61c473cdfa1c1571e,0,1,1,1,0,0,0,0,0,0,0,0,28,20.83514404296875
1d53f79c41bf325e21ccdc89c23e716c,0,1,0,1,0,0,1,0,0,0,1,0,23,20.56268310546875
1d5726f7ccbe59dbde48eacf394b4d84,0,0,0,1,0,0,0,0,0,0,0,0,16,10.86199951171875
1d5b19413e93b6a37d8d1a469a363179,0,0,0,1,0,0,0,0,1,1,0,0,25,8.14178466796875
1d615ce5d3214bdbaed24e85c422b6ef,0,1,1,1,0,0,0,0,0,0,0,0,26,32.57781982421875
1d62cd9439bb452390ece13419a1861e,1,1,1,1,0,0,0,0,0,0,0,0,94,1.53387451171875
1d64007bcdb526b8bfa93c0d2cc499b0,0,1,1,1,0,0,0,0,1,1,0,0,48,36.85174560546875
1d761f3befe29895178e8da9b5458d65,0,1,1,1,0,0,1,0,0,0,0,0,34,59.81658935546875
1d87ae16c9b2deacb0d378f7a28ce9c9,0,1,1,1,0,0,0,0,0,0,0,0,22,14.88494873046875
1d934e0ca991e55a43d2e431ddc95ca6,0,0,1,1,0,0,0,0,1,1,0,0,31,6.69696044921875
1d9b069caa39c9c77bce5f34d0d1894a,0,1,1,1,0,0,0,0,0,0,0,0,33,17.41375732421875
1da0720897b2123a94e473dd1bb58e1f,0,0,0,1,0,0,0,0,0,0,0,0,27,8.55487060546875
1db4f6e58d8d13dec6576672343e0057,0,1,1,1,0,0,0,0,0,0,0,0,34,50.99920654296875
1db6a3a3140691c34097acdf09219467,0,1,1,1,0,0,0,0,0,0,0,0,25,23.45428466796875
1db7da54b5d1810e7ef7f996db6db4df,0,1,1,0,0,0,0,1,1,1,0,0,33,28.74627685546875
1dc00c8c6be7939ead0f0005a90f1c7b,0,0,1,1,0,0,0,0,0,0,0,0,100,13.60760498046875
1dc08371775c87bd6ee1c90b0740d053,0,1,1,1,0,0,0,0,0,0,0,0,68,13.06170654296875
1dc083b3c8cb2aecbda7607f9b1959f2,0,1,1,1,0,0,0,0,0,0,0,0,28,30.98748779296875
1dc08f6b44688582cc042061a020b4fd,0,0,0,1,0,0,0,0,0,1,0,0,20,25.23797607421875
1dc22488d49c2af987ac2758e1570fe3,0,1,1,1,0,0,0,0,0,0,0,0,80,12.10223388671875
1dc38db288b325fd969adeb4e9b2aa85,0,1,1,1,0,0,0,0,0,0,0,0,36,17.22576904296875
1dcb4ca27c42a695618c73e53d983d9e,0,0,0,0,0,0,0,0,0,0,0,0,97,7.52508544921875
1dcff5cfee30b494fa5636cca2ea6dc8,0,0,0,1,0,0,0,0,0,0,0,1,2,59.00897216796875
1de45a23ae9383dea91c444af633dbea,0,1,1,1,0,0,0,0,0,0,0,0,27,8.82635498046875
1df551971007b905330d6739f41dff61,0,1,1,1,0,0,0,0,1,1,0,0,27,10.16326904296875
1dfe51dfee37c5711a4261fbefe46023,0,1,1,1,0,0,0,0,1,1,1,0,34,10.34686279296875
1e041cc2c95b0c04d81ced1592cb031d,0,1,1,0,0,0,0,0,0,0,0,0,44,58.52508544921875
1e11a33d3f9c3f043f94a8eec3665ff1,0,1,1,1,0,0,0,0,0,1,0,0,25,27.83465576171875
1e1867d7b7a8753c2a85adafab277294,0,0,1,1,0,0,0,0,0,0,0,0,49,32.44451904296875
1e24614c6b07ad2b50a6f8aa7f6de373,0,1,1,1,0,0,0,0,0,0,0,0,55,21.15350341796875
1e27c96ff19f62a2b696efe5608f8a22,1,1,1,1,0,0,1,0,0,0,0,0,32,17.55633544921875
1e394b24cd343e0acfd57c4c63010730,0,1,1,1,0,0,0,0,0,0,1,0,12,29.22137451171875
1e3af9b7a8666c775951dacae66bccf5,0,0,0,0,0,0,0,0,0,0,0,0,30,9.71600341796875
1e45fd8e07ab0d3dd528228897a66c4c,0,1,1,1,0,0,0,0,0,0,0,0,55,28.18524169921875
1e4927134be64199979b6e0002115c19,0,1,1,1,0,0,0,0,0,0,0,0,24,10.63739013671875
1e493b1bdfe00177acffb283e958cfd1,0,0,0,1,0,0,1,0,1,0,0,0,69,25.98162841796875
1e59bc4bf0f630df8f17fb908b7c13c2,0,1,1,1,0,0,0,0,0,0,0,0,100,13.58905029296875
1e672003625708329e13300c4d250e87,0,0,0,1,0,1,0,0,0,0,0,0,2,11.50604248046875
1e76aeb758ede367a2c8a2dd6802a923,0,0,0,1,0,0,0,0,0,0,0,0,57,20.48260498046875
1e78ebd90e3e3dbc1f70ef98c999ff0b,0,1,1,1,0,0,0,0,0,0,0,0,28,9.38934326171875
1e88155ad26715e5f7871f395f014c5d,0,0,1,1,0,0,0,0,0,0,0,1,27,46.80291748046875
1e8e0be9d9f2097e12b1a3854dd28892,0,1,1,1,0,0,0,0,0,0,1,0,26,15.55877685546875
1e930afc792183fc6cb2a9d101e9281d,0,1,1,1,0,1,0,0,0,0,0,0,43,22.76922607421875
1e93d87f931fc6069fb37ccb79ac68c4,1,1,1,1,0,0,0,0,0,0,0,0,2,-5.78790283203125
1e96449d0b886228ce397c0c5f6fd2bc,0,1,1,1,1,1,0,0,0,0,0,0,20,22.40740966796875
1e9a995d48111fedd4d5227330e5d673,0,1,1,1,0,0,0,0,0,0,0,0,53,5.41961669921875
1ea663df85a2eee0b2b4b5416677cb25,0,0,1,1,0,0,0,0,0,0,0,0,34,0.96746826171875
1eb8bc81c983cb8ec8d8e99d6b31d158,0,1,1,1,0,0,0,0,0,0,0,0,50,18.48016357421875
1eb97cc45e0c69814c134fde7c79f5c8,0,1,1,1,0,0,0,0,1,0,0,0,65,38.48358154296875
1eb9b8439d21ed3f2fbb5f89f569266b,0,1,1,1,0,0,0,0,0,0,0,0,23,24.04608154296875
1eda51811aea43f20b9a1c7b7567c752,0,1,1,1,0,1,0,0,0,1,1,0,26,8.80145263671875
1ede13f1c4b767b269108ab09ecfe881,0,1,1,1,0,0,0,0,1,1,0,0,29,9.73651123046875
1ee2d204f362768c17f524363f6cc2b4,0,1,1,1,0,0,0,0,0,0,0,0,7,3.26580810546875
1ee5a9b1489df5a947d19eddcb80b039,0,0,1,1,0,0,0,0,0,0,0,0,12,5.05682373046875
1ee6405ebf583bbd09446a425f5db005,0,1,1,1,0,0,0,0,0,0,0,0,29,12.93719482421875
1ee891895ce14693742c9eef659b960e,0,1,1,0,0,0,0,0,0,0,0,0,49,23.60076904296875
1eef5a66b022db42a63a7a8498d66289,0,1,1,1,0,0,0,0,0,0,0,0,42,12.51873779296875
1ef7bf8e54e2707119bc59d4b9b7319f,0,1,1,1,0,0,1,1,0,0,0,0,24,9.69403076171875
1f01a5cbb43d3661a0c126e2844754e3,0,1,1,1,0,0,0,0,0,0,0,0,28,15.32000732421875
1f03a452abe5f323d64d8438f187482b,0,1,1,1,0,0,0,0,0,0,0,0,37,33.30096435546875
1f0cc7aa0d4c37960ddd095367749186,0,1,1,1,0,0,0,0,1,1,0,0,13,-0.71856689453125
1f130fa4204b539c6e7e31f4e1c4ea73,0,1,1,0,1,1,0,0,0,0,0,0,19,9.89227294921875
1f18ed3ce208e9976fee7c17d4ff26fd,0,0,1,1,0,0,0,0,0,0,0,1,26,32.64569091796875
1f38f1e11c62b04932b8b292c952714d,0,1,1,1,0,0,0,0,0,0,0,0,100,16.18035888671875
1f3925ade232068559cfabff61aefb72,0,0,1,1,0,0,1,0,0,0,0,0,2,22.28533935546875
1f404059f1a12358e7a5adbdfe6110c4,0,0,1,1,0,0,0,0,0,0,0,0,67,11.22283935546875
1f4f9da95a9c4bc1a48c100fc4cdca95,0,1,1,1,0,0,0,0,1,1,0,0,60,5.63055419921875
1f50641b0d57e58920951dd32e08383c,0,1,1,1,0,0,0,0,0,0,0,0,20,17.21697998046875
1f53b8750032a6717212ec1956862d1f,0,1,1,1,0,0,1,0,0,0,0,0,85,39.03729248046875
1f55470bdc1f60f6681c9e97868f97ca,0,1,1,0,0,0,0,0,1,1,0,0,19,4.64422607421875
1f60398125270b89423137e3e69bfd52,0,1,1,1,0,1,0,0,0,0,0,0,37,19.74725341796875
1f606823699c99e05447ffb6baac9652,0,1,1,1,0,0,0,0,0,0,0,0,35,17.11053466796875
1f7c17a3f5d8cec6bc0cd28daafd2e9b,0,1,1,1,0,0,0,0,1,1,0,0,6,8.81805419921875
1f7c4697a9103a99fa08afaaba885e59,0,1,1,1,0,0,0,0,0,0,0,0,60,11.58514404296875
1f7f000086edf5e4c0f5a8e4d93f157d,0,0,1,1,0,0,0,0,0,0,1,1,17,37.89959716796875
1f7f078c67340d277fcedbee03b42f91,0,1,1,1,0,0,0,0,0,0,1,0,31,13.95965576171875
1f88d2b177b699fb1117d6f3e6d6fd20,0,1,1,1,0,0,1,0,0,0,0,0,37,18.24627685546875
1f99520a021c0bcd181d6c888d68daec,0,1,1,1,0,0,0,0,0,0,0,0,34,14.55487060546875
1f99f5001949ab2a9093ed17e47af245,0,0,1,1,0,0,0,0,0,0,0,0,23,10.46112060546875
1fa08224ae7d78f465eb3ffed36707fc,0,1,1,1,0,0,0,0,0,0,0,0,27,34.11688232421875
1fa822769e0e5e7b5bfc16fe0619af73,0,1,1,1,0,0,0,0,0,0,0,0,100,9.82391357421875
1fbcbcdc8dba2af631dcee16e3ff8f4d,0,1,1,1,0,0,0,0,0,0,0,0,47,33.98944091796875
1fe5b8f82e7e8c0fa0cf0ff5bada400c,0,1,1,1,0,0,0,0,0,0,0,0,21,2.18768310546875
1fe7272744e250c68db3a11585000010,0,0,1,1,0,0,0,0,0,0,0,0,27,12.88885498046875
1fe80b05504a4f3c7e9daf22a6299012,0,1,1,1,0,0,0,0,0,0,0,0,29,30.95330810546875
1feb99c2a4cac3f3c4f8a4510421d6f5,0,1,1,1,0,0,0,0,1,1,0,0,29,47.58612060546875
1fec169934876adaa0f6f95b56540361,0,0,1,0,0,0,0,0,0,0,0,0,41,7.61932373046875
1fecdef9d99947d7ce6e6c73d4918397,1,1,1,1,0,0,0,0,0,0,0,0,28,-6.05743408203125
1feee422b8bb2a55f71a219e4cca8301,0,1,1,1,0,0,0,0,0,0,0,0,45,3.58465576171875
1feef8e7492c30adef9927392f151d4f,0,1,1,1,0,0,0,0,1,1,0,0,33,12.54315185546875
2003690eccabb930ee712d7387466765,0,1,1,1,0,0,0,0,0,0,0,0,32,4.56658935546875
200bfe4193099b816d033f86ee3092d7,0,1,1,1,0,0,0,0,1,1,0,0,28,8.45184326171875
201e7f70b258c19675dee10297285afd,0,1,1,1,0,0,0,0,0,0,0,0,35,30.97381591796875
2024fd085eb519cbfdb69236d1292cff,0,1,1,1,0,0,0,0,0,0,0,0,33,38.72137451171875
202d1e0561b8ec3670a2d908c4e6d0be,0,1,1,1,0,0,0,0,0,0,0,0,33,10.24676513671875
203133b87962d4d2549d9882ea9448dc,0,1,1,1,0,0,0,0,0,0,0,0,26,41.79412841796875
205be2d8e887f2fabe6ef8cd7ae122d1,0,1,1,1,0,0,0,0,0,0,0,0,39,15.08123779296875
2060b21b4ef7c03e2decd9cee4c7b3b2,0,0,1,1,0,0,0,0,0,0,0,1,77,26.92108154296875
2060b413ecc9aadc50c186a5827acb26,0,1,1,0,0,0,0,1,0,0,1,0,30,36.13397216796875
206b6a568a214125f07e466054dc2c9b,0,1,1,1,0,1,0,1,0,0,0,0,15,24.50262451171875
206b81d728d800a75e440465d80e86d2,0,1,1,0,0,0,0,0,0,0,0,0,35,47.12371826171875
206c674bace130fb0b378138d996e5bb,0,1,1,1,0,0,0,0,0,0,0,0,41,42.09930419921875
207036efc5c6ca499387921e3a37ce1e,0,1,1,1,0,0,0,0,0,0,0,0,22,23.55389404296875
2078c22b42ef27be25a2a435526d0457,0,1,1,1,0,0,0,0,0,0,0,0,11,15.10955810546875
20817c6d22d95f277c8eaea3e8379bf8,0,1,1,0,0,0,0,0,0,0,0,0,56,37.38543701171875
20818d2ccf4caef036922c5a5f36e61a,0,1,1,1,0,0,0,0,1,1,0,0,43,8.54510498046875
208398eb096fabbc51b343e06af3481e,0,0,0,1,0,0,0,0,0,0,0,0,53,11.24578857421875
2085da54eb06c8765c4d1e26588c2d81,0,0,1,1,0,0,0,0,0,0,0,0,80,1.77264404296875
2086e11ea02c299971ebb3a8a639ac86,0,0,0,0,0,0,1,0,0,0,0,0,53,4.95770263671875
208ebe3d3826d7552cac0aaabe6201c2,0,1,1,1,0,0,0,0,0,0,0,0,19,23.58905029296875
209696d6827dcb0f68d0ba61ead968a7,0,1,1,1,0,0,0,0,1,0,0,0,44,16.50750732421875
2099c0571f0ce1168c4b5ddee02d827f,0,0,0,1,0,0,0,0,0,0,0,0,76,13.12518310546875
209c48a214089ab9d24e77cf8f84b986,0,0,0,0,0,0,1,0,0,0,0,0,21,13.39276123046875
209d40004d93a01a1707995b05e2564d,0,0,0,1,0,0,0,0,0,0,0,1,55,22.86883544921875
209e5dd0c4094a9be5f1cc0d935d3fd5,0,1,1,1,0,0,0,0,0,0,0,0,26,10.44256591796875
209eff27fdc3dd5f96a70684f043c9c0,0,0,1,1,0,0,0,0,0,0,0,0,40,16.50848388671875
20a49aca4359f44fe3bbafaf3b3ebac9,0,1,1,1,0,0,0,0,0,0,0,0,19,32.80877685546875
20a9b0332beba5860008ce0469ae375c,0,1,1,1,0,0,0,0,0,0,0,0,6,28.74871826171875
20ae6f7630cb68dcc51013f428e607a0,0,1,1,1,0,1,0,0,0,0,0,0,45,1.32000732421875
20b195edd6d7aef46cdf0b40b0f86c27,0,1,1,1,0,0,0,0,0,0,0,0,48,28.31170654296875
20b809a967b57b409d8c2bb3076f6a51,0,1,1,1,0,0,1,0,0,0,0,0,43,32.48455810546875
20bbeba786bd1fb3ef8cf20f1824c8a0,0,1,1,1,0,0,0,0,0,0,0,0,33,22.67108154296875
20c9d2c96a3fe67171260dce0943e620,0,1,1,1,0,0,0,0,1,1,0,0,66,9.70672607421875
20cf3a2938ac42d1d4f0bf182ce6668e,0,1,1,1,0,0,0,0,0,0,0,0,61,17.62908935546875
20d17c068d0be47b689cf3bc48ce335d,0,1,1,0,0,0,0,1,1,1,1,0,23,5.78826904296875
20d6c0562d9dcd5ec57b4c6f1201ca4a,0,1,1,1,0,0,0,0,0,0,0,0,28,20.62518310546875
20d8d8728c060f6426a05335c7af094c,0,1,1,1,0,0,0,0,0,0,0,0,72,15.50018310546875
20d9e31981ab13d991c9e69f715c8566,0,1,1,1,0,0,0,0,0,0,0,0,42,14.56512451171875
20d9e4c8883247142037025981fdee43,0,1,1,1,0,0,1,0,0,0,0,0,39,15.88153076171875
20df649e39d1e34a1db981a9ff5e978f,0,1,1,1,0,1,0,0,0,0,1,0,90,14.88201904296875
20e0f2d5e24ed8448eb3c2d483fb23c6,0,1,1,1,0,0,0,0,0,0,0,0,30,26.26483154296875
20ebe45894e740a627da088335f9ddea,0,0,0,0,0,0,1,0,0,0,0,0,64,8.90740966796875
20efef090e2a87860b8aa4beaf54e663,0,1,1,1,0,0,1,0,1,1,0,0,36,36.56365966796875
20f312ce199c281310cce38577d644eb,0,1,1,1,0,0,0,0,1,1,0,0,59,15.56561279296875
2105f30a06e8601d6cc5c9b04c73ce87,0,0,1,1,0,0,0,0,0,0,0,1,23,27.56268310546875
2108797ddfe9fad344a509864aae342a,0,1,1,1,0,0,0,0,0,0,0,0,92,34.67401123046875
210d53715ea77006686b61ae25ffaab9,0,1,1,1,0,0,0,0,1,1,0,0,32,21.65057373046875
210d5dc2fc7c03ee10f5872ee3a0afae,0,1,1,1,0,0,0,0,0,0,0,0,23,9.76971435546875
2114efb5473197ce31bcc75018c71660,0,0,0,0,0,0,1,0,0,0,0,0,100,26.69744873046875
211e20b7a15b4a3fb01d04cb25bd9c95,0,1,1,1,0,0,0,0,0,0,1,0,3,11.20867919921875
212e7be4792dab70f09127d456f93259,1,1,1,1,0,0,0,0,0,0,0,0,36,10.30096435546875
21329919576c32ab300312170a06388b,0,1,1,1,0,0,1,0,0,0,0,0,31,5.80584716796875
2137fc5dfde3a06a4f9b0b159f24119e,0,0,0,1,0,0,0,0,0,0,0,1,31,0.86639404296875
21384c98092f98e016541c7d64c1f36f,0,1,1,1,0,0,0,0,1,1,0,0,45,8.97186279296875
214c7636de0fcbe5bfb1aa3f785e42f9,0,0,1,1,0,0,0,0,0,0,0,1,36,23.95623779296875
214d6df99d68872bffbaf2af939b4f18,0,1,1,1,0,0,0,0,0,0,0,0,32,42.42449951171875
214f5556e124b1f7e4a6744de0ad10ed,0,1,1,1,0,0,1,0,0,0,0,0,22,15.40594482421875
214f998860f6d2176fad652e2695532c,0,1,1,0,0,0,0,1,0,0,0,0,28,24.47137451171875
21523dd8e13888a6f2d6f7dd26e1dbe2,0,1,1,1,0,0,0,0,0,0,0,0,35,37.20233154296875
215638205dd8332a8a2d4775aaec1ec3,0,1,1,1,0,0,0,0,0,0,0,0,31,32.21014404296875
215d552ffa96127d0cee430d3d8c96de,0,1,1,1,0,1,0,0,0,0,0,0,36,24.83856201171875
21615884762870eb2517f4e8752e6acc,0,1,1,1,0,0,0,0,0,0,0,0,35,47.90692138671875
2166b679f579c30bcc09ba06e3cbb254,0,1,1,0,0,0,0,1,0,0,1,0,17,34.46600341796875
21698f8d6d9013c052613b5f253101e5,0,0,0,0,0,0,0,0,0,0,0,0,16,21.59588623046875
216c9c05cde135d7e7b474c03e13beef,0,0,0,1,0,0,0,0,0,0,0,0,39,61.69354248046875
2174eccf851b4b8eee774ef927422c7c,0,1,1,1,0,0,1,1,0,0,0,0,29,14.22430419921875
21788e0949c62ab368ea461dbc0e1eb6,0,1,1,1,0,0,0,0,1,1,0,0,29,25.79998779296875
2178bd6b0b105f5889fa222a4abbe4cc,0,0,0,1,0,0,1,0,0,0,0,0,40,17.01776123046875
2185a7cdc6f4a1f9dbd617c1f3478b74,0,1,1,1,0,0,1,0,0,0,0,0,3,8.65838623046875
2189c150f2437400e8d66b0907fee45a,0,1,1,1,0,0,0,0,0,0,0,0,35,17.35076904296875
218e6442942a067b8f85f80fafbe99bc,0,0,1,1,0,0,0,0,0,0,0,1,46,33.71551513671875
21906c17ad24ecbf62536c097c1ec684,0,0,0,1,0,0,0,0,0,0,0,0,3,13.81365966796875
21909c13502cf2fa6f4f651bf510180a,0,0,0,1,0,0,0,0,1,1,0,0,19,7.09002685546875
21a40b7dad551ca4d3ae22678ce88a2b,0,1,1,1,0,1,0,0,0,0,1,0,24,28.76580810546875
21a487b360c726be68b09052581a53b7,0,1,1,1,0,0,1,0,0,0,0,0,42,11.81219482421875
21aa40379845772a90966ec0f86a29b5,0,1,1,1,0,1,0,0,0,0,0,0,30,1.87322998046875
21ad381c0421c30b1ce3f4e8ecf87223,1,1,1,1,0,0,0,0,0,0,0,0,81,45.31365966796875
21ad74a3f106e57870c0420f54f27df3,0,0,1,1,0,0,0,0,0,0,0,0,24,-1.40899658203125
21b132ec4e434d20e81ac16c7ac82f4d,0,0,1,1,0,0,0,0,0,0,0,0,49,20.27752685546875
21b202145a45db41ca275befaeb4530f,0,1,1,0,0,0,0,0,0,1,1,0,100,30.83807373046875
21b335d9c6ea03fe89253089d72c8880,0,1,1,0,0,1,0,0,0,0,0,0,31,21.37371826171875
21b564fc9585d565e95e1d5a5a77b177,0,1,1,1,0,0,0,0,1,1,0,0,26,9.68231201171875
21bd3c17e4ff35d36d0117ad2004b044,0,1,1,1,0,0,0,1,0,0,0,0,100,32.65447998046875
21cc7dab205bbd08bbe71da3beeaae64,0,0,0,1,0,0,0,0,0,0,0,0,48,9.59002685546875
21e2047f633f25a677f7c19436f34af8,0,1,1,1,0,0,0,0,1,1,0,0,37,10.51873779296875
21e695a1cee0fa5a41897a0bc4cc617c,0,1,1,0,0,0,1,0,0,1,0,0,31,18.62469482421875
21e7a6a627176a04c2718c96d5806b2e,0,1,1,0,0,0,0,1,0,0,1,0,32,36.49578857421875
21ed8e5f5b0dfc7b40b678234c50b579,0,1,1,1,0,0,0,0,1,1,0,0,20,8.33319091796875
21f2cad90c74905c1793929bdbbcf129,0,1,1,1,0,0,0,0,0,0,0,0,36,19.23944091796875
21f6dc471295c3362c17d147e0547700,0,1,1,1,0,0,0,0,0,0,0,0,51,8.65545654296875
21f8038309981512224530de3090168f,1,1,1,1,0,0,0,0,0,0,0,0,25,33.30096435546875
21f9e84298de6291a8bfd7bdbd8bfdec,0,1,1,1,0,0,0,0,0,0,0,0,26,27.51580810546875
21fe7f69343f996c23c51926b23f5a3b,0,1,1,1,0,0,0,0,0,0,0,0,42,22.16912841796875
21fef1371a652e8023665cae2451d6dd,0,1,1,1,0,0,0,0,0,1,0,0,36,13.57440185546875
21ffcf213384d026ba187905f4f3c1ab,0,1,1,1,0,0,0,0,0,0,0,0,33,4.41912841796875
220269032df59d9bdbf0e69619002d55,0,1,1,1,0,0,0,0,0,1,1,0,45,21.66033935546875
2209ede7ef1a05eecfb1eb93f032a493,0,0,1,1,0,0,0,0,0,0,0,1,42,13.03875732421875
220b47b673787e13907a4674e7b926dc,0,0,0,0,0,0,0,0,0,1,0,0,56,20.42596435546875
220cdb1382c1adb17d09f6e334dcb07f,0,1,1,1,0,0,0,0,1,1,0,0,45,5.84100341796875
221b2b852e65fe407ad5fd2c8e9965ef,0,1,1,1,0,0,0,0,1,0,0,0,37,23.73748779296875
221de53f5689bd74d402318f23f3ca08,0,1,1,1,0,1,0,0,0,0,0,0,29,17.55584716796875
22377a084d69ce50b9d89e60a8e13aa8,0,1,1,1,0,0,0,0,1,1,0,0,35,15.55389404296875
223835dcdfe58a2c459d89cff4778996,0,0,0,1,0,0,0,0,0,0,0,0,28,42.08416748046875
223d071aff53a7034def33120b3ded86,0,0,0,1,0,0,0,0,1,0,0,0,7,30.21112060546875
22404d93a84ff66677f0066a8aa1d109,0,1,1,1,0,0,1,0,0,0,0,0,55,16.98455810546875
2254385e81c4a980597c0fe05f49bb26,0,1,1,1,0,0,0,0,0,0,0,0,24,38.09783935546875
225afd20ff3680c38bc78d4e7e736ae7,0,1,1,1,0,0,0,0,0,0,0,0,46,47.27655029296875
225c58c83c8c98c5ba18f6952972eca1,0,0,1,1,0,0,0,0,0,0,0,0,51,5.36102294921875
2269fb644034eeda0439026cbfc55f24,0,1,1,1,0,0,0,0,1,1,0,0,47,3.97869873046875
226beba069c4288dc67ac1bcc4564896,0,1,1,1,0,0,0,0,0,0,0,0,29,14.27362060546875
2270ec839312719f8c924284a291d27e,0,1,1,1,0,0,0,0,0,0,0,0,36,27.42498779296875
227432c89950ecd367b809a1593a4fdc,0,0,1,1,0,0,0,0,0,0,1,1,2,43.22039794921875
2278e83f01a20e92e0cc9712a72a283e,0,1,1,1,0,1,0,0,1,1,0,0,31,17.20672607421875
227f7acb0e8bf93c835c3230e4a05ec1,0,0,1,1,0,0,0,0,0,0,0,1,28,18.73504638671875
22895db79c54e9110fb27ea39961e0d1,0,1,1,1,0,0,0,0,0,0,0,0,49,21.68621826171875
2289fdf7d53aee2e20886886bf9a682d,0,1,1,1,0,0,0,0,0,0,0,0,38,25.73699951171875
228be9e0b77348832530e13644ab1548,0,1,1,1,0,0,0,0,0,0,0,0,55,46.09442138671875
22a6ed6aff3641b4b0d453a5f2843324,0,1,1,1,0,0,0,0,0,0,0,0,24,14.94256591796875
22ab47ba95d8c09d4de5aaf0ff58c9ae,0,1,1,1,0,0,0,1,0,0,1,0,63,45.05047607421875
22af1428a2cbd9f0ef1422f13e758599,0,0,1,0,0,0,0,0,0,0,0,0,44,8.18865966796875
22b0d7d3afd29971530f092f7589861d,0,1,1,1,0,0,0,0,0,1,0,0,23,11.36785888671875
22b4d3cd9e5686ab0db8233efa7eef1a,0,1,1,1,0,0,1,0,0,0,0,0,27,15.20721435546875
22c763c8fd2150d70726a91045a86597,0,0,1,1,0,0,0,0,1,0,0,0,59,21.36248779296875
22cb02814f6e7ff2814d22fbcf68b783,0,0,1,1,0,0,0,0,0,0,0,1,25,13.11151123046875
22d14698a4a18ab79db253713c298a05,0,0,1,1,0,0,0,0,0,0,0,0,5,12.97772216796875
22dd4ad12358169d4b320d735be43a47,0,1,1,1,0,1,0,0,0,0,0,0,27,22.50360107421875
22de93a1bd728166517b5a6f18ee239c,0,1,1,1,0,0,0,0,0,0,0,0,39,8.96990966796875
22ed01509e29c50bbad14f5977366f81,0,0,1,1,0,0,0,0,1,1,0,0,2,9.40350341796875
22edee6802b8630c23de890bedd35c5b,0,0,1,1,0,0,0,0,0,0,0,1,48,30.22039794921875
22f565a0fcac67385ba13f1e6a4d361d,0,1,1,1,0,0,0,0,0,0,0,0,25,15.40887451171875
23085950c48eac4abe9edbb067291489,0,1,1,1,0,1,0,0,0,0,0,0,45,12.31756591796875
23124b523d079485c15ab85dcc9a5928,0,1,1,1,0,0,0,0,1,1,0,0,100,16.99383544921875
231a5883485a874d881c703d6188490a,0,0,0,1,0,0,0,0,1,1,0,0,27,30.52703857421875
231cb64191d0dd953c9c0c1add36ee05,0,0,1,1,0,0,0,0,0,0,1,0,18,15.93621826171875
232193022ce0e9a7433f76e543992000,0,1,1,1,0,0,0,0,0,0,0,0,40,26.80633544921875
2325e3d12a8dd34dcb136bdda12f059d,0,1,1,1,0,0,0,0,0,0,0,0,29,16.18572998046875
233268fd9bcf2c822017809e3d068390,0,0,1,1,0,0,0,0,1,1,0,0,50,34.98602294921875
233b6817bade6a6026221198bcb34852,0,1,1,1,0,0,1,1,0,0,1,0,25,18.55047607421875
234dcba7ff1d9c8be4fff928f85f332e,0,1,1,1,0,0,0,0,1,1,0,0,58,2.73455810546875
2352855e6c6fda783f78bf6bcfd25c93,0,1,1,1,0,0,0,0,0,0,0,0,52,18.78924560546875
23549c83770e38d08c6265b009b4f463,0,1,1,1,0,0,0,0,0,0,0,0,30,-10.91973876953125
235c64e9132749344e2257ccd6d5cf0c,0,0,1,1,0,0,0,0,0,0,0,0,73,17.90838623046875
235f5c8eecf9b2951f8e783abc35c964,0,1,1,1,0,0,1,0,0,0,0,0,45,11.47479248046875
2362b7b2c8c2178e9d004e5bfd7e09bf,0,1,1,1,0,0,1,0,1,1,0,0,81,14.89764404296875
2365330f77d4eaacd7486a3246c76be1,0,0,0,1,0,0,0,0,1,1,0,0,15,14.98260498046875
236e1dc53b244ea624e6fbc53d3c813b,0,1,1,1,0,0,0,0,0,0,0,0,28,14.12322998046875
236f6126b8f9b4b2f6bc8b217fda0392,0,1,1,1,0,0,0,0,1,1,1,0,36,4.85662841796875
23726b213da3f8d3231c2f3880f77a67,0,1,1,1,0,0,1,0,0,0,0,0,39,15.53778076171875
23849fe80dea8d3b969889e02c414046,0,1,1,1,0,0,0,0,0,0,0,0,30,26.95233154296875
239536b05821e475171b00ef744501ed,0,1,1,1,0,0,0,0,0,1,0,0,100,19.82684326171875
239bd055bbc5fcfe3598ff34e1dbbd01,0,1,1,1,0,0,1,0,0,0,0,0,39,1.97967529296875
23a3d5e4b8ed3bc3be0e0c38306d7ea6,1,1,1,1,0,0,0,0,0,0,0,0,33,29.18231201171875
23a8ecb22620da56d296d8a9871bfd8f,0,0,1,1,0,0,0,0,0,0,0,1,40,12.12908935546875
23b85b9e6e03b514409a1e5bc189c69e,0,1,1,1,0,0,0,0,0,0,0,0,82,17.65252685546875
23b8671523d3fd69be1e252a204d01ef,0,1,1,1,0,1,0,0,1,0,0,0,100,8.36883544921875
23bbcda990516a99732024d6ecba1ccb,0,0,1,0,0,0,0,0,0,0,0,0,19,33.51971435546875
23ca465b8c0cfd8562ed309ff94e3701,0,1,1,1,0,0,0,0,1,1,0,0,7,15.18328857421875
23d2731f7ba97ddc9b2b7e62dbd16d06,0,1,1,1,0,0,0,0,1,1,0,0,26,21.83074951171875
23d6acc01a68aade12f7a20a962ec025,0,1,1,1,0,0,0,0,0,0,0,0,22,6.36932373046875
23e4004c97255f97b90333da0871f4e1,0,1,1,1,0,0,0,0,0,0,0,0,45,40.27459716796875
23e520fcf44e70c6a4636f3822283027,0,1,1,1,0,0,0,0,0,0,0,0,26,9.18865966796875
23e6221b932b6237820b0e5ce39f4c73,0,1,1,1,0,0,0,0,1,1,0,0,41,19.17303466796875
23f471beacdd31c54eee3ed977d5c863,0,1,1,1,0,1,0,0,0,0,0,0,26,25.44549560546875
23fcf5a7f377548bbb37a32d29380102,0,0,1,1,0,0,0,0,0,0,0,1,24,18.91815185546875
2408f7180877906d1122231148c576c8,0,1,1,1,0,0,0,0,1,1,0,0,28,17.18768310546875
2410f4640d5c032ab0934e753316ce34,0,1,1,1,0,0,0,0,0,0,0,0,29,27.89569091796875
2415c41deebc40cdb3d73d7a97c8c67b,0,1,1,1,0,0,0,0,0,0,0,0,89,14.50750732421875
2422f1f8da3091f62aff9c27efc2dba7,0,0,1,1,0,0,0,0,1,1,0,0,67,30.37518310546875
2425f72293ba3dc84623e77f7f1c74b0,0,0,1,0,0,0,1,1,1,0,1,0,19,27.90057373046875
2427d56b0470bd11bb3ac83545be7b5a,0,1,1,1,0,0,0,0,0,0,0,0,21,29.85272216796875
24398e01afd20d5b197b31bc6f995505,0,0,1,1,0,0,0,0,0,0,0,0,58,22.32244873046875
2441ba22282827d8c3dc2dd4df256eed,0,1,1,1,0,0,0,0,1,1,0,0,12,30.54656982421875
2443118b14c0dcdc38c5d3709a377776,0,1,1,1,0,0,0,0,0,0,0,0,20,11.36932373046875
244cbbf3787b60817ee9d193e96d1b8d,0,1,1,1,0,0,0,0,0,0,0,0,33,25.86346435546875
245c6636b0f92446d65d83c98521acf7,0,1,1,1,0,0,0,0,0,0,0,0,30,5.52655029296875
2462688b543bf1921532b8be06b816c9,0,1,1,1,0,0,0,0,0,0,0,0,41,22.83221435546875
246814e0a79437546721a67f0ffd132f,0,1,1,1,0,0,0,0,0,0,0,0,36,10.43133544921875
246b143a82bb05a3ff52ee0839acc4ce,0,0,0,0,0,0,0,0,0,0,0,1,8,6.88836669921875
246c638a267a306392328de149ccc72b,0,1,1,1,0,1,0,0,0,0,0,0,84,29.18719482421875
246e44bcff8067ad93f4244d17ce3d35,0,1,1,1,0,0,0,0,1,1,0,0,39,10.09686279296875
247925904098fd871726e4805490f060,0,1,1,0,0,0,0,0,0,0,0,0,41,35.76776123046875
247f43a95c6d0412f0740404075cdd13,0,1,1,1,0,0,0,0,0,0,0,0,8,29.00848388671875
248419217523a1a6f782cf43fd04c2a1,0,1,1,1,0,0,0,0,1,1,0,0,10,6.67059326171875
2491c1d12f5ee2aa8b20512f1b29d4e2,0,0,1,1,0,0,0,0,0,0,0,0,33,19.95281982421875
24943329cc8e99976519c4918d4e8a59,0,1,1,1,0,0,0,0,0,0,0,0,30,13.99822998046875
2496f3f97901ceb5b2d8886b2ff66092,0,1,1,1,0,0,0,0,0,0,0,0,74,39.92401123046875
249d38a62e4a0c40858fcb29b6cbf269,0,1,1,0,0,0,0,0,0,0,0,0,34,31.20233154296875
24a64e06ad889926d95592066994b6cc,0,1,1,1,0,0,1,0,0,0,0,0,66,8.24285888671875
24abc061ce4fa2a9e2679b42d9185e93,0,1,1,1,0,0,0,0,1,1,0,0,100,13.83807373046875
24af0d24d0459baf573f552918b07353,1,1,1,1,0,0,0,0,0,0,0,0,37,7.81658935546875
24b0c21868c6ebfc165b0950a166c883,0,1,1,1,0,0,0,0,0,0,0,0,27,15.09344482421875
24b10e866f289f8e7f7686e1e77a1235,0,1,1,1,0,0,0,0,0,1,0,0,31,25.10467529296875
24b321c0a3b7d6b254f540922a494962,0,1,1,1,0,0,0,0,0,0,0,0,65,27.05535888671875
24c31962708293f176b0839c11aa95cd,0,1,1,1,0,0,0,0,1,0,0,0,45,14.56365966796875
24c7dea518d54384ae35f8120e64d390,0,1,1,1,0,1,0,0,0,0,0,0,16,2.48944091796875
24e1ab7aa7e4ee95f82bc61ebe0701cf,0,1,1,1,0,0,0,0,0,0,0,0,49,3.58026123046875
24e7a875df47a635cccb089b6dc513ec,0,1,1,1,0,0,0,0,1,1,0,0,37,30.55731201171875
24edd10b9efba747ae2fad429202123a,1,1,1,1,0,1,0,0,0,0,0,0,15,-0.11065673828125
24f7755f936686dc69a1dd7b163ad4b8,0,1,1,1,0,0,0,0,1,0,0,0,20,20.59735107421875
2503ea98674a9f3b327fe57eceb29dd6,0,0,0,0,0,0,1,0,0,0,0,1,39,19.61395263671875
250f9a723dff4938c310060184169b23,0,1,1,0,0,0,0,0,0,1,0,0,30,11.72186279296875
251114dfea54357547b2777150d12158,0,1,1,0,0,0,0,0,0,0,0,0,39,17.08026123046875
2513effa79a9315b48114a2751bcf1be,0,1,1,0,0,0,1,1,0,0,0,0,28,18.04510498046875
2521ef7975fbd0e6737ec3428319110b,0,1,1,1,0,0,0,0,0,0,0,0,32,6.25506591796875
252934bd63f317f6df1bc379ba4f48a3,0,1,1,1,0,0,0,0,1,1,0,0,32,19.38690185546875
252ae103a9321ff4ed0aabd5793fa91e,0,1,1,1,0,0,0,0,0,0,0,0,56,14.74432373046875
252c9d7d0f0909feb2645ddea22df7f8,0,1,1,1,0,0,0,0,1,1,0,0,24,7.57586669921875
2531d4bd052f3f6a415547c803b4b653,0,1,1,1,0,0,0,0,0,0,0,0,52,15.79412841796875
2534385a96fddbac4d7e46e8be821b47,0,0,1,1,0,0,0,0,0,0,0,1,24,28.33416748046875
2535e83141f8a986b608ad4a0857c948,0,1,1,1,0,0,1,1,0,0,1,0,25,21.03924560546875
253c8f80a6aef6a2be688bb7c72e21d9,0,0,0,1,0,0,0,0,1,1,0,0,100,17.76092529296875
254412dede5b9003a90244f86a74d4b4,0,1,1,1,0,0,0,0,0,0,0,0,21,25.88006591796875
254ba91546f3f8d53950cd371c92eb34,0,0,0,0,0,0,0,0,0,0,0,0,42,23.46307373046875
2552c93154e50ae42b40c0894f9c7711,0,1,1,1,0,0,0,0,0,1,0,0,25,39.39080810546875
2559b01592e9d1de020f43e3bdcdcaec,0,1,1,1,0,0,0,0,0,0,0,0,58,20.73162841796875
256feaf3655d67108cb0e8cc2df50824,0,0,1,1,0,0,0,0,0,1,0,0,60,30.48846435546875
2585b9c6d9e868252f022ed93ef801cf,0,1,1,1,0,0,0,0,0,0,0,0,29,0.85711669921875
2588e2704a12ed4fcabbe2dea07101ce,0,1,1,1,0,0,0,0,1,1,0,0,59,13.60174560546875
258a337fee142ceaf3b7b6e28bbc8947,0,0,1,0,0,0,1,0,0,0,0,0,37,18.50799560546875
258c8fa798df64d5d82e90d9255472cd,0,1,1,1,0,1,0,0,1,1,0,0,63,9.26580810546875
2592e947e5b30ae88b36cd96c9909fa4,0,1,1,1,0,0,0,0,0,0,0,0,30,23.38836669921875
25952978c3df89d8cf4b811d9ec15496,0,1,1,1,0,1,0,0,0,0,0,0,63,35.98162841796875
25a40127da473624680bf09c9daec880,0,1,1,1,0,0,0,0,0,1,0,0,34,29.58758544921875
25b32e7a733743b6eb105b5c770769d2,0,0,0,0,0,0,1,0,0,0,0,0,20,11.67108154296875
25b4c5e88ab5b786231bd56d7aa90212,0,0,1,1,0,0,0,0,0,0,0,1,39,11.14569091796875
25b67620fc80f0cf1bfaca996952223b,0,1,1,1,0,0,0,0,0,0,0,0,69,10.88494873046875
25bc522a516b3c57cb0542407ab5c002,0,1,1,1,0,0,0,0,1,1,0,0,100,82.38201904296875
25c384a325226bd9db5c0c328d158c0e,0,0,0,1,0,0,0,0,0,0,0,0,57,9.08612060546875
25cf26bab197cfe626e605416a2635bf,0,1,1,1,0,0,0,0,1,1,0,0,42,31.69256591796875
25d0d34a3a96806f455ae09a48fdf203,0,0,0,1,0,0,0,0,0,0,0,0,14,22.00799560546875
25d1b2d3b5f71f449157716d098a5644,0,1,1,1,0,0,0,0,0,1,1,0,48,8.02264404296875
25da0697e35dc3b99c4b5211d54b143a,0,1,1,1,0,0,0,0,0,0,0,0,3,18.05926513671875
25e3bf4267c2dc3f579b779418221bb7,0,1,1,1,0,1,0,1,0,0,1,0,25,32.75848388671875
25e82ff2194a93fdda5850650cbd330a,0,0,1,1,0,0,0,0,0,0,0,0,71,40.16082763671875
25ed6f1ee32a2f59b55eb5e0329e6c67,0,1,1,1,0,1,0,1,0,0,0,0,39,28.37420654296875
25ed880f1070c748a1882e989f26a16b,0,0,1,1,0,0,0,0,0,0,1,1,38,11.82293701171875
25f491ef43cd9aea1579a34362ded24d,0,0,0,1,0,0,0,0,0,0,0,0,53,19.22186279296875
26036ccdf68188a0653173c4da5bd0b6,0,0,1,1,0,0,0,0,0,1,0,0,36,17.51483154296875
261da7d49d9a60ff745ed8590652f15e,0,1,1,1,0,0,0,0,0,0,0,0,37,13.62030029296875
262430338cab56ce17d93925a2a2a01f,0,1,1,1,0,0,0,0,0,0,0,0,29,53.13836669921875
262dcc70e77ac7944672b611884808b7,0,1,1,1,0,0,0,0,0,1,1,0,66,39.62078857421875
26311bfc76eef10d8d7d3a227ed331a8,0,0,0,1,0,0,1,0,0,0,0,1,12,3.96893310546875
263879abce68de4af02ef5f7ef873d24,0,0,1,1,0,0,1,0,0,0,0,0,73,3.99530029296875
263c100750ad09e866e90cbb60004f40,0,1,1,1,0,0,1,0,0,1,0,0,25,26.45037841796875
263c7fb078644c41b9b73203708e6594,0,1,1,0,0,0,0,0,0,0,0,0,33,22.86834716796875
264094ab88065c59e7172bc1089367e0,0,0,0,1,0,0,1,0,0,0,0,0,80,19.12713623046875
2642889570627213ed1521230561888e,0,1,1,1,0,1,0,0,0,0,0,0,50,19.77117919921875
26481a766641849cefe220bbd826d9d5,0,0,1,1,0,1,0,0,0,0,0,1,66,13.39129638671875
264845a4236bc9b95123dde3fb809a88,0,1,1,1,0,0,0,0,1,1,0,0,59,45.45770263671875
264cdc13304d3e8629231adda9d69e83,0,1,1,1,0,0,0,1,1,1,0,0,36,37.65594482421875
2650a8c3c1ddeb062d8e54c9820e2747,0,1,1,1,0,0,0,0,1,1,0,0,16,19.48358154296875
26518e50dc2dbce70f904a2b841caab3,0,1,1,1,0,1,0,0,1,0,0,0,27,21.50018310546875
26578b2da0180a2141c7a9e4acfee569,0,1,1,1,0,0,0,1,0,0,1,0,60,27.38299560546875
265805a6cc84644750a1f25de7d16829,0,1,1,0,0,0,0,0,0,0,0,0,45,3.53240966796875
266abb44943122a44b5799e4312c2433,0,1,1,1,0,0,0,0,1,1,0,0,34,-1.51348876953125
26755df4b209818dbe23126a628a7826,0,1,1,0,0,0,0,0,0,0,0,0,48,39.65545654296875
267b32565f81c18b2e2fab88e3dad9af,0,1,1,1,0,0,0,0,0,0,0,0,79,23.00311279296875
267dd81f583af5d2afb20e8b05644de2,0,1,1,1,0,0,0,0,1,1,0,0,17,17.99432373046875
268334161ad2e93456c039a194705dab,0,0,1,1,0,0,0,0,0,0,0,0,47,51.85906982421875
268a01915415f435995be991ec5af73d,0,1,1,0,0,0,0,0,0,1,0,0,76,22.11541748046875
268c0ee57a2a00d581c0ef6da5b15184,0,0,0,1,0,0,0,0,0,0,1,1,40,41.02410888671875
268f737e1cce6643c6ee77c3e273e9f4,0,1,1,1,0,0,0,0,0,0,0,0,17,28.34442138671875
2690c09457bb54b743f22d800881c145,0,1,1,1,0,0,0,0,0,0,0,0,28,25.43865966796875
2690e4b06227f387117c9b8b743152fa,0,1,1,1,0,1,0,0,0,0,0,0,17,49.66912841796875
269143976b723dbfbb205bfc31a8892c,0,1,1,1,0,0,0,0,1,1,0,0,49,-4.02325439453125
269737d50c340989b896cf63724068cf,0,1,1,1,0,0,0,0,0,0,0,0,25,9.79412841796875
26ad21804985ebdfc7bd12540a05749d,0,1,1,1,0,0,0,0,0,0,0,0,29,8.94451904296875
26adfdf6d9ac6e83b969184c4ead7ab5,0,0,1,1,0,0,0,0,0,0,0,1,20,17.67352294921875
26b1d5608e893fb4af24808e0ceab223,0,1,1,1,0,0,0,0,0,0,1,0,24,44.88592529296875
26b7c940f9030345d1ea8f70ff10577a,0,0,0,0,0,0,1,0,0,0,0,0,48,17.76483154296875
26c086a7d3ea3734028db0548a05918c,0,1,1,1,0,0,0,0,0,0,0,0,3,61.21307373046875
26c3334d79438b819feef91ca730722c,0,1,1,1,0,0,0,0,0,0,0,0,29,6.83172607421875
26c4b28819e715c095dbc328075725e9,0,1,1,1,0,0,0,0,0,0,0,0,27,21.70184326171875
26d1f8f5668c0515775d975f31e418db,0,1,1,1,0,0,0,0,0,0,0,0,49,13.50897216796875
26d6f1fa2054b5c1d24f2a168758ba4f,0,1,1,1,0,0,0,0,0,1,0,0,60,24.69549560546875
26dce82b6eceed13e464aeb6333fcb0f,0,1,1,1,0,0,0,0,0,0,0,0,38,71.46453857421875
26dfbe4561d3dddebec70d273dbd2c86,0,1,1,0,0,0,1,0,0,0,0,0,65,83.67547607421875
26e967e8c8366e62fc2215abc6ee54e8,0,1,1,1,0,0,0,0,0,0,0,0,37,1.96844482421875
26ea414359a048d851ee918529723b34,0,1,1,1,0,0,0,0,0,0,0,0,37,50.05487060546875
26eb5c6b92e30360a8d13390cd930ffb,0,1,1,1,0,0,0,0,0,0,0,0,29,1.30194091796875
26f4df14123a289cbc5504fabd79c17b,0,1,1,1,0,0,0,0,0,0,0,0,43,13.13592529296875
26f5ec5b529b67f99e20341e13a3cab8,0,1,1,1,0,0,0,0,0,0,0,0,41,9.01971435546875
26f6814fe7a8874255994d5f879ef387,0,1,1,1,0,0,0,0,0,0,0,0,40,26.39862060546875
26f7f594c6c9a20235ecbf0240cf23a9,0,1,1,1,0,0,0,0,0,0,0,0,40,1.90936279296875
26fa5096065c2081f72d763b4ef4abc9,0,0,0,1,0,0,0,0,1,1,0,0,18,8.93817138671875
26fbea38527e329ccc2b6cda8ce37e88,1,1,1,1,0,0,0,0,0,0,0,0,27,4.51483154296875
26fd1614953e978bf90e914ca6c7a680,0,1,1,1,0,0,1,0,0,0,0,0,22,33.51727294921875
270c5171c1201b28185b06f23081d6c0,0,1,1,1,0,0,0,0,0,0,0,0,52,5.62762451171875
270c7c255471b2da4bca1c33ba8bd25e,0,0,1,1,0,0,0,0,0,0,0,0,16,1.99139404296875
2713520e85e5ea71a347436dbbe1f651,0,1,1,0,0,0,0,0,0,0,0,0,35,10.98944091796875
27149afed4ad275aba5b863cf0427eb1,0,1,1,1,0,0,0,0,0,0,0,0,6,13.15887451171875
271b6f2cb08cd8d795559403c3f8cd1b,0,1,1,1,0,1,0,0,0,0,0,0,93,0.03338623046875
271f7216ac5bffc21f682c14e94eb1e8,0,1,1,1,0,1,0,1,0,0,0,0,62,7.69354248046875
2720203efd16e428927d422050d08c09,0,1,1,1,0,0,0,0,0,0,0,0,26,8.84197998046875
2730dbc1ad5e7463a6b31949e7dc1827,0,1,1,1,0,0,0,0,0,0,0,0,34,24.03338623046875
2736582918e28a679bc900545a94ff1b,0,1,1,1,0,0,0,0,1,1,0,0,51,27.64178466796875
273a7fb05551ea427a2ad444e2375fd7,0,1,1,1,0,0,0,0,0,0,0,0,25,46.47674560546875
273d8522a2221d1d8ad0a2f60ac14abe,0,1,1,1,0,0,0,0,0,0,0,0,12,13.87127685546875
2747bbf3521bedc6923374ed4c386472,0,1,1,1,0,0,0,0,0,0,0,0,78,22.46502685546875
27495a890ec0eb6c10428957e796e69b,0,0,1,0,0,0,0,0,0,0,0,0,59,23.92840576171875
2749854307820891fa0c59a8675d6204,0,1,1,1,0,0,0,0,0,0,0,0,61,9.90887451171875
274f31c973d10e4cdad46c86b463565f,0,1,1,1,0,0,0,0,0,0,0,0,63,18.35955810546875
2754612412e301c0e8a80f8750fecae8,0,1,1,1,0,0,0,0,1,1,0,0,57,12.01287841796875
2754ce7961bc46ac32f5c3907db51c84,0,1,1,1,0,0,1,0,0,0,0,0,34,15.26727294921875
2754f18e0a164b9ddce394a8847a383a,0,1,1,1,0,1,0,0,0,0,0,0,19,33.11444091796875
2757c5b3109466cb11bad0e5bd2919d2,0,1,1,1,0,0,0,0,0,0,0,0,41,19.85565185546875
275df409a36b3e7e070062534e3daa5f,0,1,1,1,0,0,0,0,0,0,0,0,50,27.83953857421875
2760f3df373f1b986d8a028047ee656f,0,1,1,1,0,0,0,0,0,0,0,0,22,43.89666748046875
276496a9b2ee83ced0f3fec75f866746,0,1,1,1,0,0,0,0,0,0,0,0,27,30.65545654296875
2768fdfcb165f519fed4eaab7a9339ee,0,1,1,0,0,0,0,1,0,1,0,0,20,21.22723388671875
27774b7b6dc6407650676c2526028881,0,1,1,1,0,0,0,0,0,0,0,0,70,38.35418701171875
27835e310c81e89e25ac8785a061df4b,0,0,1,0,0,0,1,0,0,0,0,1,39,26.18377685546875
278744bc8ab35225f7a6aa46b97c0dd0,0,1,1,1,0,0,0,0,0,0,0,0,21,14.67205810546875
278ef9d77cdaf832b220e499cf930f15,0,1,1,1,0,1,0,0,0,0,1,0,26,16.84539794921875
279ce589647b57924e97a1eeaab242e1,0,0,0,1,0,0,0,0,1,1,0,0,33,20.76239013671875
27a433a899ce193463ee4204e4cfad8a,0,0,0,1,0,1,0,0,0,0,0,0,26,7.04168701171875
27b439397d2de961ed86b3e303a53824,0,1,1,1,0,0,0,0,1,1,0,0,76,11.15057373046875
27b72a0890b3930a8342426fec8b8e2d,0,1,1,1,0,0,0,0,0,0,0,0,23,-0.82501220703125
27b8ebd5a72807c306c12133740f085f,0,1,1,1,0,1,0,0,0,0,0,0,30,28.34588623046875
27bb94c234103e25dc05f012a8c1a7fa,0,1,1,1,0,0,0,0,0,0,0,0,22,0.75213623046875
27c207f94044c5255277a4143dcf5f5e,0,1,1,1,0,0,1,0,0,0,0,0,5,17.49822998046875
27c579c7e4744af55505f910c56ee94b,0,1,1,1,0,0,0,0,0,0,0,0,54,54.35760498046875
27c6401ab71aafc879804b6c4f039162,1,1,1,1,0,0,0,0,0,0,0,0,42,52.05242919921875
27c6df5c61193ac30299117c6755630b,0,1,1,1,0,0,0,0,0,0,0,0,23,10.98895263671875
27ced555fce528bb8d069159c09e5647,0,1,1,1,0,0,0,0,0,0,0,0,25,18.43377685546875
27d8200076a5d3f7db365a075ab882ea,0,1,1,1,0,0,0,0,0,0,0,0,19,30.31463623046875
27de871fd91d684e8aae1469db227b0b,0,1,1,0,0,0,0,1,0,0,1,0,30,36.95379638671875
27e50397b949ba9556221808cad36cf4,0,1,1,1,0,0,0,0,0,0,1,0,100,34.63543701171875
2808229321b487ce4082fe672aebc9c8,0,1,1,1,0,0,0,0,0,0,0,0,36,11.77166748046875
2809b723ac8833b47569c186136cc604,0,1,1,1,0,0,0,0,1,0,0,0,100,4.65447998046875
280d961824ba213c6ec579260b1fe463,0,1,1,1,0,0,0,0,0,0,0,0,40,16.45135498046875
282a949413dd82a756c96dfdfe9fbc62,0,1,1,1,0,0,0,1,0,0,1,0,98,33.88153076171875
282f3c8ad718ecea64c250e0647dbb7d,0,1,1,1,0,0,0,1,1,0,0,0,24,12.14031982421875
2833df8ccfdfd1eeadadcdb7701511c4,0,1,1,1,0,0,0,0,0,0,0,0,54,15.48651123046875
283d2dba4758a31a92e3eeca3063165c,0,1,1,1,0,0,0,0,1,1,0,0,34,18.82635498046875
284411e74f09c00ca2c1822fe700378e,0,1,1,1,0,1,0,0,0,0,0,0,20,19.34393310546875
2846bc20026340b95d85d6c505123f86,0,0,0,1,0,0,0,0,1,1,0,0,19,10.05096435546875
284ac81b549a2699c2cf0806a7f0de6f,0,1,1,1,0,0,0,0,0,0,0,0,20,28.12030029296875
284b44430505482d77c37a85a35bca40,0,1,1,1,0,0,0,0,0,0,0,0,21,10.59881591796875
284cc235d21ddc00c52e0900d0bf32a8,0,1,1,1,0,0,0,0,0,0,0,0,3,27.67791748046875
285f2be6270ff716add5bc4fcb0d40a1,0,0,1,1,0,0,0,0,0,0,0,0,26,10.63739013671875
286889000e00a9485931ed26c6649fc8,0,1,1,1,0,0,0,0,0,0,0,0,18,30.37811279296875
286bbae8aa07f17c5fdc3f79b56215c5,0,1,1,1,0,0,0,0,0,0,0,0,29,14.65838623046875
2873dd381e24e5e7b30e2fb9d383efd4,0,1,1,0,0,0,1,0,0,0,0,0,36,5.36395263671875
28761cde718926a3f0859e8ba9f0a667,0,1,1,0,0,0,0,0,0,0,0,0,43,10.97088623046875
2891b3ea149d34ad0de99397a3576243,0,1,1,1,0,0,0,0,0,0,0,0,46,18.51336669921875
28925e4eeb766367e7120c659289e29d,0,0,1,1,0,0,0,0,0,0,0,1,92,41.35028076171875
2894b01f12645d49d6406cf97a710aa1,0,1,1,0,0,1,0,1,0,0,0,0,77,22.51239013671875
2898e2e91b05befd9c821d7b32225d29,0,0,1,1,0,0,0,0,0,0,0,0,83,10.73455810546875
289eee8f736cc47a8baeb001d1881126,0,1,1,1,0,0,0,0,0,0,0,0,100,25.73406982421875
28b1500bc77205e94d389e0d5bf434d1,0,1,1,1,0,0,0,0,0,0,0,0,11,32.93280029296875
28b190439aaff27328139985aa81c828,0,1,1,1,0,0,0,0,1,0,0,0,55,35.07733154296875
28b322978804ab2621e07361229c9421,0,0,0,1,0,0,1,0,0,0,0,1,31,56.75653076171875
28b74ef444820a34f4a8abb1316425cf,0,1,1,0,0,0,0,0,0,0,0,0,22,13.68768310546875
28c63b0a69f7123161ae005deb876f64,0,1,1,1,0,0,0,0,0,0,0,0,26,32.99871826171875
28c6c3189a277b4eafa7ecc92e887ae9,0,1,1,1,0,0,0,0,0,0,0,0,61,30.11395263671875
28c717f3b3f270f23ff6201f9f2fdad3,0,1,1,1,0,0,0,0,1,0,0,0,100,35.08807373046875
28caa358655f0e674029facbe79644d1,0,1,1,1,0,0,0,0,0,0,0,0,74,-3.87188720703125
28cba90763a4c69211605dc56388c5fb,0,1,1,1,0,0,0,0,1,1,0,0,31,13.16522216796875
28cde610271c7d4979416765664e16e5,0,1,1,1,0,0,0,0,0,0,0,0,23,9.55340576171875
28d4cd4874803b7ffb36e35f6bb52fcb,0,1,1,1,0,0,0,0,1,1,0,0,24,30.77752685546875
28daf5d7db766eb0426d5d85b24ed716,0,1,1,1,0,0,0,0,0,0,0,0,42,7.55682373046875
28dc823478d597b8c7fd9e0e2dc76f32,0,0,1,1,0,0,0,0,0,0,0,1,35,16.74285888671875
28dd9734e29580aaf5f56c4a612ef98e,1,1,1,1,0,0,0,0,0,0,0,0,21,11.17645263671875
28de2e88193239f630d71d789caa1b86,0,1,1,0,0,0,0,0,0,0,0,0,24,-0.83380126953125
28e1a1362491e7cef0d4abb286de8cc7,0,0,0,1,0,0,0,0,0,0,0,0,30,21.35858154296875
28e23a217253a995c3b65c5369dc3b9b,0,1,1,1,0,0,0,0,0,0,0,0,32,21.90106201171875
28e5adc2e09073c5551810b8b16cf46b,0,1,1,0,0,0,0,1,0,0,0,0,42,18.65447998046875
28e74535e42bf9bb5cec952714678c16,0,0,1,1,0,0,0,0,0,0,0,0,37,19.27947998046875
28e753113096768c24595599798f099a,0,1,1,1,0,0,0,0,1,1,0,0,67,31.57196044921875
28e97352c4a2d1967aa45c7f7b461a45,0,0,1,1,0,0,0,0,0,0,0,0,100,19.78338623046875
28ef7e20a53c7c07b4d4b99839568057,0,1,1,1,0,0,0,0,0,0,0,0,24,40.69256591796875
28fe825fd60789c1dc451c348e454eab,0,1,1,1,0,1,0,0,0,0,0,0,43,10.31854248046875
28fea54c2c6185d4892b24551ff8ab52,0,1,1,1,0,0,0,0,0,0,0,0,55,16.92889404296875
28feaedb5d5e42ab645f38199469d9a6,0,1,1,1,0,0,0,0,0,0,0,0,42,8.63201904296875
291320168a3fb0d981b4e5ef5c26a307,0,1,1,1,0,0,0,0,0,0,0,0,23,18.40545654296875
29135939fb99b24be2dac02d9e0a4f9a,0,1,1,1,0,0,0,0,1,1,0,0,48,5.34100341796875
2928ca5e628ed3cd696d0905e31ed0a0,0,1,1,1,0,0,0,1,0,1,1,0,40,35.36053466796875
2936b58f0ceae6d1960cb1fae95bb108,0,1,1,1,0,0,0,0,0,0,0,0,38,27.80389404296875
293c6f9cb2b0eb8a19674ba95c5ef952,0,1,1,1,0,0,0,0,0,0,0,0,27,39.66961669921875
293f12c90d5888eaf373e94a2ddacf3d,0,1,1,1,0,0,0,0,0,1,1,0,77,22.90838623046875
29427620200e41f071f3efad4fe07e53,0,0,1,1,0,0,0,0,0,0,0,1,23,30.45770263671875
2943b94f99baff71e5ca2883f06f656b,0,1,1,1,0,0,0,1,0,0,0,0,65,4.07586669921875
2948c499d7d3c2febb647ee086c3822c,0,1,1,1,0,0,0,0,0,0,0,0,20,10.52117919921875
294a4c8c09d7d52c89f6592926cb62a1,0,1,1,1,0,0,1,0,0,0,0,0,42,60.26287841796875
295a16e53e9856d9c32061967a97162d,0,1,1,0,0,0,1,0,0,0,0,0,44,23.83172607421875
295bd5aa43885e790878224359fc2877,0,1,1,0,0,0,0,0,1,1,0,0,7,5.63494873046875
295f993b591bf42f601d0a3e98b926da,0,1,1,1,0,0,0,0,0,0,0,0,79,9.17498779296875
2969162fab1d0e5a65e4ce02db267745,0,1,1,1,0,0,1,0,0,0,0,0,29,2.30975341796875
2969cc601f173221a528f8c05571112b,0,1,1,1,0,0,0,0,0,0,0,0,29,17.37030029296875
296a2dfcf39b860a21cbde1c9574147b,0,1,1,1,0,0,0,0,1,0,0,0,34,5.32928466796875
2976e91f00cce1242b076035a0749478,0,1,1,1,0,1,0,0,0,0,0,0,23,15.50994873046875
29797c97f5588fa9366b0a3a0f6da90d,0,0,1,1,0,0,0,0,0,0,0,1,58,25.08660888671875
297bf091176f7a955bbf61615cd04288,0,1,1,1,0,0,0,0,1,0,0,0,23,29.36395263671875
2982b830e84f1d33cfd618887e78d6c6,0,1,1,1,0,0,0,0,1,1,0,0,100,10.83758544921875
29a8935a7c60e10dc80ada02dcada595,0,1,1,1,0,0,0,0,0,0,0,0,41,5.50360107421875
29acbf0481e57a3eda0fbe1401e37ade,0,0,1,1,0,0,0,0,1,1,0,0,36,14.19110107421875
29af3524c5b4551cc59000616e68c597,0,1,1,1,0,0,0,0,0,0,0,0,43,35.24090576171875
29afbf8bd2d1bd310f59888ee242a984,0,1,1,0,0,0,1,1,0,0,0,0,24,18.69207763671875
29b15f3e236ce70a6ec8c285793f61ce,0,0,1,1,0,0,0,0,0,0,0,1,30,74.46502685546875
29bfd9472195065d10c05e591af2dbfc,0,1,1,0,0,0,0,0,0,0,0,0,35,30.96746826171875
29cd7d0b4daf73be0b06c013eee7d347,0,1,1,0,0,1,0,1,0,0,0,0,6,8.31903076171875
29d20f29c05d0e21ca90b9e52b5cf47f,0,1,1,1,0,0,0,0,0,0,0,0,32,17.00213623046875
29e531d6f82a653462f92ef2a6ef7e09,0,1,1,0,0,1,0,0,1,0,0,0,54,29.18963623046875
29e6c6dc75b1e758bf859d9266be7e85,0,1,1,1,0,0,0,0,0,1,0,0,27,3.92498779296875
29e7ea44323b6195686b1a4cf567e43b,0,1,1,1,0,1,0,0,0,0,0,0,37,14.85223388671875
29e8d70d0986edeb0a137a0dca5e438c,0,0,1,1,0,0,0,0,0,0,0,0,25,-0.46563720703125
29ea4b1bfd0ec0ff29d8158d82a790f4,0,1,1,1,0,0,0,0,0,1,0,0,48,23.97918701171875
29ecb984b9a9ccb24c8697ccdb8bc857,0,0,0,1,0,0,0,0,0,0,0,0,26,31.82781982421875
29f0668f797db7bec8e9dbebdb4a73e0,0,1,1,1,0,0,0,0,0,0,0,0,27,19.62420654296875
29f2befab021e5d4f1c76da3d9cdd981,0,1,1,1,0,0,0,0,0,0,0,0,33,13.95086669921875
29f45136ea3dd11c20ae7e5bad478a74,0,1,1,1,0,0,0,0,1,0,0,0,84,47.60760498046875
29f8f601fa6690b429f65aa6238ca18e,0,1,1,1,0,0,0,0,0,0,0,0,7,20.20867919921875
2a089cf6d175db41d8bdd7daed75911c,0,0,0,1,0,0,0,0,0,0,0,0,31,11.34735107421875
2a08b7b96aa50deac4ab6744100a0e58,0,1,1,0,0,0,0,0,0,0,0,0,55,28.74285888671875
2a0dab27e1ace4e966401c92c99ed22c,0,1,1,0,0,0,1,0,0,0,0,0,25,51.93231201171875
2a13b6220c7aaec38973f6bafde045c6,0,1,1,1,0,0,0,0,1,1,0,0,32,23.60174560546875
2a1f6b39cd040bd7bceadf7e7f596725,0,0,1,1,0,0,0,0,1,1,0,1,36,3.48406982421875
2a2ceac403616985e66a2129ca00becb,0,1,1,1,0,0,1,0,0,1,0,0,93,13.23944091796875
2a3e9698f2ef23156edd0ae524e84232,1,1,1,1,0,0,0,0,0,0,0,0,32,5.85858154296875
2a453dc36321a8307b70417c95741b40,0,1,1,1,0,0,0,0,0,0,0,0,49,19.43963623046875
2a4772ed1212f0bbaaab491771d0f6b3,0,1,1,1,0,0,0,0,0,0,0,0,29,23.07489013671875
2a493f8f68eee6a70a50385b62f4e698,0,1,1,1,0,0,0,0,1,1,0,0,57,14.63006591796875
2a5d96b0a4b8b4696f2c2b98b80ebecd,0,1,1,1,0,0,0,0,0,0,0,0,34,32.61737060546875
2a60c74ef0789f7feff4decaaebaa3e6,0,1,1,1,0,0,0,0,1,1,0,0,47,21.99725341796875
2a67b18d956fc557b18cbc67d1a1df58,0,1,1,1,0,0,0,0,0,0,0,0,22,16.14129638671875
2a728ecc560e534dfc769bc8b9a0ea82,1,1,1,0,0,0,0,0,0,0,0,0,13,46.32342529296875
2a733f2ec3ea62ec9c4259266e1b4767,0,1,1,1,0,0,1,0,0,0,0,0,51,18.19842529296875
2a8409a5f82061e823d06e913dee591c,0,1,1,1,0,0,0,0,0,0,0,0,23,51.06561279296875
2a856952c74f5fa45e1c158b10488831,0,1,1,1,0,0,0,0,0,0,0,0,3,22.05047607421875
2a85d7d5ef402958e1d90f674ffaa1f2,0,0,0,1,0,0,0,0,0,0,0,0,27,67.76434326171875
2a8e6213c094794aead89d0c821c3b2e,0,1,1,0,0,0,1,0,0,0,0,0,34,11.63543701171875
2a91bc1a71adf2cc166cf51dd5b44bc4,0,1,1,1,0,0,1,1,0,0,0,0,39,19.57879638671875
2a9858d89826bc41ac41e0b440f236c0,0,0,1,0,0,0,0,1,0,0,0,1,35,10.38641357421875
2a9bc1087df9c3246667a6f8da897c88,0,1,1,1,0,0,0,0,0,0,1,0,42,16.65740966796875
2aa05d6c6a6357d7aef30e73ee4aa4b8,0,1,1,0,0,1,0,0,0,0,0,0,100,33.18084716796875
2aa77fd805946abddd9a71adb926c90f,0,1,1,1,0,0,0,0,1,1,0,0,37,22.83123779296875
2aa8117d6b9d7251842c33805f2f659f,1,1,1,1,0,0,0,0,0,0,0,0,9,31.76727294921875
2aaa247baeeb0fb65959a483477cfd0f,0,1,1,0,0,0,0,0,0,1,0,0,41,45.00946044921875
2ab090366cfa18437f9be03c9fe556a5,0,1,1,1,0,0,0,0,0,0,0,0,53,22.96600341796875
2ab6c59f6bfcf4e9483b7973f6f1db98,0,1,1,0,0,0,0,0,0,0,0,0,19,14.00653076171875
2ac0220f8ac6cabb7e999358e66cb7d1,0,1,1,1,0,0,0,0,0,0,0,0,31,32.91473388671875
2ac52920858c86b16642b8dbf44bfb99,0,1,1,1,0,0,0,0,0,0,0,0,28,17.88201904296875
2acb79cba48ba0437cc18c7962db3ce6,0,1,1,0,0,0,0,0,0,0,0,0,42,6.24285888671875
2ad000591767d572afb3522f232674f1,0,1,1,1,0,0,0,0,0,0,0,0,33,29.74969482421875
2ad794d5f74741a1dae8a47d3161016a,0,1,1,1,0,0,0,0,1,1,0,0,14,9.24334716796875
2ae0712fac5453db1b3c6485ebbfd802,0,1,1,1,0,0,0,1,0,0,0,0,62,11.75897216796875
2ae14675edbb918cbc2bc811f17d7d79,0,1,1,1,0,1,0,0,0,0,0,0,30,-3.90411376953125
2ae95d7edd51845adadf67043ed4d9d5,0,0,1,1,0,1,0,1,0,0,0,1,32,19.95721435546875
2ae9b0018bd2567e83ec49d0ece821bd,0,0,0,1,0,1,0,0,0,0,0,0,28,25.94354248046875
2aee7c914c13f432e20c842ce71dbfd9,0,1,1,1,0,0,0,0,1,0,0,0,43,10.95086669921875
2af2fa1a41d37962c045c63c4e38848e,0,1,1,1,0,0,0,0,0,0,0,0,78,20.90740966796875
2af5381eadf2ff1c8ca0889c207388b1,0,1,1,1,0,0,1,0,0,0,0,0,33,22.23553466796875
2affecc01d5b602c696145f7274ee60f,0,1,1,1,0,0,1,0,0,0,0,0,60,31.00897216796875
2b06d7ab097358619217c155b89a1414,0,0,0,1,0,0,0,0,0,0,0,0,52,10.75213623046875
2b0992494612a3b40c6cc145f5663bf4,0,1,1,1,0,0,0,0,0,0,0,0,36,16.59246826171875
2b0ea572f6b234340b08cee2f5a06e3f,0,0,1,1,0,0,1,0,0,0,0,0,5,9.18426513671875
2b1c1a8cb633393ed9b8ec0616e4ee68,0,0,0,1,0,0,0,0,0,0,0,0,23,3.73406982421875
2b1c3f25a4f0d8f088aec49528e72a3d,0,1,1,1,0,0,0,0,0,0,0,0,21,8.47576904296875
2b4b4a2300a059f072136c115215c711,0,1,1,1,0,0,0,0,0,1,0,0,25,20.35174560546875
2b5a8930864f1e10d1df094f9b8bc86c,0,0,1,1,0,0,0,0,0,0,0,1,22,21.70916748046875
2b6a3c4647a9dac39ab42b4d8df4148c,0,1,1,1,0,0,0,0,0,0,0,0,38,16.27850341796875
2b737750362ef6b31068c4a4194909ed,0,1,1,1,0,0,0,1,0,0,1,0,31,17.98114013671875
2b77e041f4521cf0bd4cae4ab13e4ce3,0,0,1,1,0,0,0,0,0,0,0,1,8,32.75408935546875
2b7a7c675054623426a94f63d358bcaa,0,1,1,1,0,0,0,0,0,0,0,0,68,17.93377685546875
2b86f94a61491a23e86b12c162b9f4ce,0,1,1,1,0,0,0,0,0,0,0,0,24,20.16522216796875
2b8971e1b09764ef5e48d5887c3fb963,0,1,1,1,0,0,0,0,0,0,0,0,27,58.75799560546875
2b8ae17a694a5a523b0d49d36b527cfc,0,1,1,1,0,0,1,0,0,1,0,0,35,2.59783935546875
2b8f0ef4d4910c057d9bf81451faf2e5,0,1,1,1,0,0,0,0,0,0,0,0,26,29.63983154296875
2b907ce053285b57bc2c56ddcfc58c28,0,0,1,1,0,0,0,0,1,1,0,1,26,40.78192138671875
2b91dfaf30ac4bb1ca1099d12e0285e7,0,1,1,1,0,0,0,0,0,0,0,0,28,14.00994873046875
2b9309c8a078b3da4dddfa7cdb766530,0,1,1,1,0,0,0,0,0,0,0,0,33,12.91326904296875
2b9493ff623274e6dc66ec92360e4307,0,1,1,1,0,0,0,0,0,0,0,0,36,9.58905029296875
2b99a65f4a2482ead6cfdf90fb1642ee,0,1,1,1,0,0,0,0,0,0,0,0,47,8.55828857421875
2ba0d3180b5581ca3467790b978496b3,0,1,1,1,0,0,0,0,0,1,0,0,37,13.78533935546875
2ba69d919bdace447c3a5c6172f56e63,0,1,1,1,0,0,0,0,1,1,0,0,27,17.87811279296875
2ba6a937a823c187c9f751789e3d5681,0,1,1,1,0,0,0,0,0,0,0,0,25,18.07489013671875
2ba7c95fc7b6a1c595d339905a0a45b6,0,1,1,1,0,0,0,0,0,0,0,0,29,17.70086669921875
2ba808b11e2e7302c65c1142fae20328,0,1,1,1,0,0,0,0,0,0,0,0,43,31.63885498046875
2bb0677b6e5024f8e374bf9e288f137b,0,1,1,1,0,0,0,0,0,0,0,0,33,18.85760498046875
2bb6dbd3adaa92e240cafba5bf51ae19,0,1,1,1,0,0,0,0,0,0,0,0,45,20.24383544921875
2bc0b1f00ef47fc17901804607315219,0,0,1,0,0,0,1,0,0,0,0,0,37,18.36541748046875
2bc232fb698294c729149e2acdf35111,0,1,1,0,0,0,0,0,1,0,0,0,26,36.11053466796875
2bc325a2708e56decd9d770b0c13e874,0,1,1,1,0,0,0,0,0,0,0,0,56,26.24578857421875
2bc50ccccfc56feb847a28381ec77b48,0,1,1,1,0,0,0,0,0,0,0,0,79,25.99432373046875
2bc5504f30b96b829bc53f6064e35a72,0,0,0,1,0,0,0,0,1,1,0,0,41,16.30340576171875
2bc671f1628743197a9ef3304e87978f,0,1,1,1,0,0,0,0,1,1,0,0,38,0.27508544921875
2bd64a0de916b87dbddc28785ed11d88,0,1,1,1,0,0,1,0,0,0,0,0,22,10.24139404296875
2be411ab4cb1b8a097c1dc4b254f1bff,0,1,1,1,0,0,0,0,0,0,0,0,25,9.87811279296875
2be4d326a6577f163f383625104775c4,0,0,0,1,0,0,0,0,0,0,0,0,24,30.75213623046875
2bec5786ae025980a97fff0de2973614,0,1,1,0,0,0,0,0,0,0,1,0,29,32.03094482421875
2bf45044c9a70b3724c98a1fab3e790f,0,1,1,1,0,0,0,0,0,0,0,0,33,9.12371826171875
2c030cb49033cbbaf4a721fc37c1913d,0,1,1,1,0,0,0,0,0,0,0,0,21,16.23455810546875
2c06b530997968ec55f61eda4343ee4e,0,0,1,1,0,0,0,0,0,0,0,0,60,38.19061279296875
2c0de3097c2d2ea18922ebed88b1489d,0,1,1,1,0,0,0,0,0,0,0,0,35,11.38885498046875
2c1cb238f3dbc729d27c6dda483de3b3,0,1,1,0,0,0,0,0,0,0,0,0,24,5.80438232421875
2c20e52a1ba03e768d9d5d60027e602f,0,1,1,1,0,0,0,0,0,0,0,0,58,39.42449951171875
2c2135e1e17082faba3a50db4097d317,0,0,0,1,0,0,0,0,0,0,0,1,33,32.78192138671875
2c26e832aad28adead9e542ca0c8eb1f,0,1,1,1,0,0,0,0,0,0,0,0,25,11.31268310546875
2c275f1dcc0842ceb0a84c74b03ba1a6,0,1,1,1,0,0,0,0,0,0,0,0,45,11.21893310546875
2c2b2d98e3941e3a81485a74199da16b,0,0,1,1,0,0,0,0,0,0,0,1,49,6.33514404296875
2c2efa4daf07b3e758ff597d0965a697,0,1,1,1,0,0,0,0,1,1,0,0,6,17.02606201171875
2c44f483171d4fdf50fe105ebe00baba,0,1,1,1,0,0,0,0,0,0,0,0,100,14.60858154296875
2c4e3ff2fce74d3db4dfb2cc625dd91e,0,1,1,1,0,0,0,0,1,1,0,0,100,13.18719482421875
2c57011a68335fee2c8cad4d7c0d28db,0,1,1,1,0,0,0,0,0,0,0,0,32,9.85858154296875
2c5c0b203bb23c3c6235f0dfaa9538bf,0,1,1,1,0,0,0,0,1,0,0,0,38,8.92498779296875
2c5d8cd400837810dc250e089a59275e,0,1,1,1,0,0,0,0,0,0,0,0,33,8.26434326171875
2c6110a994d4297cf22caf90becb893d,0,1,1,0,0,0,0,0,0,0,0,0,30,23.67938232421875
2c6475827838b8d464213adeda4bef39,0,1,1,1,0,0,0,0,0,0,0,0,31,6.21551513671875
2c69f17538d3622ab8015ae3301e9de5,1,1,1,1,0,0,0,0,0,0,0,0,30,9.77362060546875
2c6e10dcc145efceb4ec763eea437c60,0,0,1,1,0,0,0,0,1,1,0,0,13,14.72625732421875
2c777a4184b59cae8b6195ea1ca735a4,0,0,1,1,0,0,0,0,0,0,0,1,22,57.68572998046875
2c7a1bcd0fbfe4736ffe41b96f8bb52c,0,1,1,1,0,0,1,0,1,0,0,0,35,15.25750732421875
2c7e4f92772aff760f8bcf49f845fcb3,0,1,1,1,0,0,0,0,1,1,0,0,36,20.47381591796875
2c8bcf0d24f32c6d0da38d36a618a4be,0,1,1,1,0,0,0,0,0,0,0,0,38,8.69451904296875
2c936e232a36dfa3744898ee2c089af4,0,1,1,1,0,0,0,0,0,0,0,0,24,6.45233154296875
2c98b8a0e1deedffdf834fd748cf74dc,0,0,0,0,0,1,0,0,0,0,0,0,40,44.22674560546875
2ca63179e972a66e2b52c9f799ef9d8f,0,1,1,1,0,0,1,0,1,1,0,0,94,11.88006591796875
2ca8f7f28ca7ae8bb7791376590c44da,0,1,1,1,0,1,0,0,0,0,0,0,33,26.45281982421875
2ca9aa3977de98fd42173ac4aa2557bb,0,1,1,1,0,1,0,0,0,0,0,0,31,21.01922607421875
2cabdee4546ab1d9d383dbf6712c4d4a,0,0,0,1,0,0,0,0,0,0,0,0,29,12.00067138671875
2caf6dffc489614d8defd1a97c3b98e8,0,1,1,1,0,0,1,0,0,0,0,0,23,3.77996826171875
2cafd0f8be1f183dce6db101f2ebe6fe,0,1,1,1,0,1,0,0,0,0,0,0,86,35.20574951171875
2cb321cc9160eb372e67cf48386bf485,0,0,0,1,0,0,0,0,0,0,0,0,28,16.52655029296875
2cba0db3ca99db5a699a056bfe144db9,0,1,1,1,0,0,0,0,0,0,0,0,30,13.54412841796875
2cba27edc6487a6a0a09428fcb37aac3,0,1,1,1,0,0,0,0,0,0,0,0,30,31.33612060546875
2cbf22ad632308b3c15608ed2b7cb0a6,0,0,1,1,0,0,0,0,1,1,0,1,100,4.67010498046875
2cbf55c28166ee59fe7f3d55b36303cd,0,1,1,1,0,0,0,0,0,0,0,0,34,14.26190185546875
2cc11607a82868f6eaa496c22478ef6b,0,0,1,0,0,0,0,0,0,0,0,0,12,10.47576904296875
2cc334a9df2127834c23c67e16e93fa1,0,1,1,1,0,0,0,0,0,0,0,0,40,16.55389404296875
2cc3980d9cfe31ff8dc1f740f557d736,0,1,1,1,0,0,0,0,0,0,0,0,25,14.31072998046875
2ccc26b6ecc9c8ff4153761f6a03f58e,0,1,1,0,0,0,1,0,0,0,0,0,35,14.33074951171875
2cccefdb58970cc8102c7dc10730cd18,0,1,1,0,0,0,0,0,0,0,1,0,24,28.08514404296875
2cd057ab80a93154aea8cb97f65a2081,0,1,1,1,0,0,0,0,0,0,0,0,100,22.85760498046875
2cd161d28785ed3c9b85b7e56f2db4f1,0,1,1,0,0,0,1,0,0,1,0,0,26,-10.02130126953125
2cd654f1599b1bbb56999fb79300a749,0,1,1,1,0,0,0,0,1,1,0,0,34,78.68377685546875
2cd7291b650f99ef2ab3e9b0db9fd2fc,0,1,1,1,0,0,0,0,0,0,0,0,100,46.08270263671875
2cde589d0e293bd2116112ead77ab717,0,1,1,1,0,0,0,0,0,0,0,0,31,24.19647216796875
2ce6c3fc9a7e584ffe554443ed876d3c,0,1,1,1,0,0,0,0,0,0,0,0,15,23.07879638671875
2cf993082880f4de92b404437fc50821,0,1,1,1,0,0,0,0,0,0,0,0,37,25.35272216796875
2d052af8d0c79da845f024ac49681030,0,1,1,1,0,0,0,0,0,0,0,0,38,16.03729248046875
2d126a54855409d7b147e5d570f28f1c,0,0,0,0,0,0,1,0,0,0,0,0,26,25.29901123046875
2d14b20550a2cdf0811fd8f98a4c9c9a,0,1,1,0,0,1,0,1,0,0,1,0,40,21.11248779296875
2d1615a2b3d7aa88e873d7e0db994a6b,0,1,1,0,0,0,0,0,0,0,0,0,18,35.91864013671875
2d17d05765cc9c9dd6ed5e42ed0f3495,0,1,1,1,0,0,0,0,0,0,0,0,24,35.61004638671875
2d28e627d8bed8bb4e5b940c50f48bbe,0,1,1,1,0,0,0,0,1,0,1,0,26,3.98114013671875
2d29d2e838d6c73c4c267419a2ebf07b,0,1,1,0,0,0,0,0,0,0,0,0,33,12.98846435546875
2d32639b244eb77cd30864a6f35dc53c,0,1,1,1,0,0,0,0,0,0,0,0,42,13.63055419921875
2d38fd6ac364fc81513b3d2d983037f1,0,1,1,1,0,0,0,0,0,0,0,0,43,4.71600341796875
2d43efb30bc6dc478248aef52e2c86f8,0,1,1,1,0,0,0,0,0,0,0,0,15,17.51824951171875
2d4a21e674edfa75aa205f02017e869b,0,0,1,0,0,0,0,0,0,0,0,0,32,9.47772216796875
2d4acdd336a4ed67f3d137dadb8c45ff,0,1,1,1,0,0,0,0,0,0,0,0,43,46.50946044921875
2d548691df5de7fc99f8ff9d6bd125d1,1,1,1,1,1,0,0,0,0,0,0,0,32,18.29608154296875
2d589fe856f7487989ac558e65cc213b,0,1,1,1,0,0,0,0,0,0,0,0,79,16.21600341796875
2d5be4a20242758f9b84fa5a510d5285,0,1,1,1,0,0,0,0,0,0,0,0,31,25.27264404296875
2d6181d86a7d196c695bfff6ee8c892d,0,1,1,1,0,0,1,0,0,0,0,0,44,15.89862060546875
2d6c58a9fca24218706262e1fe693998,0,1,1,1,0,0,0,0,0,0,0,0,22,0.60467529296875
2d79c717533d925528f5a7ed2e525754,0,1,1,1,0,0,0,1,0,0,0,0,16,10.11834716796875
2d88b761a71d82c551a4e3dc61093296,0,1,1,1,0,0,0,0,0,0,0,0,20,17.32537841796875
2d9262206dc766bcf02ae40d6bb23259,0,1,1,1,0,1,0,0,0,0,0,0,24,19.08221435546875
2d92b0945cfe8e25c397afaae4cba979,0,1,1,1,0,0,0,0,1,1,0,0,28,16.09588623046875
2d9e516c1e1f48c72a9b5c6cf53b0c52,0,0,0,1,0,0,0,0,0,0,0,0,28,67.99285888671875
2da1d3fb0dff907c26e11af77f056203,0,1,1,1,0,0,0,0,0,0,0,0,31,45.02801513671875
2da79c8b00e1ff5bc8d97eba56cf3084,0,1,1,1,0,0,0,0,0,0,0,0,31,11.24725341796875
2db069b349e75dcf08e32f6442d0a05f,0,1,1,1,0,0,0,0,0,0,0,0,27,31.89471435546875
2db542c0d656ca820d3d15b9a4eb284c,0,1,1,1,0,0,0,0,0,0,0,0,32,9.81658935546875
2db9ae6b725f7d2f9ccc8cceabbff99e,0,1,1,1,0,0,0,0,0,0,0,0,45,23.93572998046875
2dc217929e9e4c0bc17d67c3aade3567,0,0,0,1,0,0,0,0,0,0,0,0,22,38.44744873046875
2dc32c122fa52dc6080daa0518fe9d45,0,1,1,1,0,0,0,0,0,0,0,0,30,15.41864013671875
2dc9958f4f83bfc2aaf1aca44f08fd06,0,1,1,1,0,0,0,0,0,0,0,0,15,13.21844482421875
2dcf3364aa5767b640c72ce21f1730c5,0,0,0,0,0,0,0,0,0,0,0,0,22,12.79217529296875
2ddbb3990b65011a3d46c58edcf6dca3,0,1,1,1,0,0,0,0,0,0,0,0,18,16.47528076171875
2de2fe39a390a6b783adfcadc50969b0,0,1,1,1,0,0,0,0,0,0,0,0,14,22.36590576171875
2de3466b2cee580bcda9e9afe3ca2a45,0,1,1,1,0,0,0,0,0,0,0,0,29,32.45135498046875
2de3bf4fdcefa2f3c5e5b77fa1e3d262,0,1,1,0,0,0,0,0,0,0,0,0,5,21.40936279296875
2deef020d67258b4fac3d2fe5730862e,0,1,1,1,0,0,0,0,0,0,0,0,25,8.91229248046875
2e04f6996c5b9c5ec61f84dfbca24d13,0,1,1,1,0,0,1,0,0,0,0,0,42,45.34979248046875
2e0bbeb500219bdda440e21b21724458,1,1,1,1,0,0,0,0,0,0,0,0,26,11.53582763671875
2e0bd8014bc8b51f330a7b4bd2176c59,0,0,1,1,0,0,0,0,1,1,0,1,27,8.96014404296875
2e11ed070838ab268702d9841e382a4e,0,1,1,1,0,0,0,0,0,0,0,0,27,20.21160888671875
2e1cf734bd7008634dcf42e57a928846,0,1,1,1,0,0,0,0,0,0,0,0,29,5.51873779296875
2e34439b341ca7948504eeeda7583520,0,1,1,1,0,0,0,0,0,0,0,0,16,17.28338623046875
2e3514cd23e9a61bfd9f6769cc0198a6,0,1,1,1,0,0,1,0,0,0,0,0,32,1.26190185546875
2e3bf96c2266dedb70c5116db143823f,0,1,1,1,0,0,0,0,0,0,0,0,51,10.62030029296875
2e40bb75fc187da349dd0087296e62fd,0,1,1,1,0,0,0,0,1,1,0,0,35,14.62713623046875
2e4453e382dc75f75e7341290901a5c0,0,1,1,1,0,0,1,0,0,0,0,0,64,13.82196044921875
2e506554f4962069ba19df2d8846c736,0,1,1,1,0,0,0,0,0,0,0,0,68,42.86297607421875
2e5cda2c4cf0530423e8181b7f8c67bc,0,1,1,1,0,0,0,0,1,1,0,0,12,9.29705810546875
2e7d1e0e2fcf4b5a1fc533f2e0d7ca10,0,1,1,1,0,0,0,0,0,0,0,0,29,18.08416748046875
2e7e2990748f6e6eca3629d237d2e665,0,0,1,1,0,1,0,0,0,0,0,0,44,25.27557373046875
2e7f98132654c8079fb2becc71c94730,0,0,0,1,0,0,0,0,0,0,0,0,34,22.65838623046875
2e81ce009364518c4ba9c7746e044d66,0,1,1,1,0,0,0,0,1,1,0,0,10,8.40203857421875
2e88fd75ad7de7368613be8d8f5ef73a,0,1,1,0,0,0,0,0,0,0,0,0,35,24.20526123046875
2e8a29c86588970f7d2b20be37558772,0,1,1,1,0,0,0,0,0,0,0,0,75,12.36444091796875
2e8b22a59ca7b702d9602fdc65bf425b,0,1,1,1,0,0,0,0,0,0,0,0,32,32.70477294921875
2e8ec041bb9bbbd31f65f96f9b3c5e50,0,1,1,1,0,0,0,0,0,0,0,0,34,18.29217529296875
2e90088140e0e8770273043756a97433,0,1,1,1,0,0,0,0,0,0,0,0,22,19.71697998046875
2e93c29af0eeb78ce80116ddeac23104,0,0,1,1,0,0,0,0,0,0,0,0,46,38.49139404296875
2e96d3ea1d43e9006a19dcb87c3e686b,0,1,1,1,0,1,0,0,0,0,0,0,23,3.45477294921875
2e9c4ebe736608f559170d5716c517bb,0,0,1,1,0,0,0,0,0,0,0,1,82,40.62957763671875
2e9f7d97a5d8fa11e9db23e112fc6f72,0,1,1,1,0,0,0,0,0,0,0,0,42,14.81951904296875
2ebadcbac2e0ffcc37e6acc3f736331d,0,1,1,1,0,0,0,0,0,0,0,0,49,24.73651123046875
2ec75532e1cec916d242fc0c5684a2e1,0,1,1,1,0,0,0,0,0,0,0,0,30,1.89080810546875
2edb1d892b628298fb2798d54f59d038,0,0,1,1,0,0,0,0,0,0,0,0,34,26.07049560546875
2edf8e0570b75510139e8addc50f65b3,0,1,1,0,0,0,1,0,0,0,0,0,33,42.69061279296875
2ee20a0c276233545ae04bc9aefb6c66,0,1,1,1,0,0,0,0,1,1,0,0,38,31.84832763671875
2ee79b16ca9594ccc79a2b091f6d8b53,0,1,1,1,0,0,0,0,1,0,0,0,100,15.43621826171875
2ee950ad02ce9eaa771c36a169fee925,0,1,1,0,0,0,1,0,0,1,0,0,36,21.76043701171875
2eeace66d24c6e1acec5b23fcaae40f3,0,0,0,1,0,0,0,0,0,0,0,0,12,8.43768310546875
2efa0fba02cf56db0cd090b1c8cee61e,0,0,1,1,0,0,0,0,0,0,0,1,16,16.02899169921875
2efdb0ac2381e30e94a417a12552eaec,0,1,1,1,0,0,0,0,0,0,0,0,16,12.13006591796875
2efdb927a5cfccacea217666c5637dfc,0,1,1,1,0,0,0,0,1,0,0,0,50,25.87615966796875
2eff9709443c56c80f678f1c4a2a849e,0,1,1,1,0,0,0,0,0,0,0,0,28,22.17791748046875
2effb9f13c08952f25e4619a41423f39,0,0,0,1,0,0,1,0,0,0,0,0,65,-1.23126220703125
2f0a2bb5233f0e56ec0f4817cab3df6d,0,1,1,1,0,0,1,0,0,0,1,0,33,8.62567138671875
2f155ce45d46b1e6e3cb1dd9126d9927,0,1,1,1,0,0,0,0,1,1,0,0,18,15.92254638671875
2f21b8e656e6613c6d90017bdec0623b,0,1,1,1,0,0,1,0,0,0,1,0,34,13.60369873046875
2f2d2915112436c74d1894352a2ff61f,0,0,1,1,0,0,0,0,0,0,0,1,27,39.09588623046875
2f44858c3ff46f6d55b779f058e65bbe,0,0,0,0,0,0,0,0,1,1,0,1,26,33.80194091796875
2f453c6e31e2782144c4a74ce6d34cf2,0,1,1,1,0,0,0,0,1,1,0,0,25,10.86590576171875
2f47b5b86302aeb5666528b7a3a577d0,0,0,0,1,0,0,0,0,0,0,0,0,28,16.65936279296875
2f4ea362b490df888ea7dc638e8c634c,0,1,1,1,0,1,0,0,1,1,0,0,35,11.48504638671875
2f4f42ff31319cc0fb3f247b251ec3ed,0,1,1,0,0,0,1,0,0,0,0,0,29,29.90887451171875
2f51ad264dfd75af6374c19dc394eb0a,0,1,1,1,0,0,0,0,0,0,0,0,46,25.73944091796875
2f55998cb8f0cfc471bc1f62c2897391,0,1,1,0,0,0,0,0,0,0,1,0,24,32.70819091796875
2f562b73a1ba97e0822adb1359999041,0,1,1,1,0,0,0,0,0,0,0,0,12,11.77264404296875
2f57c8efc83406c3d6c4637693d411cf,0,1,1,1,0,0,0,0,0,0,0,0,46,25.97918701171875
2f599cfd83041b55681a3af41c3f79fd,0,0,1,1,0,0,0,0,0,0,0,1,18,30.67694091796875
2f59c4fb41ee4128c960b4f799fa5b33,0,1,1,1,0,0,0,0,1,0,0,0,40,27.19354248046875
2f6ccb04c128bf8d3b220f51bb9920d2,0,1,1,1,0,0,0,0,0,0,0,0,25,11.62469482421875
2f6d806ef8b0a520f6bf02e5288c0ad7,0,0,1,1,0,0,0,0,0,0,0,0,26,7.77166748046875
2f77712c52a4269edbda6cac1378e698,1,1,1,1,0,0,0,0,0,0,0,0,100,33.03094482421875
2f784a8f3a7e03f3db59b98f9ec49bd5,0,0,1,1,0,0,0,0,0,0,0,1,43,58.18572998046875
2f7d39e9aa95cede92f5e31749c08e66,0,1,1,1,0,0,0,0,0,0,0,0,2,10.99725341796875
2f831ed89c2337f1258706d14f874243,0,1,1,1,0,0,0,0,0,0,0,0,63,34.40447998046875
2f8c5eec30cd6defbacf6541b422a0cf,0,1,1,1,0,0,0,0,1,1,0,0,43,7.27459716796875
2f9436f201d70ad42cc462e27d746365,0,1,1,1,0,0,0,0,1,1,0,0,59,2.61541748046875
2fa5b9f0311849c604a5099067ce1bf7,0,1,1,1,0,0,0,0,0,0,0,0,58,14.10955810546875
2fae7fce82368e49c7068298bf32fccb,1,1,1,1,0,0,0,0,0,0,0,0,27,29.27362060546875
2fbb495a2bc27dba4530d91076357dc3,0,1,1,1,0,0,0,0,0,0,0,0,12,0.24578857421875
2fbec5d760ab24a78065252744f44d38,0,1,1,1,0,0,0,0,0,0,0,0,26,37.66717529296875
2fc6d59817ff7fbd41d2d2970160b2e0,0,1,1,0,0,0,0,0,0,0,0,0,38,24.83905029296875
2fc98bf59cad537b1fd12cd54dae70c4,0,1,1,1,0,0,0,0,0,0,0,0,25,15.56512451171875
2fd7cda16cb627069fef31c09d7d6b66,0,1,1,1,0,0,0,0,0,0,0,0,100,41.46209716796875
2fd837d0753ea5489cd1b7b24dac808d,0,1,1,1,0,0,0,0,0,0,0,0,25,9.88153076171875
2fd95c9476fe7d567842a35cde444f5f,0,1,1,1,0,0,0,0,0,0,0,0,44,41.83856201171875
2fec43c2bb9284f5cfe720c3433de404,0,1,1,1,0,0,0,0,0,0,0,0,35,25.89422607421875
300142daf7f35a750ce14800942477d1,0,1,1,1,0,0,0,0,1,0,0,0,30,28.03045654296875
300f6527c25d3e9b8bbe53bd262b61d0,0,1,1,1,0,0,0,0,0,0,0,0,31,6.90155029296875
30147ce48a898ba3d605b398f86ebda5,0,1,1,1,0,1,0,0,0,0,0,0,22,40.01727294921875
3014e85aa5e809e89b8b6229d20d1c14,0,1,1,1,0,1,1,1,0,0,1,0,80,13.18182373046875
302839658218b3fcec6cbc5046ef3bd7,0,0,0,1,0,0,0,0,0,0,0,1,22,9.69403076171875
30285f5f16d1776b73ab88068aa7791e,0,1,1,1,0,0,0,0,0,1,0,0,20,13.98358154296875
302d2683067231ff643b082ca977bdb9,0,0,1,1,0,0,0,0,0,0,0,0,16,5.41229248046875
3033e09cc8a39a75005f38917117322e,0,1,1,1,1,0,1,0,0,0,0,0,43,54.52264404296875
303538fdd572c8bd311b31fc2318c6c9,0,1,1,1,0,0,0,0,0,0,0,0,56,26.48211669921875
3036bcc68e2ed4dde8f9a4f8efc22d80,0,1,1,1,0,0,0,0,0,0,0,0,45,15.82537841796875
303e1a5607e28c4ab68a6a39be3e9bae,0,0,0,0,0,0,1,0,0,0,0,0,31,42.42401123046875
3040267ae44b265d1d3acbafa9667356,0,1,1,1,0,0,0,0,0,0,0,0,24,18.73162841796875
30486a7dbcfeed421748d740559aba03,0,1,1,1,0,0,0,0,0,0,0,0,37,54.47674560546875
304a24209a7753880cc94b6dfe2c2995,0,1,1,1,0,0,0,0,0,0,0,0,22,31.29217529296875
30659cea218fd6218b6c5d80a3ab628d,0,0,1,1,0,0,1,0,0,0,0,0,27,-5.11016845703125
306a68195ca671b3fc8e7ce7d99ecf07,0,0,1,1,0,0,0,0,0,0,0,0,62,20.88397216796875
306cbc1de7efffebdb062b9aaf8f9b82,0,0,1,1,0,0,0,0,1,0,0,0,36,12.05975341796875
306e4816eb2e3427008ea48389ebf859,0,1,1,1,0,0,0,0,0,0,0,0,17,27.79998779296875
3077b91ad224dd51d68230aef493556c,0,1,1,1,0,0,0,0,0,0,0,0,25,9.98748779296875
307800ffd6d2850cb104c4cff8c84150,0,1,1,0,0,0,1,1,1,1,0,0,30,10.30975341796875
3081cfe0f238c96b92af8def489533ee,0,1,1,1,0,0,0,0,0,0,0,0,17,25.40057373046875
30860cf000a6c591325b803eb1f0d93e,0,1,1,1,0,0,0,0,0,0,0,0,23,0.51483154296875
30916682c5eaab37231d1de3e5e7d1d5,0,1,1,1,0,0,0,0,1,0,0,0,43,6.72869873046875
3093ac648ef2f98dc59827278428582c,0,1,1,1,0,0,0,0,0,0,0,0,58,17.11932373046875
3098d31d2cb7ccf3c58121e34ea16476,0,1,1,1,0,0,0,0,0,0,0,0,31,20.02459716796875
309c7af866cc45215a0c843d12b2c9e1,0,1,1,1,0,0,0,0,0,0,0,0,46,9.76580810546875
30ab6b5b324bd4cccc1c5d2ce54aedd1,0,1,1,0,0,0,0,1,0,0,1,0,19,81.96405029296875
30ab8d2ffea8bd2c486f05c080feefd8,0,1,1,1,0,0,1,0,0,0,0,0,24,-0.37432861328125
30c72be951de0680dcf6ac02a5487d1f,0,1,1,0,0,1,0,1,0,0,1,0,29,13.62030029296875
30c840c2525240fe85d838c05ffb933b,0,0,0,1,0,0,0,0,0,0,0,0,20,19.89373779296875
30c9f70491eff758f9047afe334d9aba,0,0,0,1,0,0,0,0,0,0,0,0,72,39.20379638671875
30cc662d0034a1089905b99fb90a49f4,0,1,1,1,0,0,0,0,0,0,0,0,27,1.94207763671875
30dafe3fde143cf3cf75814dbebdd6bb,0,1,1,1,0,1,0,0,0,0,0,0,52,12.29705810546875
30df9c134ec437c0a448aad80867cd1c,0,1,1,1,0,0,0,0,0,0,0,0,30,13.95184326171875
30e50fc899c217f4bcd85c668c9bb517,0,0,0,0,0,0,0,0,0,0,0,0,32,10.98455810546875
30fee298996f23fbcd6d606314de358d,0,1,1,1,0,0,0,0,0,0,0,0,29,25.62371826171875
31022359c08226060797a1e526b8e50c,0,1,1,1,0,1,0,0,0,0,0,0,19,16.21990966796875
310381ef4acd8ec3c1a49519c7e19afa,0,0,1,1,0,0,0,0,1,1,0,0,12,10.72088623046875
310bb5859da5669c5452047e006eaeeb,0,1,1,1,0,0,1,0,0,0,0,0,49,11.06268310546875
31266f6fe4494f954ed8e817bc9b37df,0,1,1,0,0,0,0,1,1,1,1,0,23,33.14227294921875
3126ef574dd516fc3507e55c7a2ab6b2,0,1,1,1,0,0,0,0,1,0,0,0,3,4.94842529296875
313926189b13e68f376591109bbea655,0,0,1,0,0,0,0,0,0,0,0,0,43,14.59735107421875
314046239b197f906633263c3fed465b,0,0,0,1,0,0,0,0,0,0,0,0,4,0.75408935546875
314f9e04b75d34ef7b8598dd35ec9fed,0,1,1,1,0,0,0,0,0,0,0,0,24,26.33074951171875
3159fd3be27d486aaecd20e9d28921f1,0,1,1,1,0,0,1,0,0,0,0,0,44,48.69354248046875
3161b55e50dc9a9b45bddbd36598bdfe,0,0,1,1,0,0,0,0,0,0,0,0,23,15.47137451171875
316b9290b2b2420885373861a9731e7e,0,0,0,1,0,0,0,0,0,0,0,1,30,14.34539794921875
316fe23189927e65d52a3cb1f59043ff,0,1,1,1,0,0,0,0,0,0,0,0,75,21.41375732421875
316ff9cb6f12f53a907d858446306566,0,1,1,1,0,0,0,0,0,0,0,0,38,7.49285888671875
31705315c4625cccae7d52fcf0103f59,0,0,1,1,0,0,0,0,0,0,0,0,69,10.25213623046875
317d3d7707bb1c8aba79e57763bab11c,0,1,1,1,0,0,0,0,0,0,0,0,5,4.22283935546875
317d421173295114d0078880da449802,0,0,1,0,0,0,1,0,0,0,0,0,27,41.76043701171875
3186a8596acfa91e63526a1e76cf0411,0,0,1,1,0,0,1,0,0,0,0,0,41,9.44451904296875
318c0368bf663227510e5b9285af26d7,0,1,1,1,0,0,0,0,0,0,0,0,15,2.23065185546875
318e62fbef5395cfc0f2f1807c3de5c6,0,1,1,0,0,0,0,0,0,0,0,0,30,28.69451904296875
3199365aa4c28af71300e26bb60df6ca,0,1,1,0,0,0,0,0,0,0,0,0,39,18.76580810546875
31a3f6b38c15cc2bf156814f7ddb1d74,0,0,0,1,0,1,0,0,0,0,0,0,30,20.76092529296875
31a5d87ebe0e5ab9b4ef5a7c101e1157,0,1,1,1,0,0,0,0,0,0,0,0,38,7.27069091796875
31b74c7ad928700984ad7846a54c60c9,0,1,1,1,0,0,0,0,1,1,0,0,72,4.26385498046875
31befe40d9c6b613f04fd987641325ee,0,1,1,1,0,0,0,0,0,0,0,0,39,26.41619873046875
31bf75d698bf352cc353676624dccf11,0,1,1,1,0,0,0,0,0,0,0,0,27,22.59735107421875
31c43911c3fd65e287e557c621eef70d,0,1,1,0,0,0,0,0,0,0,0,0,50,7.52459716796875
31c6c2b7e7c4c5e07c89d52105bd6a8d,0,1,1,1,0,0,0,0,0,0,1,0,100,6.08905029296875
31cbaf625ce01294968b58de15bb7453,0,1,1,1,0,0,0,0,0,1,0,0,42,42.12274169921875
31cbb016c61c6b7f9fed28698480a3db,0,1,1,1,0,0,0,0,0,0,0,0,30,21.13104248046875
321c605f86ae4b5e63eab160b5d08963,0,1,1,1,0,0,0,0,0,0,0,0,43,30.16717529296875
321c68c323c7f03ef367fd7235e11207,0,0,1,1,0,0,0,0,1,1,0,0,40,4.75506591796875
321ca63d9b9d26f5b925f228831b1737,1,1,1,1,0,1,0,0,0,0,0,0,21,5.99237060546875
32201c544db2524f34431853ea41251c,0,0,0,1,0,0,0,0,0,0,0,0,60,15.44989013671875
322d87abcdc7a3d0578809ff3e0bfa75,0,1,1,1,0,1,0,0,0,0,0,0,32,7.34051513671875
3231f9479cfda0b5d1fe11d026e6e4ae,0,1,1,1,0,0,0,0,1,1,0,0,44,8.25067138671875
3235f5ddadc2d1b1f54bef25399f44df,0,1,1,1,0,1,0,0,0,0,0,0,34,14.35174560546875
325507e895d0855ef22de331f954ed65,0,1,1,0,0,0,0,0,0,0,0,0,34,66.32049560546875
32593b39f99bc09596adf653bb4c10f3,0,1,1,1,0,0,0,0,0,0,0,0,30,17.87567138671875
3261518ab2fc5b442ad8a308aa46089b,0,1,1,1,0,0,0,0,0,0,0,0,30,13.53192138671875
32659fc6efb37a88c8262dd80016b8dc,0,0,1,0,0,1,0,0,0,0,0,0,48,24.09442138671875
327051e9e582ff0fb10323efe2409eec,0,1,1,1,0,0,0,0,1,1,0,0,22,31.55291748046875
3272c92444582c557528bd9342be7cf5,0,1,1,1,0,0,1,0,0,0,0,0,50,9.43719482421875
327774838cc293d3f36d5607ca0139e8,0,0,1,1,0,0,0,0,0,0,0,0,27,12.53826904296875
327b6de42e6cdff50439925ca2f242ed,0,0,1,1,0,0,0,0,0,0,0,0,66,18.57733154296875
327e812f9b948392534175bb1df51b95,1,1,1,1,0,0,0,0,0,0,0,0,81,16.87371826171875
3284f9530d1bbcd454e1d974f45bee62,0,0,0,1,0,0,0,0,1,1,0,1,20,17.40789794921875
329194e1bff608436573be4aae5e7ee0,0,1,1,1,0,0,0,0,0,0,0,0,36,9.17401123046875
329ce2fb3d6cff8be98f0e7c37f18837,0,1,1,0,0,0,0,0,0,1,0,0,39,31.53778076171875
32a000eb63bc46544934e9be28b82069,0,1,1,1,0,0,0,0,0,0,0,0,36,22.37713623046875
32a5cc70d356c1c8014a5a6282df3208,0,1,1,0,0,0,0,0,0,0,0,0,21,27.13104248046875
32b0a88a5d26fb251024f1389a2547da,0,0,1,1,0,0,0,0,0,0,0,1,62,40.47821044921875
32bf0280eee0003871078ba11377172c,0,0,1,1,1,0,0,0,0,0,0,1,29,44.33074951171875
32cc4a2749d0bb17de46b98d4f702bf1,0,1,1,1,0,0,0,0,0,0,0,0,40,5.48504638671875
32e3d7159ecbf3b8beeca669029dd04a,0,1,1,1,0,0,0,0,0,0,0,0,17,82.32293701171875
32e4c9827e29bf53742e6d9bc389f3d1,0,1,1,0,0,1,0,1,0,0,1,0,18,15.03631591796875
32ee3073bc97ebb29602b92d8bce5e93,0,1,1,1,0,0,0,0,0,0,0,0,32,7.67840576171875
32f40ecf08f5348c31c9f7a2f9b10740,0,1,1,1,0,0,0,0,0,0,0,0,32,33.21942138671875
32f4f6afaae9f0633ffd11d3e8589689,0,1,1,1,0,1,0,0,0,0,0,0,45,16.28729248046875
32f7f313e386e95dad34ffed898fe43c,0,1,1,1,0,0,0,1,1,1,0,0,57,27.08465576171875
32fa718066e9373a5af30dbb77bf32ee,0,0,0,1,0,0,0,0,0,1,1,0,59,16.48065185546875
32fb50499ca324b5b49ac5b00a63a923,0,1,1,1,0,1,0,0,0,1,1,0,18,6.66815185546875
3301915a0c74c1304ddab2a99930d27e,0,1,1,1,0,0,0,1,1,1,0,0,40,16.14862060546875
330302dc3560e8989d2cfc0609b3a327,0,1,1,1,0,0,0,0,0,0,0,0,12,18.92840576171875
330304db68974653f683717790eff947,0,1,1,1,0,0,0,0,0,0,0,0,25,31.66717529296875
3309f0c52ed1ae59129775a8e6092169,0,0,0,0,0,0,0,0,0,0,0,0,17,46.99969482421875
331133eb4ca1a641a51a02093f7db823,0,0,0,0,0,0,1,0,0,0,0,0,27,17.08172607421875
3312f20c2aba2f0b476f1e503883022d,0,1,1,1,0,0,1,0,0,0,0,0,29,13.74090576171875
331ffd32539b30d49968e7f25cfc4b2b,0,1,1,1,0,0,0,0,0,0,0,0,45,32.25360107421875
3328f8c2a24142fcf8285564db55867a,0,1,1,0,0,0,1,0,0,0,0,0,32,4.87713623046875
3335b3a335294ae0e9c18c91e5a3dca1,0,0,1,1,0,0,0,0,0,1,0,0,84,17.03387451171875
3337dec09e0224bdc2c885abd9e999e1,0,0,0,1,0,0,0,0,0,0,0,0,26,16.56805419921875
3345633591287ee7c6f6f46d7c2e1a2e,0,1,1,1,0,0,1,0,0,0,0,0,27,7.21600341796875
334aede77cf1b34281a103abcb569b23,0,1,1,1,0,0,0,0,0,0,0,0,52,29.92694091796875
334ba1b782c228c21d69208e5a3af4a2,0,1,1,1,0,0,0,0,1,1,0,0,22,14.27655029296875
334c02e807901868e8d7a798b3d3118e,0,1,1,1,0,0,0,0,1,0,0,0,27,-1.60235595703125
335425f90f9295a061804730b3627540,0,0,1,1,0,0,0,0,0,0,0,0,25,36.10369873046875
335b7b4d9cd06215b0f9406c2dac83a8,0,1,1,1,0,0,0,0,0,0,0,0,37,19.63104248046875
336daf4b16356c1b970befcc07ab39f2,0,0,1,1,0,0,0,0,0,1,0,0,69,18.34002685546875
3377dd991d09eb6ffab6486000474f04,0,1,1,1,0,0,0,0,0,0,0,0,76,14.00994873046875
33792a356379022e29c9c3575bd96c44,0,1,1,1,0,0,0,0,1,0,0,0,83,10.94549560546875
33857326da9557ee620365ef9d61c68f,0,1,1,1,0,0,0,0,0,0,0,0,100,55.06072998046875
338aa2ee36bbfe2d8421397695bbcb4e,0,0,0,1,0,0,0,0,0,0,0,0,14,10.69207763671875
3398c628d646dd4370a14ac5efc04bb2,1,1,1,1,1,0,0,0,0,0,0,0,17,33.05047607421875
33abbbb60bf0319bf325026e996ba579,0,1,1,1,0,0,0,0,0,0,0,0,50,23.42108154296875
33aeda930a4aa1525940a758aee6122a,0,1,1,1,0,0,0,0,0,0,0,0,100,7.00067138671875
33c60b9a510fe33d03473d6b4aa0cf5a,0,1,1,1,0,0,0,0,0,0,0,0,9,19.18280029296875
33c9d9213c80e05d19133371ca0d2c7c,0,1,1,1,0,1,0,0,0,0,1,0,47,33.71160888671875
33cdfd01d4b74749049fff3403cf8d9d,0,1,1,1,0,0,0,0,0,0,0,0,17,14.78631591796875
33d2a0ce1fc3ab8be9cf7d613b294983,0,1,1,0,0,0,1,1,0,0,0,0,22,5.88592529296875
33d8ecf3770952009073378deee2e868,0,1,1,1,0,0,0,0,0,0,0,0,25,6.26776123046875
33e059e39209d905537ea07c141147cc,0,1,1,1,0,0,0,0,0,0,0,0,31,38.31463623046875
33e1168ab280de1820fed5ed90eee13f,0,1,1,1,0,0,0,0,0,0,0,0,30,8.09002685546875
33f69b747018977a856ff5d9f41cde62,0,0,1,0,1,0,1,0,0,0,0,0,18,13.13983154296875
33fb9a2b4180db645657f11cf340f42e,0,1,1,1,0,1,1,0,0,0,0,0,23,37.88153076171875
340b290717f83c36e848fd78ac3d5e2c,0,0,0,1,0,0,0,0,0,0,0,1,29,15.59295654296875
340d1735ba2f23f322b0025a630fd30f,1,1,1,1,0,0,0,0,0,0,0,0,18,15.36541748046875
34234381195aa7e88fa1ad77d8371c94,0,1,1,1,0,0,0,0,0,0,0,0,59,27.40936279296875
342f110f804c95e342cffb7706d2533a,0,0,1,1,0,0,0,0,0,0,0,1,43,37.70135498046875
344706c1aa8e31011bbf198a55cdc8d2,1,1,1,1,0,1,0,0,0,0,0,0,75,27.64471435546875
3447ff5b30a4f3203f4131b36d0d1038,0,1,1,1,0,0,0,0,0,0,0,0,12,31.39471435546875
3448aa112712cb3cb3eb8323e1fab5a7,0,0,1,1,0,1,0,0,0,0,0,1,41,25.81951904296875
34510ef6dfa3950029840337ed45d75b,0,0,1,1,0,0,0,0,0,0,0,1,89,3.14959716796875
34525157157de72161c447829ce73850,1,1,1,1,0,0,0,0,0,0,0,0,27,21.92889404296875
34541056312de95e2eb989548112ac84,0,1,1,1,0,0,0,0,1,1,0,0,52,22.63153076171875
34572b4de0c8d4d0e2e299ba34c1ea2b,0,1,1,1,0,0,0,0,1,0,0,0,20,30.46453857421875
3463b70fed339cee5913fc235e53a2f9,0,1,1,1,0,0,0,0,0,0,0,0,29,43.68914794921875
34654d959bc0215776bbaa50b5b33a34,0,0,1,1,0,0,0,0,0,0,0,0,45,18.42303466796875
34658f9bd60af7c8ea8a516ce7bc6aa8,0,1,1,1,0,0,0,0,0,0,0,0,29,15.07537841796875
346650fd7c4fcdcbd7a119436881e52a,0,1,1,1,0,0,0,0,1,0,0,0,3,6.79998779296875
34709bfca6dd1217fc08bbdf7559373b,0,0,1,1,0,0,0,0,0,0,0,0,40,9.56317138671875
347491b31af8da712f5f614403108664,0,1,1,1,0,0,0,0,0,0,0,0,25,3.59149169921875
347797c18c481615251a621a0f28c73a,0,0,1,1,0,0,0,0,0,1,0,0,40,45.31024169921875
347a40b5f8c7be6fce1ede1311fe94fa,0,1,1,1,0,0,0,0,0,1,0,0,75,32.88690185546875
3481013c34efab1bb2fd6d292cfdcc1b,0,1,1,0,0,0,1,0,0,0,0,0,23,40.82928466796875
3484f4556361a98f13cdbf21a971d27e,0,0,1,1,0,1,0,0,1,0,0,1,40,10.36932373046875
348f876df5329badea38970d2497df83,0,1,1,1,0,0,0,0,0,0,0,0,77,5.09930419921875
349258bf7c10d69df71b270e9be3f2a9,0,1,1,0,0,0,0,0,1,1,0,0,23,14.51971435546875
34973f0c29bf0dafc24c5b1208b3d769,0,1,1,1,0,1,0,0,0,0,0,0,23,28.89617919921875
3498d83f5c6244cdcce047f7381963a1,0,1,1,1,0,0,0,0,0,0,0,0,22,1.50701904296875
349a9a75b55fa09d25ada92db218fe01,0,0,1,0,0,0,1,0,0,0,0,0,63,48.29998779296875
349c0c4c8f950d4aa125e6ed74533c59,0,1,1,1,0,0,0,0,0,0,0,0,55,15.40838623046875
349ca007beac06220c10ee17e539c0a6,0,1,1,1,0,0,0,0,1,0,0,0,44,34.51580810546875
349f1d25ff4482342f35446ba1a91bd8,0,0,1,1,0,1,0,1,0,0,0,1,31,36.56414794921875
34a021cddcf91919215cd252d9fe07ef,0,1,1,1,0,0,0,0,0,0,0,0,30,21.06317138671875
34b29956fc343d03a507480117c2b13a,0,1,1,1,0,1,0,0,0,0,0,0,20,10.63397216796875
34b71b3048be43242ca8a213064dfe2d,0,1,1,1,0,0,0,0,0,0,0,0,42,47.36590576171875
34bb36fa61bf549740ed71c002e2c92a,0,0,1,1,0,0,0,1,1,1,1,0,57,23.99920654296875
34c7cff7ab98fcad8544b684f009837f,0,1,1,1,0,0,0,0,0,0,0,0,22,14.42401123046875
34c9d65d7637ef4cc4b52f615574e110,0,1,1,1,0,0,0,0,1,1,0,0,24,26.06951904296875
34cfb345619fb37f71ff28e3d226a38c,1,1,1,1,0,1,0,0,0,0,0,0,31,4.63006591796875
34cfed5eb67bc46e7df926358c589a9c,0,1,1,1,0,0,0,0,0,0,0,0,34,8.41912841796875
34d66ed105760e2d6c4adaa0f3091900,0,0,1,1,0,0,1,0,0,0,0,1,53,31.12127685546875
34db12043cbb7546dbb00b16f5ccd092,0,1,1,1,0,0,0,0,0,0,0,0,100,16.48748779296875
34dc983bbf8b3b102eb268d9f572999b,0,1,1,1,0,0,1,0,0,0,0,0,5,16.60955810546875
34dcf0fa0ddc19e0f1e855ed7ef5c634,0,0,1,1,0,0,0,0,1,1,0,1,62,16.74334716796875
34e367fd41f4c0e3e5a6269368c8e4bd,0,1,1,1,0,0,0,0,0,0,0,0,56,14.34588623046875
34e9b31ad85f969bcfe89aa3535ccc55,0,1,1,1,0,0,0,0,0,0,0,0,36,24.18328857421875
34ec84208f8606f5651e84ff1a71990f,0,0,0,1,0,0,0,0,0,0,0,0,68,10.14666748046875
34ed6c21304a0316f4e2fd1539288f11,1,1,1,1,0,0,0,0,0,0,0,0,24,25.01531982421875
3502775be0d0935b507ddf7864facd65,0,0,0,1,0,0,0,0,1,0,0,0,31,29.46893310546875
35086765d2426e21c768ef23258e029e,0,1,1,1,0,0,0,0,0,0,0,0,44,7.28631591796875
3511e758911b75b0fa3e99bb7d16b262,0,1,1,1,0,0,0,0,0,0,0,0,32,10.13787841796875
3514258c25fded847805f51e06007f4a,0,1,1,1,0,0,0,0,0,0,0,0,36,24.59832763671875
351572749faf1dbfa7dd96d55f7cf93a,0,1,1,1,1,0,0,0,0,0,0,0,44,19.30926513671875
3518725971a38cb54d477736f8b4adbb,0,1,1,1,0,0,0,0,0,0,0,0,59,35.41912841796875
351c40c24f4898012adffa401a4b776b,0,1,1,1,0,0,0,0,0,0,0,0,34,17.02069091796875
351d4caa0447201c3c56b091a70e134d,0,1,1,1,0,0,0,0,0,0,0,0,36,19.00408935546875
351f31c6e0d5ee2df0000125db29041c,0,1,1,1,0,1,1,1,0,0,0,0,58,12.90643310546875
3537fdff0bc96fd9fb14c9cd99a5b7a7,0,0,1,1,0,0,0,0,0,0,0,0,33,32.67205810546875
3541cbb61d11b006a0e0402c419c7c4d,0,1,1,1,0,0,0,0,0,0,0,0,32,22.22576904296875
354515560c0f9501e292ffb7ca611daf,0,1,1,1,0,0,0,0,0,0,1,0,21,25.47479248046875
3549a4f097cd4e03ab1f0b3cc14c436a,0,1,1,0,0,0,1,0,0,0,0,0,62,20.73651123046875
3549bac0ca0dbcb53be6ec12bd2717a9,0,1,1,1,0,0,0,0,1,1,0,0,100,3.03338623046875
3557b34de33d07a365e729dcad58d744,1,1,1,1,0,0,0,0,0,0,0,0,72,-2.13555908203125
3558973fa9860c86d20c7a31640020ef,0,1,1,1,0,0,1,0,0,0,0,0,100,17.34393310546875
35626ac8a0ed642391fc443c06beaba2,0,1,1,1,0,0,0,0,1,1,0,0,30,23.01531982421875
3591d8447a93d420b12ccf5c9e7ed3a6,0,1,1,1,0,0,0,0,0,0,0,0,30,17.33221435546875
35966d8e825e979653098b9e2ec419f5,0,0,1,1,0,0,0,0,0,0,0,0,100,5.05389404296875
35a38adcd52971ffe32b0703dbed41e6,0,0,1,1,0,0,1,0,0,0,0,1,62,22.71063232421875
35aad1436c6b05b6ba41291d03dea839,0,0,1,1,0,0,1,0,0,0,0,0,17,19.03924560546875
35b3c153e9a7a5b1bdccd7626500a3ef,0,1,1,0,0,0,0,0,0,0,0,0,71,17.84393310546875
35b64d164b2be6af5bea22d0d57e382f,0,0,0,1,0,0,1,0,0,0,0,0,12,23.81365966796875
35b6ef8c28ba97b27032956c34198471,0,1,1,1,0,0,0,0,0,0,0,0,70,25.10223388671875
35bb79a3bda2ef78d0c3e36dae526868,0,0,1,1,0,0,0,0,0,0,0,0,100,32.79901123046875
35c452660951f74f7bf8fe9f1f362cd0,0,1,1,1,0,0,0,0,0,0,0,0,100,50.27996826171875
35d705add4454f61feb4cf19c893abe8,0,1,1,1,0,0,0,0,0,0,0,0,39,17.15740966796875
35e3f00d6161f01b0a8738f73d63fff6,0,0,1,1,0,0,0,0,0,0,0,1,4,30.32781982421875
35e4dd01f41231c03e254051d9f79cec,0,1,1,1,0,0,0,0,1,1,0,0,100,16.73162841796875
35e84b2cb51e83822986fb67fa6983e4,0,1,1,1,0,1,0,1,0,1,1,0,27,15.42987060546875
35e934589448cfef6a340dd70cfeb533,0,1,1,1,0,0,1,0,1,1,0,0,25,9.11785888671875
35ead43965d1ca4883da0434e14d42bc,0,0,1,1,0,0,0,0,1,0,0,1,25,24.77166748046875
361d6f97027749df5160c497dd4ee94c,0,0,1,1,0,0,0,0,0,0,0,1,20,32.17889404296875
361f9c83f63233c8ca33aaa46325699d,0,1,1,1,0,0,0,0,0,0,0,0,44,15.17010498046875
3628d7a61b635f4ccf3cc3ae04649b41,0,0,1,1,0,0,0,0,0,0,0,0,23,26.22235107421875
362c33167c177993fcdf9051c0ec3f7b,0,1,1,1,0,0,0,0,0,0,0,0,46,5.77508544921875
363149488f8d5cc400757063e5308383,0,1,1,1,0,0,0,0,0,0,0,0,15,11.74871826171875
364065656b5a2bd9c4788b11c4850e4e,0,1,1,1,0,0,0,0,0,0,0,0,33,21.81365966796875
364520a2113281ba901b6a35785ab7c7,0,0,1,1,0,0,0,0,0,0,0,1,26,18.48846435546875
364554a8d7db70d95805b20b287d45b6,0,1,1,1,0,1,0,0,0,0,0,0,61,1.62078857421875
36481d074e3298124c4d9cf0b43ec358,0,1,1,0,0,0,1,0,0,0,0,0,29,14.11737060546875
364f62035321b91ce43faf99cd8666d1,0,1,1,1,0,0,0,0,0,0,0,0,23,36.40203857421875
3654d359e39ced7ab7d7af3560a96f6b,0,1,1,1,0,0,0,0,1,1,0,0,54,11.48406982421875
365d8c50030e64ac8ebcb4d738876c2c,0,1,1,1,0,0,0,0,0,0,0,0,17,21.38787841796875
3664a32ffa084e24c120c030561a9220,0,1,1,1,0,0,0,0,1,1,0,0,2,12.83514404296875
366a514179f9711bcd1171f6529f0599,0,1,1,1,0,0,0,1,0,0,1,0,33,16.10711669921875
366ec6fa887d349d3726c859171c3ec6,0,1,1,1,0,0,0,0,0,0,0,0,65,9.53924560546875
367babf8d0f3ce0759e3ce70a2c6dd84,0,1,1,0,0,0,0,0,1,1,0,0,26,11.05877685546875
368049bf2b678a82e576bb8263741a8d,0,0,1,1,0,1,0,0,0,0,0,0,12,10.87127685546875
3680521fefb451326a7aab0087ce1883,0,1,1,1,0,0,0,0,0,0,0,0,42,13.65838623046875
36a06428c15457bf7b801f1736465de6,0,1,1,1,0,0,1,0,0,0,0,0,20,8.33123779296875
36a1f4109ea7b4389780095c5be237a6,0,1,1,1,0,0,0,0,0,0,0,0,24,13.70819091796875
36a4110228c6a945f0b94661a9c6de8f,0,1,1,1,0,0,0,0,0,0,0,0,41,17.41131591796875
36a7b1f565ead82e4e5250efbc392aef,0,1,1,1,0,0,0,0,0,0,0,0,49,9.49383544921875
36a989f70c5090f27fa6f36961a35fa9,0,1,1,1,0,0,0,0,1,1,0,0,55,41.50360107421875
36ab817a143f6078c6d933fe6dd6fc12,0,1,1,1,0,0,0,0,0,1,0,0,30,31.33709716796875
36b4d2c3227812c555b14565eb65508a,0,0,1,0,0,0,0,0,0,0,0,0,4,47.65985107421875
36b8bbe7a1f4d652667c67974035c851,0,0,0,1,0,0,0,0,0,0,0,1,24,49.85809326171875
36b9c4276138ccfafa79b6ccfbd69f42,0,1,1,1,0,0,0,0,0,0,0,0,74,41.63543701171875
36c25d625e9c619ac05f8bb7118878b9,0,1,1,1,0,1,0,0,0,0,0,0,32,-1.83868408203125
36c297817894ad5b11211ed973f80181,0,1,1,1,0,1,0,0,0,0,0,0,29,19.64520263671875
36c62a3b937487bc8d90b7eb057aab4e,0,0,1,1,0,0,0,0,0,0,0,0,23,39.17742919921875
36ca36d29443580d5dc4f72e1e752e17,0,0,1,1,0,0,0,0,0,1,0,1,74,43.84100341796875
36d0ae3e257fa3f6ea45f094d471f7fa,0,1,1,0,0,0,1,0,0,0,0,0,41,16.12713623046875
36d1cb3e0c29281d695ff7fd6e9ed428,0,1,1,1,0,0,0,0,1,0,0,0,50,27.22528076171875
36d6524f12a2074d729575c19821c973,0,1,1,1,0,0,0,0,0,0,0,0,78,30.68377685546875
36e19c39f002bda87f0cbd9f1ff68aa4,0,1,1,1,0,0,0,0,0,0,0,0,23,13.89813232421875
36e29fd69844653804a7a67a4cf441b0,0,1,1,1,0,0,1,0,0,0,0,0,100,28.09344482421875
36e6885ae5611da4d203d915e8bca8b1,0,1,1,1,0,0,0,0,0,0,0,0,29,9.65447998046875
36e737146cadf7efd80eb95680e7dc86,0,1,1,1,0,0,0,0,1,0,0,0,24,35.81121826171875
36f9d138778a89cf0e407dfe76af6e74,0,1,1,1,0,0,1,0,0,0,0,0,100,33.68280029296875
36fb1371d0b5bc5bd643763e755a557a,0,0,0,1,0,0,0,0,0,0,0,0,100,28.49285888671875
36ff9acbce2c0791644f445dc1d5778e,0,0,1,1,0,0,0,0,0,0,0,1,20,53.73260498046875
3702ff392ed14ae96cdddfa000878eba,0,0,0,1,0,1,0,0,0,0,0,0,53,37.24969482421875
3703fef071446ad83545db6eb5a7aba5,0,1,1,1,0,0,0,0,1,1,0,0,42,23.91326904296875
370cd975f6ef9430ae849a4ef13026d5,0,1,1,1,0,0,0,1,0,0,0,0,22,18.58905029296875
370fbf370487814b17a5725ea59e18e4,0,1,1,1,0,0,0,0,0,0,0,0,29,4.95819091796875
371443b80438ebf31d16b38a6d453add,0,1,1,1,0,0,0,0,1,1,0,0,53,12.03436279296875
371475390630964af89d952fe1f217ba,0,1,1,1,0,0,0,0,0,0,0,0,22,43.03729248046875
3718b1a3e04554b2bc5b61e2781ccc2c,0,0,0,0,0,0,1,0,0,0,0,0,37,4.82537841796875
3720cbfae91cf23bb00f55ffda28e920,0,1,1,1,0,0,0,0,0,0,0,0,49,35.72723388671875
3725c58e75bdd2b6509252b1ac6c1a83,0,1,1,1,0,0,0,0,0,0,0,0,46,6.53143310546875
3725cc062e417737dcd69b1d76c673b0,0,1,1,1,0,0,1,0,0,0,0,0,35,9.66326904296875
37273b4eb1945d2f17a8058e8fb2a629,0,1,1,0,0,0,0,0,0,0,0,0,29,50.72869873046875
37341300e6472fa3791356a7ed9a51ba,0,1,1,1,0,0,0,0,0,0,0,0,100,10.77166748046875
373865da9ffe814d484d12cad7a827a7,0,1,1,1,0,0,0,0,0,0,0,0,66,12.67645263671875
373c763f5218610e9b3f82b12ada8ae5,0,1,1,0,0,0,1,1,1,1,0,0,71,2.16717529296875
373e1cd16284d382ce73ccc749d4ea21,0,1,1,1,0,0,0,0,0,0,0,0,34,27.53973388671875
3741876a2f8e00444ec07588febbc5ba,0,1,1,1,0,0,0,0,0,0,0,0,29,12.82635498046875
374504c5b4a4fa1352cc9a91c89b9543,0,1,1,1,0,0,0,0,0,0,0,0,27,26.50848388671875
3747aad21cadaa33593958be5b45a36a,0,1,1,1,0,0,0,0,0,0,0,0,11,13.48260498046875
375019472b95e3ddc99065110e684c2f,0,0,0,1,0,0,1,0,0,0,0,0,22,9.87615966796875
37501a8c83cfe9dd7ee74bfabf731f3e,0,0,1,1,0,0,0,0,1,1,0,0,42,13.31951904296875
3755fab3e05280ec17b31bf8fc3c2f64,0,0,1,0,0,0,0,0,0,0,0,0,29,59.86688232421875
375b2c5d6a8d7439036f987377d65188,0,1,1,1,0,0,0,0,0,0,0,0,26,8.38983154296875
375d496b9862f3c77cca3bb5a0c45616,0,1,1,1,1,0,0,0,0,0,0,0,25,10.67694091796875
37690fef28043b1ddb8c5a369f630213,0,1,1,1,0,0,0,0,1,1,0,0,29,24.97235107421875
376cb4e002faffc94d30775b6fc11905,0,1,1,1,0,0,0,0,0,0,0,0,20,14.87078857421875
376ec017d73c1310894eeefc75f9abdb,0,1,1,0,0,0,0,1,0,0,0,0,46,7.51629638671875
376fec474c48882e5790b21c6c55de98,0,1,1,1,0,0,0,0,0,0,0,0,84,14.15643310546875
377d74edf73ac293e09eb15b88a44803,0,1,1,1,0,0,0,0,0,0,0,0,30,23.18817138671875
379e58daae2ea17c918afb53d4bc58d4,0,0,1,1,0,1,0,0,0,0,0,1,51,7.42108154296875
37ae1a5164cd9ab4007427b08ea2c5a3,0,1,1,1,0,0,0,0,1,0,0,0,26,31.20086669921875
37ae862d8c287af281fbe909cfe55d81,0,1,1,0,0,0,1,1,0,0,0,0,25,18.00994873046875
37b05b5a38ceab6779cb14c5c1f11281,0,1,1,0,0,0,0,1,1,1,0,0,21,42.43182373046875
37b128f91b765b94c3bdf13f3f1d3177,0,1,1,1,0,0,0,0,0,1,0,0,43,18.47479248046875
37b247c959cbca0a24325315499250fb,1,1,1,1,0,0,0,0,0,0,0,0,42,30.89129638671875
37c1664858b8a872873b443f36de13a9,0,0,1,1,0,0,0,0,1,1,0,0,31,18.90643310546875
37cd6b655c64771d389cc38c194e12ba,0,0,0,0,1,0,1,0,0,1,0,0,20,28.92108154296875
37d2adc42a4b549fb23681912d79090d,0,0,1,1,0,0,0,0,0,0,0,1,52,12.09588623046875
37d94c04f914e2157535f99397e9bb8c,0,0,1,1,0,0,0,0,0,0,1,0,34,12.20379638671875
37ddaa3d104252eb991d4cfd54cca360,0,1,1,1,0,0,0,0,0,0,0,0,47,5.26483154296875
37e16d6eedb19f3630f1fb737c24d42f,0,1,1,1,0,0,0,0,0,0,0,0,16,9.29656982421875
37e4db38fddb3ec21685e551507d1fb4,0,1,1,1,0,0,0,0,0,0,0,0,38,15.43280029296875
37e657474016c286cf04d7f1318ee3dd,0,1,1,1,0,0,0,0,0,0,0,0,43,34.55096435546875
37ffafc3487bb121264eb5f1767ba9da,0,0,1,1,0,0,0,0,1,1,1,0,45,8.05975341796875
38076c95ea31021338195c2151aa309d,0,1,1,1,0,0,0,0,0,0,0,0,35,15.93768310546875
38079a5cf37952f956666ab6d2f4e4e8,0,1,1,1,0,0,0,0,0,0,1,0,54,25.60418701171875
380cdda7ceba006f13675d19d0b38b1c,0,1,1,1,0,0,0,0,1,1,0,0,100,11.33807373046875
380dd0623e9d04e43abb074b9305fa95,0,1,1,1,0,0,0,0,0,0,0,0,15,17.02459716796875
38135b4765111aa8c47f4c33937cf4b8,0,1,1,1,0,0,0,0,0,0,0,0,59,29.42401123046875
3813f5d40d8049d8307a11272d4ec075,0,1,1,0,0,0,1,1,0,0,1,0,32,23.32537841796875
381760146525b4e79e00722eb674f7fe,0,0,0,1,0,0,0,0,0,0,1,1,100,16.10076904296875
381bce1d3b016b53f227c8390e900e66,1,1,1,1,0,0,0,0,0,0,0,0,13,11.91131591796875
3835979fa3d981dd48505f8cb4433f4e,0,1,1,1,0,0,0,0,0,0,0,0,22,7.91326904296875
383f0177879bb7c8ec6cfd430310d9d8,0,1,1,1,0,0,1,0,0,0,0,0,26,19.35321044921875
38426ba3cbf5484555f2b5e9504a6b03,0,0,1,1,1,0,0,0,1,1,0,0,30,21.42938232421875
3846ad0a2ff482281c3cdfeb4c2c9ba9,0,0,1,1,0,0,0,0,0,0,0,0,100,20.23992919921875
384d86e06e9a0fd2ae41282e2b62e8f2,0,1,1,1,0,0,0,0,0,0,0,0,32,9.66717529296875
38583958c0519650d3885e0a3d851454,0,1,1,1,0,0,0,0,0,0,0,0,27,37.21112060546875
385c2b0e3888d1dc0c95c116a033d2b8,0,1,1,1,0,1,0,0,0,0,0,0,35,15.77801513671875
385c3adcca89832242dd607b90352a42,0,0,0,1,0,0,0,0,0,0,0,0,28,9.69549560546875
385c414bb643a9421e0b3e0e7752c9ab,0,1,1,1,0,0,0,0,0,0,0,0,31,27.78387451171875
3863b1b904e6fe0ceec7d6bc55517307,0,1,1,1,0,0,0,0,0,0,0,0,62,12.41912841796875
3869584229e59e2e4c80e6d553e0437d,0,1,1,1,0,0,0,0,0,0,0,0,46,21.23602294921875
386a74d9f3a08f30d02a40a8840ddf50,0,1,1,1,0,0,0,0,0,0,0,0,28,4.16864013671875
386cc083790137e3197f3b4b3d99b97c,0,1,1,1,0,0,0,0,0,0,0,0,43,34.28094482421875
386dde10148f659391f611b0320b8af5,0,0,1,0,0,0,0,0,0,0,0,0,75,15.80242919921875
3877f2981e502fe1812af38d4f511fd2,0,1,1,1,0,0,0,0,0,0,0,0,15,3.94744873046875
387d7da717db439432ce33d97007551a,0,1,1,1,0,0,0,0,0,0,0,0,31,5.19842529296875
387f73af0e8402c4e88ce3ba6112033d,0,1,1,0,0,1,1,0,0,1,0,0,67,63.43328857421875
388b92e9e2f15c46697db485c4964367,0,1,1,1,0,0,1,0,0,1,0,0,47,8.44256591796875
389c38e7eb96f25f68d01ba40e509e82,0,1,1,0,0,0,1,1,1,1,1,0,11,3.75408935546875
38a31d9c04cc7e35797036cc2bd35774,0,1,1,1,0,0,0,0,0,0,0,0,21,-3.28497314453125
38a3b4ce806568234eb03170ce2d054d,0,0,1,1,0,0,0,0,0,0,0,0,37,42.30096435546875
38a5aa0c59d433a8e4671b960d808829,0,0,1,1,0,0,0,0,1,0,0,0,30,14.36834716796875
38a88f12abf82c3f773ef5a763f16a19,0,0,0,1,0,0,0,0,0,0,0,0,42,14.70037841796875
38a957b8c4e4fda34b7598e4c19e3b01,0,1,1,1,0,0,0,0,0,0,0,0,37,1.47772216796875
38ab8d0e65303252f3e6b2a4fd554619,0,1,1,1,0,0,0,0,0,0,0,0,29,32.44403076171875
38b32b07dcd0895f4f3e375e947141cd,0,1,1,1,0,0,0,0,0,0,0,0,56,21.83074951171875
38ca677f78e44977e5d8454bb8274bbd,0,1,1,1,0,0,0,0,1,1,0,0,25,24.72772216796875
38cb7677ba007ad3431c84e055d3328d,0,1,1,1,0,0,0,1,0,0,1,0,33,30.89178466796875
38cdc8eedf606d9d21891a367e2de5eb,0,1,1,1,1,0,0,0,1,1,0,0,26,34.53924560546875
38d226f670dedeadaf0beebb501da2aa,0,1,1,1,0,0,0,0,0,0,0,0,57,27.13543701171875
38d42f604053d1de4cc71c34d7da7da3,0,1,1,1,0,0,0,0,0,0,0,0,48,7.70526123046875
38dbb98732bf587bc92288b5b56a5bc1,0,1,1,1,0,0,0,0,0,0,0,0,57,41.21697998046875
38df3fd3224cd1915f9e0fa9df7adf8b,0,1,1,1,0,1,0,0,0,0,0,0,33,11.06658935546875
38e1934cb5de223555deb940112414e7,0,1,1,1,0,0,0,0,0,0,0,0,31,8.37127685546875
38e7e4151f4b178dcd606026739bb327,0,1,1,1,0,0,1,0,0,1,0,0,44,15.40692138671875
38ea841d2ec9b4d918c3f5649ef9889c,0,0,1,0,0,0,0,0,0,0,0,0,21,9.77703857421875
38f19ceba149ba0bbc1602211e24c14b,0,1,1,1,0,0,0,0,1,1,0,0,87,18.00897216796875
38f7812880e07104d9fe75d4a203d329,0,1,1,1,0,0,0,0,1,1,0,0,35,12.77655029296875
38fc98fa5b243707da8521d788cda244,0,1,1,1,0,0,0,0,0,0,0,0,30,32.98406982421875
39035677b63d07f6989748559a811d56,0,1,0,0,0,0,0,0,0,0,1,0,46,35.34783935546875
390481fb731e0f66c52357f97b2b447b,0,0,1,1,0,0,0,0,0,1,0,1,44,34.36346435546875
390d5d76ecdbc1f462d7750a89e99bcb,0,1,1,0,0,0,1,0,0,0,0,0,9,23.08270263671875
391434e2c8f59bc923b237a7863a13e2,0,1,1,1,1,0,0,0,0,0,0,0,69,28.53729248046875
39218f8192561dbb2cb7a916308193be,0,1,1,1,0,0,0,0,0,0,0,0,44,15.15838623046875
392a0e61225df1d8f086d249309f5c39,0,0,0,1,0,0,0,0,0,0,0,0,19,12.56170654296875
392a53c53868a8d9314efa8dc06b9a3b,1,1,1,1,0,0,0,0,0,0,0,0,57,21.21990966796875
392a7099847dd938c720d89e195ff19a,0,1,1,1,0,0,0,0,0,0,0,0,39,20.28924560546875
39437d3639f1751301a98cd5d7a2b886,0,1,1,1,0,0,0,0,1,0,0,0,100,36.71160888671875
394ccce86849adab6282606d176cf192,0,1,1,1,0,1,0,0,1,1,0,0,27,7.65985107421875
39609a493b3f57ed5c5fd07f59334e97,0,1,1,1,0,0,0,0,0,0,0,0,53,9.17254638671875
396377d381afc65fbd42aa06d5576b78,0,1,1,1,0,0,0,0,1,1,0,0,40,13.38348388671875
397b904de37b9f640bd2a244ad4bb22a,0,0,0,1,0,0,0,0,0,0,0,0,63,22.05340576171875
39803db4d3238e56ae6cf9d76bdac118,0,1,1,1,0,0,0,0,1,1,0,0,36,10.72528076171875
3984d5069b2061291157ca59013d0813,0,1,1,1,0,0,0,0,0,0,0,0,25,13.42010498046875
398757e8077abfc4610fb351be9693d0,0,1,1,1,0,0,0,0,0,0,0,0,38,53.12371826171875
39886d315ac490493cdbd7f08027b534,0,1,1,1,0,0,1,0,0,0,0,0,26,14.43670654296875
398b44e52cb24d2c7cde9c4ba7e213cf,0,0,0,1,0,0,0,0,0,0,0,0,23,13.41131591796875
3993e2c3d23c595b1b836f009806fb77,0,1,1,0,0,0,0,0,0,0,0,0,36,37.69012451171875
399ec19e12e54019be63a9e0625303cf,0,1,1,0,0,0,1,0,0,0,0,0,17,10.23065185546875
399ee5a36a4ea7af4fa22c7ef040d4a6,0,1,1,1,0,0,0,0,0,0,0,0,30,32.69598388671875
39a3b3e56259e11daf4acbb932fac0c2,0,1,1,0,0,0,0,1,0,0,1,0,8,27.85906982421875
39a6cac5a4f1191973fc62bc9bcf41ca,0,1,1,1,0,0,0,0,0,0,0,0,41,15.10565185546875
39aca7e34247b574eb06fd223c825010,0,1,1,1,0,0,1,0,0,0,0,0,35,0.58367919921875
39b792bd7a39862f70ecdf62ab4b1f4e,0,0,1,1,0,0,0,0,0,1,0,0,100,34.68670654296875
39c5e1097fbc335a41597b12ae895301,0,1,1,1,0,1,0,0,1,1,0,0,46,23.27069091796875
39d8d2fccafc0a5f8e156cbd3ff3bf42,1,1,1,1,0,0,0,0,0,0,0,0,31,10.96990966796875
39e651854a312654162e127e1924c4dd,0,1,1,1,0,1,0,0,0,0,0,0,18,80.49383544921875
39f16945bf489d024d14ed8fba835fbe,0,0,0,1,0,0,0,0,0,0,0,0,24,24.36737060546875
39faff3e3e8e6e9fb760243f1189629d,0,1,1,0,0,0,0,0,0,0,0,0,40,6.12615966796875
39fc3af3245bf525d3549a38f797bccd,0,0,0,1,0,0,0,0,1,1,0,0,17,20.97772216796875
39fe79fabff5e3c57817fdbcaf9700d2,0,0,1,1,0,1,0,0,0,0,0,0,25,9.90643310546875
39fee212960e493d8368f193db5062eb,0,1,1,1,0,0,0,0,0,0,0,0,27,18.22674560546875
3a048e4d7c5549e7e1e92b8372f79ce4,0,1,1,1,0,0,0,0,0,0,0,0,41,6.93377685546875
3a08da9c5e49bfaddea41927a3c68493,0,1,1,1,0,0,0,0,0,0,0,0,39,31.62274169921875
3a158281ec1f62512e28549d1935e426,0,1,1,1,0,0,0,0,0,1,1,0,33,4.31805419921875
3a171ab665827fc068d509c4d9f21fea,1,1,1,1,0,0,0,0,0,0,0,0,40,17.71746826171875
3a1faeda2b807e2da5be4964d1bb99f4,0,0,1,1,0,0,0,0,0,0,0,1,41,41.48944091796875
3a2f55c9d47576cf671b309fa9587b3e,0,1,1,1,0,0,0,0,0,0,0,0,38,13.97869873046875
3a39914b94f822f8cdcc882d3c3da2dd,0,1,1,1,0,0,1,0,0,0,0,0,66,27.07293701171875
3a41875aed7c975920be84e6dafa1830,0,0,1,0,0,0,1,0,1,1,0,0,2,12.58416748046875
3a43ec4736c5e82b5096c5ba57342f27,0,1,1,1,0,0,0,0,0,0,0,0,50,33.58709716796875
3a49b4205d07399f54ffbccd045218c5,0,1,1,1,0,0,0,0,0,0,0,0,59,39.88592529296875
3a4c5720a88248353e1d1c9986804e45,0,1,1,0,0,0,0,0,0,0,0,0,5,31.80975341796875
3a5039a9c9a8bd5e3abc2335cc1ecb09,0,1,1,1,0,0,0,0,1,0,0,0,23,12.53973388671875
3a56cdc6bbef12d5a5e9431950ee5b54,0,1,1,0,0,0,1,1,0,0,1,0,100,24.80535888671875
3a56dffdeeed88233db447d9e17f771c,0,1,1,1,0,0,0,0,1,1,0,0,22,11.81463623046875
3a59c43346e4c7e5ac27fda8bdd137cd,0,1,1,0,0,0,1,0,0,1,0,0,13,17.66131591796875
3a66d46585bdfb277e7b41ba9fe07c97,0,1,1,1,0,0,0,0,1,0,0,0,18,18.39959716796875
3a69a4316a1a2fd00bae0168e67a80b1,0,1,1,1,0,0,0,0,0,0,0,0,42,39.73699951171875
3a6eed066e37f7a12ec510815cabf021,0,1,1,0,0,0,0,0,0,0,1,0,35,46.37420654296875
3a7d92e40286feed961a521debc967a0,0,1,1,1,0,0,0,0,0,1,0,0,20,31.74139404296875
3a83e532dd336ee1e84856feb765908b,0,1,1,1,0,0,0,0,0,0,0,0,88,29.00701904296875
3a84d44b96d65fd60088272db6bceba7,0,1,1,1,0,0,0,0,1,0,0,0,33,6.66473388671875
3a891e2b7dc0db7d880707c4cd1663ab,0,1,1,1,0,0,0,0,0,0,0,0,72,62.07781982421875
3a90de9180158f07770785842ee3cd29,0,1,1,1,0,0,0,0,0,0,0,0,38,16.58270263671875
3a92d0dd5297b25cffe799f170d534e7,0,1,1,1,0,0,0,0,1,1,0,0,16,26.04656982421875
3aa2a30576558788ab5ac8d44cb98476,0,0,0,1,0,0,0,0,0,0,0,0,66,22.23162841796875
3aa606446aed1eda561c197e86a073aa,0,1,1,1,0,0,0,1,1,0,1,0,27,56.07635498046875
3aa6dcfaa007fcb52f7d8672bc6e08c2,0,1,1,1,0,0,0,0,0,0,0,0,61,34.20233154296875
3aabe9a8bae9195c5748f601a74da99b,0,1,1,1,0,0,0,0,0,0,1,0,28,15.98260498046875
3ac83c0c6d206ef36727a404f090b2f7,0,1,1,1,0,0,0,0,0,0,0,0,23,17.79510498046875
3adcf825ff2ad680bd03df4b188e1974,0,1,1,1,0,0,0,0,0,0,0,0,21,19.56707763671875
3ae1198bdded7595d6ec331089fc53f0,0,1,1,1,0,0,0,0,0,0,0,0,28,28.43524169921875
3af64016fefc033b9847de9782256d01,0,1,1,0,0,0,0,0,0,0,0,0,43,17.88153076171875
3afe7c6e9ed321e3219e8d45c1192773,0,1,1,1,0,0,0,0,0,0,0,0,100,23.52752685546875
3b04395021524e182d9d240f026c6464,0,1,1,1,0,0,0,0,0,0,0,0,30,18.22967529296875
3b0728984e5d9d3b9a289e8ed2195fdc,0,1,1,1,0,0,0,0,0,0,0,0,22,6.67596435546875
3b10376c7c62187502068b12de76056d,0,1,1,1,0,0,0,0,0,0,0,0,42,10.76190185546875
3b22a69675827f9bf24da0ee81be95ba,0,1,1,1,0,0,0,0,1,1,0,0,63,16.25408935546875
3b244008ab5a3db244bc76eda4fee717,0,1,1,1,0,0,0,0,0,0,0,0,36,18.16961669921875
3b2870dc1fb3ee2acd99bd2c140b44f1,0,0,0,1,0,0,1,0,0,0,0,0,32,18.57342529296875
3b324a62e2cf1213578af7d1cb505d0f,0,1,1,0,0,0,1,0,0,0,0,0,51,16.24920654296875
3b3bc6341f2fa3824110b388a761f296,0,1,1,1,0,0,1,0,0,0,0,0,20,10.25897216796875
3b538df2bcf7d7bc77e01a116a5c401f,0,1,1,1,0,1,1,0,0,0,0,0,31,11.29364013671875
3b54c2c7ecc62bce80b0ccbe146c9c11,0,1,1,1,0,0,0,0,1,0,0,0,30,32.36248779296875
3b605ff81d589cda4e2848b088efaa59,1,1,1,1,0,1,0,0,0,0,0,0,37,-1.78204345703125
3b61d75bd66a1ad2cb8aaf3cdd740fba,0,1,1,1,0,0,0,0,0,0,0,0,31,11.49139404296875
3b67256f0f992304da077e6fd5add878,0,1,1,1,0,0,0,0,0,0,0,0,31,13.35467529296875
3b699afb0da345c46f924fb69f775e7c,0,1,1,1,0,0,0,0,0,0,0,0,41,10.88836669921875
3b6b5bb0492cb7b8b52f1f6b7f20b845,0,0,0,0,0,0,0,0,0,0,0,0,23,13.72137451171875
3b704c8f9313f6af61a2c6c40d33291c,0,1,1,1,0,0,0,0,0,0,0,0,9,12.37518310546875
3b7bb352f9b975598943dd20a8a157c2,0,1,1,1,0,0,0,0,0,0,0,0,36,13.09100341796875
3b886a355f89de0d2acf88e31a709ed9,0,0,1,0,0,0,0,0,0,0,0,0,20,35.47430419921875
3b888f7d24abf00c3e4d20c75fa3a530,0,0,1,1,0,0,0,0,0,0,0,0,35,12.78680419921875
3b8d1720bcaf006bedc853601bc65ddd,0,1,1,1,0,0,0,0,0,0,0,0,17,29.09979248046875
3b919f44e69fa03979465493cbab93aa,0,1,1,1,0,0,0,0,0,1,0,0,62,10.66815185546875
3b9cf85644bf28bdf1b8bc20932c171d,0,0,1,1,0,0,1,0,0,1,0,0,55,8.01629638671875
3ba426c590729968fbd4512cfc37e82e,0,0,1,1,0,0,0,0,1,1,0,0,34,7.96844482421875
3ba8791f66b6b206b1f1362b5fe7b620,0,1,1,0,0,0,0,0,0,0,0,0,24,39.38153076171875
3baa6d5fae4baa9b4afcd5ab584c86d0,0,1,1,1,0,0,1,0,0,0,0,0,58,13.92791748046875
3bb63992b4a7f7441e2a13ccfa029661,0,0,1,1,0,0,0,0,0,0,0,1,21,27.54803466796875
3bbc5904e923468a24927967e9133eb4,0,1,1,1,0,0,0,0,0,0,0,0,22,17.08221435546875
3bca9af5e0086639b094b223a98cf59d,0,1,1,1,0,0,0,0,0,0,0,0,45,10.17303466796875
3bcdf6eab9f6ea6ab2016a3107257876,0,1,1,1,0,0,0,0,0,0,0,0,34,16.85272216796875
3bd6f624fb8528bcac323097e5b71665,0,1,1,0,0,1,0,1,0,0,1,0,30,60.09490966796875
3be638fec50fa90570a9abc8e72a5f95,0,0,1,1,0,0,0,0,0,0,0,0,28,20.08514404296875
3becf61c30221ff56881d4ac57498556,0,1,1,1,0,0,0,0,0,0,0,0,36,13.65106201171875
3bf344befd840e4250d7edac1ab73e0b,0,1,1,1,0,0,0,0,0,0,0,0,25,32.33563232421875
3bf615cf332f4c8564c7b4582c91de18,0,1,1,1,0,0,0,0,0,0,0,0,43,28.16912841796875
3bfa44a344cf8df6a4b08e507324c112,0,0,1,0,0,0,0,0,0,0,0,0,25,14.66424560546875
3bff273d20f9db751aac24e77213f6ab,0,1,1,1,0,0,0,0,0,0,0,0,17,15.92694091796875
3c0108c4be99e0d6f5a2c77bb198caa8,0,1,1,1,0,0,0,0,0,0,0,0,61,17.04998779296875
3c068265e5c3655db3dc4f9e8b4147d8,0,1,1,1,0,0,0,0,0,0,0,0,66,20.51190185546875
3c0ba5ec3dd94f404c0183f547058ecc,0,1,1,1,0,0,0,0,0,0,0,0,29,23.15057373046875
3c0c585acda38ff8acf8fa00f11ee739,0,0,0,0,0,0,1,0,0,0,0,0,33,15.99822998046875
3c0eee07201b34e13cd733917a936c56,0,0,0,0,0,0,1,0,0,0,0,0,21,19.87518310546875
3c164a5601bfb1ba4ad83f8d99be6ea7,0,1,1,1,0,0,0,0,0,0,0,0,48,23.91619873046875
3c371dba1f791227c596f1cdc240a876,0,0,0,0,0,0,0,0,1,1,0,0,52,38.88397216796875
3c38e46bfb4caabde1682e9d77a67f42,0,1,1,1,0,0,0,0,0,0,0,0,42,35.41033935546875
3c4646840e99830fc9c0aeb65ae2f247,0,1,1,1,0,0,0,0,0,0,0,0,17,23.03387451171875
3c4711d1116e79ed61540ca52ac2bd76,0,1,1,1,0,0,0,0,0,0,0,0,100,15.91278076171875
3c50a7050df30197e47865d08762f041,0,1,1,1,0,0,0,0,0,0,0,0,31,57.81219482421875
3c534d7c86d02d2eb0cd795bcfb4fc50,0,1,1,1,0,0,0,0,0,0,0,0,13,33.89862060546875
3c5df8ffb23fe807ee18c2ef04b69eab,0,0,1,1,0,0,0,0,0,0,0,1,37,32.25653076171875
3c602cbcb19db7a0998e1411082c487d,0,1,1,1,0,0,0,0,0,0,0,0,31,70.37420654296875
3c7be82e93f9d0ea73e4c8bb94c6de91,0,1,1,1,0,0,0,0,0,0,0,0,17,34.74188232421875
3c7eb47f8ac9b3234b5e62d14d8c83ef,0,1,1,1,0,0,1,1,0,0,0,0,39,16.77362060546875
3c867d849c5cd3709dcd5a1a239b24fb,0,1,1,1,0,0,0,0,0,0,0,0,21,13.27020263671875
3c86bc624a7ffabad2622a16a2dbd215,0,1,1,1,0,0,0,0,0,0,0,0,40,17.52557373046875
3c883278d0100eb1c363e569651188ec,0,0,0,0,0,0,1,0,0,0,0,0,78,21.13153076171875
3c88cb5357248a45813d24e3c63d9296,0,1,1,1,0,0,0,0,0,0,0,0,23,18.05731201171875
3c8ea10043c19495ab3e7a6d94bc3428,0,1,1,1,0,0,0,0,0,0,0,0,32,12.77703857421875
3c9b868d3a5f286f2bd60fd5f117bf1f,0,1,1,1,0,0,0,0,0,0,0,0,28,16.33367919921875
3ca009681fd35e15e036821c824f65d0,0,1,1,1,0,0,0,0,0,0,0,0,47,11.03875732421875
3ca988e8a7d7189dfe130491a6f566f2,1,1,1,1,0,0,1,0,0,0,0,0,52,11.99969482421875
3cacd515f38a9429d571ae6e5948c0d0,0,1,1,1,0,0,0,0,1,1,0,0,35,13.59002685546875
3cb50630ebd67bc49ef10480343e970e,0,1,1,1,0,1,0,0,1,1,0,0,21,11.14764404296875
3cbb05e3512feb40855f0cc1c2736b93,0,1,1,1,0,0,0,0,1,1,0,0,26,8.57537841796875
3cbc5b96f433f5819426380603dd203c,0,0,1,1,0,0,0,0,0,0,0,0,34,16.69696044921875
3cbf6ef9282c03b3131a81e152c188d0,0,1,1,0,0,0,1,0,0,0,1,0,54,7.20135498046875
3cc2540601f4afdeecc71d0f2c84678f,0,1,1,1,0,0,0,0,0,0,0,0,74,5.48260498046875
3cc9a330b2ed61ed254f5f3b94a9e25a,0,0,1,1,0,0,0,0,0,0,0,0,23,13.37225341796875
3cd12928d0cded6807b0e0f2f2f3777f,0,1,1,1,0,1,0,0,0,0,0,0,37,16.01873779296875
3cd5746b2ec010970e8b4f8d21129fd6,0,1,1,1,0,0,0,1,1,1,0,0,18,13.34490966796875
3cd5d64e8aa09e91403f3120d35e19dd,0,1,1,1,0,0,0,0,0,0,0,0,44,35.30096435546875
3cd63ae5d66ad279910cbe886de8db9b,0,1,1,1,0,0,0,0,1,1,0,0,34,9.67938232421875
3cd76866f92f4d358a5a3cbf889454ff,0,1,1,1,0,0,1,0,0,0,0,0,36,39.10662841796875
3cd94836b3871444d0e301f8fa65ccec,0,1,1,0,0,0,0,0,0,0,0,0,20,18.09344482421875
3cdf337162ef6136112057c024e38c31,0,1,1,0,0,1,1,0,0,0,0,0,46,37.26776123046875
3ce0feb5305d7826795794d6fdeadff1,0,1,1,1,0,0,0,0,0,0,0,0,30,19.10760498046875
3ce3a7c4cd7439e00e9e4481502cb303,0,1,1,1,0,0,0,0,0,0,0,0,44,25.38006591796875
3ce8f6925d77279375900a975e379db2,0,0,0,0,0,0,0,0,1,0,0,0,36,11.56512451171875
3cea7cd7bc572e869d92f0b7330f8a3f,0,1,1,1,0,0,0,0,0,0,0,0,48,11.37567138671875
3ceafcde1b9e5d27119b80f63bd25663,0,1,1,1,0,0,0,0,0,0,0,0,22,7.16473388671875
3cee94fd44c1b4308920d049a7acd129,0,1,1,1,0,0,0,0,0,0,0,0,100,5.57244873046875
3cfb5023216d1560dfc0b884378cc1a9,0,1,1,1,0,0,0,0,0,0,0,0,81,9.84100341796875
3cfec0d42580d992f5aeea31bcea5bd6,0,1,1,1,0,0,0,0,0,0,0,0,29,25.60711669921875
3cff8252f3156d422dc67ee7f41d223b,0,1,1,1,0,0,0,0,0,0,0,0,35,7.76971435546875
3d00a16dddf114200c5fc3575587a5de,1,1,1,1,0,0,0,0,0,0,0,0,3,4.24237060546875
3d109a54b0306f12c043c078a6e3e90c,0,1,1,1,0,0,0,0,0,0,0,0,37,27.93768310546875
3d114c8864a3a282d01d9134a48464c2,0,1,1,1,0,0,0,0,1,1,0,0,64,24.21307373046875
3d1930ec4b308f2c461c6e6eb5844dcb,0,1,1,1,0,0,0,0,0,0,0,0,28,26.40740966796875
3d1d309ef053d34ace7a8a78090e1a16,0,1,1,0,0,0,0,0,0,0,0,0,100,21.84783935546875
3d22f50c0872479c612f5e88b1f6ff02,0,0,1,0,0,0,0,0,1,0,0,0,18,16.14862060546875
3d36a3725167d14d9bfe0946627ec5ff,0,1,1,1,0,0,1,0,0,0,0,0,38,24.47430419921875
3d3911c34ed7f6ef7b4a54d15447178d,0,1,1,1,0,0,1,0,0,0,0,0,24,13.14910888671875
3d5ac3a8f63e2a41ab8e7c5b490d3736,0,1,1,1,0,0,0,0,0,0,0,0,71,11.45428466796875
3d61ac5e86144677af80c3b707474881,0,1,1,1,0,0,0,0,0,0,0,0,3,45.52947998046875
3d62c78f05705198a77cb5439e78d297,0,1,1,1,0,0,0,0,0,0,1,0,42,23.83074951171875
3d63a96313af3daae24201b4e5817baa,0,1,1,1,0,0,0,0,1,0,0,0,28,0.42303466796875
3d64c6aeba3c45dd8c0e31ecaa2004bb,0,1,1,1,0,0,0,0,0,0,0,0,32,24.23992919921875
3d66d41ca8254517669140548fa4afd2,0,1,1,1,0,0,0,0,0,0,0,0,69,53.03778076171875
3d69187b44aba9adbd7fd5f0d3554cd1,0,1,1,1,0,0,0,0,1,0,0,0,7,12.52264404296875
3d71784c9da15ae673832f0cb4f512c5,0,1,1,1,0,0,0,0,0,0,0,0,6,34.40643310546875
3d88a15b4e2dbd16c3876fb05be32ba3,1,1,1,1,0,0,0,0,0,0,0,0,10,11.90545654296875
3d8a95eef98a59734dc74c3f85be23f6,0,0,0,1,0,0,0,0,0,0,0,0,88,30.70916748046875
3d8d2b270ab42e709d235a9198be4c91,0,1,1,1,0,0,0,0,0,0,0,0,26,8.53826904296875
3d8f04b7c51912be6a9eca9bab123330,0,1,1,1,0,0,0,0,1,1,0,0,24,18.19940185546875
3d946559e2b4b210a06e9103b0dd72e9,0,0,1,0,0,0,0,0,0,0,0,1,5,59.37957763671875
3d95a620bf598c34e97caf02d8c7d4ec,0,0,1,1,0,0,1,0,0,0,0,0,25,24.86688232421875
3da05103a236283448a87c968c4e53c9,0,0,0,1,0,0,0,0,0,0,0,0,35,15.20281982421875
3da8b7d092d1eaf51c13f0e803f1f5e7,0,0,0,1,0,1,0,0,0,0,0,0,21,27.68133544921875
3dac372745d2acd1371fea7f929b840a,0,0,1,1,0,0,0,0,0,0,0,0,28,19.07928466796875
3daf4e4a1b21304c85268f60dd8ea950,0,1,1,0,0,0,0,0,0,0,0,0,38,6.48211669921875
3db2fa49d3cc3c154ff43bb1fb27c971,0,1,1,1,0,0,0,0,0,0,0,0,26,16.11737060546875
3db46272ee3c50561ec09407f277cb95,0,1,1,1,0,1,0,0,0,0,0,0,43,39.55096435546875
3dc56e332390fd8e6a80f77e2b4db692,0,1,1,0,0,0,1,0,0,0,0,0,45,17.16571044921875
3dd21c4de7ec7a7a01953b11bce8e976,0,1,1,1,0,0,0,0,0,0,0,0,100,20.76971435546875
3dd596d51ed476cf71fea1f5319c7d8d,0,0,1,1,0,0,0,0,0,0,0,0,100,10.41180419921875
3ddb504076d5b0e935b4f36b1e9a2fa6,0,1,1,0,0,0,1,1,0,0,0,0,25,11.67059326171875
3de675892df43353fbfe1a8b04202212,0,0,0,1,0,0,1,0,0,1,0,0,40,12.22869873046875
3def55457eb0a5f1ab0ca1fbe63ed831,0,1,1,1,0,0,0,0,0,0,0,0,27,18.69305419921875
3df0c23f714cd7e0ff6169085bad721c,0,1,1,1,0,0,0,0,0,0,0,0,58,15.80096435546875
3df3c9b12045028160dbb41eee5f263c,0,0,1,1,0,0,0,0,0,0,0,0,6,6.60662841796875
3df67b69cbdc997332e42c5b5eb09107,0,1,1,1,0,1,0,0,1,1,0,0,42,3.93231201171875
3df9084e2ae589eb78efa00bd72adffb,0,0,1,0,0,0,0,0,0,0,0,0,22,9.81024169921875
3dfe2535172883b35fc6401170bcb683,0,1,1,1,0,0,0,0,0,0,0,0,20,22.77117919921875
3e02aba2b2f66b483a8de6ea7ad129b7,0,1,1,1,0,0,0,0,0,0,0,0,25,11.85076904296875
3e02f6160d39315db17854281234956c,0,0,0,1,0,1,0,0,0,0,0,0,17,4.98406982421875
3e0df1857e3f92e97aba3f55414eb03a,0,1,1,1,0,0,0,0,0,1,0,0,24,18.84588623046875
3e10d6dade19547fbc3b925bc31188df,0,1,1,1,0,0,0,0,0,0,0,0,38,16.43133544921875
3e14822659c35950748e14e948a15240,0,0,0,0,0,0,0,0,0,0,0,0,49,18.43182373046875
3e1853b8edb0308325f47c59c72f2d97,0,1,1,1,0,0,0,0,1,0,0,0,30,12.23065185546875
3e1acaa4d7a4be432e02ecabe19ad335,0,1,1,1,0,0,0,0,0,1,1,0,45,5.82537841796875
3e1ce0b7a7aff8849d248e8ce5ca8707,0,1,1,1,0,0,0,0,0,0,0,0,20,60.71893310546875
3e1d8e6f54731017fd6d1242170aa86b,0,1,1,1,0,0,0,0,0,0,0,0,91,37.75506591796875
3e2e07e71ca29ab6c36a1f1a7dde8f0f,0,1,1,1,0,0,0,0,0,0,0,0,26,18.37713623046875
3e37bdaba998031864c1e39c7ad89830,0,1,1,1,0,0,0,0,0,0,0,0,47,26.93426513671875
3e3d186686b04bb4f0883f8b06fdc8c3,0,1,1,1,0,0,1,0,0,0,0,0,53,15.58660888671875
3e3ec6160b62f74d1149008845b929e0,0,0,0,1,0,0,0,0,0,0,0,0,96,17.50408935546875
3e49e03d5e33e634a4eb798696d51577,0,1,1,1,0,0,0,0,0,0,0,0,98,14.24578857421875
3e4bfb77783cc7a5314351e950c24abc,0,1,1,1,0,0,0,0,0,0,0,0,47,17.27459716796875
3e51880413c190c05ceaa2a5d6ce7d3c,0,1,1,1,0,0,0,0,0,0,0,0,91,28.77264404296875
3e594e235d14810203c762a81b2c1d7a,0,1,1,0,0,0,0,0,0,1,0,0,20,20.29022216796875
3e5ea863f1b1de5d551a577cd0f3f030,0,1,1,1,0,0,0,0,0,0,0,0,37,-1.03350830078125
3e643734c8284c158ac4731de8f8f959,0,1,1,1,0,0,0,0,0,0,0,0,26,14.18865966796875
3e777b8af3606d379eae2055bef6e964,0,0,0,1,0,0,0,0,0,0,0,0,8,20.42498779296875
3e7e3dd0d85827c5b94afd29da9e12f6,0,1,1,1,0,0,0,0,0,0,0,0,42,21.94647216796875
3e842ea50fca596d218288b03c7718a4,0,1,1,1,0,0,0,0,0,0,0,0,73,10.78143310546875
3e8517a4151b5c02d33482730819ea23,0,1,1,1,0,0,0,0,1,1,0,0,45,8.56317138671875
3e85d8d881ed981cc869538a89a6aabf,0,1,1,1,0,0,1,0,0,0,0,0,23,21.36053466796875
3e8bbba7db8a33e33721703cfa2394b9,0,1,1,1,0,0,0,0,0,0,0,0,39,21.43280029296875
3e8c1afb3ce9355f5f9d28ae4c09d671,0,1,1,1,0,0,0,0,1,1,0,0,38,4.82244873046875
3e9351a75c3c7b6af52b085dfa5011b2,0,1,1,0,0,0,0,1,0,0,1,0,20,5.48455810546875
3ea8ef87601fb404ec2c48e92a147a9e,0,1,1,1,0,0,0,0,0,0,0,0,37,17.87615966796875
3eb5553778b79d866afcfa47bc29eb4e,0,1,1,1,0,0,0,0,0,0,0,0,62,43.43280029296875
3ec17122b8dd8ad79fcfe48d31c42e49,0,1,1,1,0,0,0,0,1,0,0,0,22,9.98651123046875
3ec7057950ab340bbfbef56cfb4da111,0,1,1,1,0,0,0,1,0,0,0,0,29,16.70770263671875
3ed7e489197b5074125d3bcfe91840d0,0,1,1,1,0,0,0,0,0,0,0,0,59,13.15301513671875
3ed899a8334a8e5c74f4a554f3ce6f08,0,1,1,1,0,0,0,0,0,0,0,0,1,26.86199951171875
3ed9f96b6a1cf7718583853d3a14e7e7,0,1,1,0,0,0,0,1,0,0,0,0,52,15.89617919921875
3edad7cfd93802d47d39332fe7f249e3,0,1,1,1,0,0,0,0,1,1,0,0,72,27.46600341796875
3edb6304228159af667deb11d12251fc,0,0,1,1,0,0,0,0,0,0,0,1,21,7.49871826171875
3edf4c57b6e2eb47187d3bc966093de2,0,1,1,1,0,0,0,0,0,0,0,0,100,22.92645263671875
3ef3e3d28552fe647e8c1b6562a143e1,0,1,1,1,0,0,0,0,0,0,0,0,17,17.44061279296875
3ef402b5fad5d725deded5149d767cea,0,1,1,1,0,0,0,0,0,0,0,0,30,20.33270263671875
3f0222f5310e4184a60a7030da8dc84b,0,1,1,1,0,0,0,0,1,0,0,0,26,33.38446044921875
3f052d9e6f2e91ee27b54ef31ab9645b,0,1,1,0,0,1,0,0,0,0,0,0,45,26.30584716796875
3f08ebaa9fac75e5a573183ff2d7e143,0,1,1,1,0,0,0,0,1,1,0,0,30,29.79901123046875
3f1ac280b5f3deb8062fe972e5e1e23b,0,1,1,1,0,0,0,0,0,0,0,0,100,37.83905029296875
3f27cba7ecf5c9b411cbe77cdb9895b9,0,1,1,0,0,0,0,0,0,0,0,0,32,19.88397216796875
3f2acb31d8fa2ff3ab8784f4e650dcc7,0,1,1,1,0,0,0,0,0,0,0,0,9,18.94305419921875
3f33cf4670d17dfff2c56b9fefbc32c9,0,1,1,1,0,0,0,0,0,0,0,0,29,30.46746826171875
3f4020614e47047260b22d4bdc6980fe,0,1,1,0,0,0,1,1,0,0,0,0,39,29.40252685546875
3f411db0b953fb6c94c605cb93569d14,0,1,1,1,0,0,0,0,0,0,0,0,52,52.49188232421875
3f4428a66748b0abfd45cd7522270d92,0,1,1,1,0,1,0,0,1,1,0,0,55,16.14666748046875
3f599569cf090e93cc8c15ef9f4b16a6,0,1,1,1,0,0,0,0,0,0,0,0,93,5.86248779296875
3f6dacf12bb2700fd2429e721c271093,0,1,1,1,0,0,1,0,0,0,0,0,22,23.65106201171875
3f70d16351d6242851b2ff71365eda9a,0,1,1,1,0,0,0,0,0,0,0,0,87,11.52264404296875
3f719824b226dc511c82282fd1980bb7,0,1,1,1,0,1,0,0,1,1,1,0,40,56.87371826171875
3f81a62dc5f2dc7e2aefc0fdecea471e,0,1,1,1,0,0,0,0,1,1,0,0,31,27.18475341796875
3f853a4b44bcf1f74ab3e33402374ebb,0,1,1,1,0,0,1,0,0,0,0,0,65,1.41131591796875
3f8871bc0133f43eab27d7e2aabd90df,0,1,1,1,0,0,0,0,0,0,0,0,45,16.19451904296875
3f88a906cd7a1e544dd61c28fcb86f59,0,1,1,1,0,0,0,0,0,0,0,0,66,12.84100341796875
3f8ac946da7884ad54b122076cdc32a2,0,1,1,1,0,0,0,0,0,0,0,0,22,41.74774169921875
3f9cd80b145d8ed45154ed7d7d7d086a,0,1,1,1,0,1,0,0,0,0,0,0,88,26.28338623046875
3fa409545d9c624436e83a8814ffacc6,0,0,0,1,0,0,0,0,0,0,0,1,100,48.32489013671875
3facf5b2c9e7ab274fefc6768466887b,0,1,1,1,0,0,0,1,0,0,0,0,19,32.88446044921875
3fb58e88b3bfd9c0693cd073e9a56125,0,1,1,1,0,0,0,0,1,1,0,0,28,12.18377685546875
3fbcb2681e38153a6c7abfbd0510da06,0,0,0,0,0,0,0,0,0,0,0,0,27,18.94744873046875
3fbe3f235dda1f86a55ad6f87b0d3cbd,0,1,1,1,0,0,0,0,0,0,1,0,24,22.83514404296875
3fc1e6fdce698f7c6078d459ccdef4c5,0,0,1,0,0,0,1,1,1,1,1,0,42,12.93572998046875
3fc6c3112788b1d6e5aec7b4ea3b454d,0,0,1,1,0,0,0,0,0,0,0,0,25,28.13299560546875
3fca33a8be765530e8f7f10fcd8d59e8,0,1,1,1,0,0,0,0,0,0,0,0,42,15.12957763671875
3fd88146d117f1b332b3676c58cfebed,0,1,1,1,0,0,0,0,0,0,0,0,47,24.03240966796875
3fda5a499b656bcc8644debaddfc09a0,0,1,1,1,0,0,0,0,1,1,0,0,39,18.36737060546875
3fe3e18c9bf4aba0d7766e386a99389e,0,1,1,1,0,0,0,0,1,0,0,0,74,13.67987060546875
3ff116d3d6a5a14a6f82d0377f6e0452,0,1,1,0,0,0,0,0,0,0,0,0,32,24.12908935546875
3ffeca01bdcd9e23e9da5ec49ba7861c,0,1,1,1,0,0,0,0,0,0,0,0,20,27.80975341796875
3fff900974ba34517f64c6b507d2e7c7,0,1,1,1,0,0,0,0,0,0,0,0,22,-1.06134033203125
4002851e340f0cb017156fe70cd135d2,0,1,1,1,0,0,0,0,0,0,0,0,39,44.17889404296875
40040b655929ecffcf957c96fb075e20,0,0,1,1,0,0,0,0,0,0,0,1,24,18.41571044921875
40060d7c3dd8afd8e6ab56f602600d39,1,1,1,1,0,1,0,0,0,0,0,0,20,14.07196044921875
4022beec34a4964ac6b39347b0fdeb38,0,1,1,1,0,0,1,0,0,1,0,0,24,8.69256591796875
402f85f00d302199863265083b3113cd,0,0,0,1,0,0,0,0,0,0,0,1,19,31.94012451171875
40305152a8d2827d92de2e90e7c5dfda,0,1,1,1,0,0,0,0,0,0,0,0,51,14.67059326171875
4030742e727d07dce8ea7108fd711cf6,0,1,1,0,0,0,1,0,0,1,0,0,32,23.71942138671875
40316adbeff7d7d2ee809127243bb731,0,1,1,1,0,0,0,0,0,0,0,0,22,18.81121826171875
40364cb50156a1ec5a39723f2c4cac71,0,1,1,1,0,0,1,0,0,0,1,0,37,10.20477294921875
403ce9683f29501d5de771df79a0ef6a,0,1,1,1,0,1,0,0,0,0,0,0,33,1.15447998046875
404e0c795879d658dd6fe3b46eb0afbe,0,1,1,1,0,0,1,0,1,1,0,0,47,15.80194091796875
4064568baf610851e69b211c5f1483c4,0,1,1,1,0,0,0,0,0,0,0,0,21,13.63543701171875
406683eaf6484326aa307ad2b3fe56d1,0,1,1,1,0,0,0,0,0,0,1,0,36,32.71209716796875
406bc5e91ace6f8be62b20ca760c1536,0,1,1,1,0,0,0,0,0,0,0,0,34,11.30389404296875
406fc47ca11630d5d47df0d367238437,0,1,1,1,0,0,0,0,0,1,0,0,27,23.39569091796875
4076695aab0270e2de160ee92ec196db,0,0,1,1,0,0,0,0,1,1,0,1,34,33.20477294921875
407dbd0dc9b25cf8de3cf89fe29ec47b,0,1,1,1,0,0,0,0,0,0,0,0,32,29.47039794921875
40808da15bd8bca0268d996af6c577b6,0,1,1,1,0,1,0,1,0,1,1,0,45,45.03289794921875
40924713b764ac5dd4bc2ab1ebc54b34,0,0,1,1,1,0,0,0,0,0,0,0,25,92.32196044921875
4097f1c6a6081f38999c960de2e9567d,1,1,1,1,0,0,0,0,0,0,0,0,67,11.17938232421875
40998a467e4c4fd9c09f672389f27c7e,0,1,1,0,0,0,0,1,1,1,1,0,32,30.47039794921875
409d63672118dff37517e6bf92067934,0,0,1,1,0,0,0,0,0,0,0,1,38,46.69158935546875
40a1934907f52a62d3e8a0296f6ce5c8,0,1,1,0,0,0,0,0,0,0,0,0,25,13.60565185546875
40a46855bdfa0bcff684d08b9002c61a,0,1,1,1,0,0,0,0,0,0,0,0,31,10.62713623046875
40af94d54986de6435a3ee1d27ce33ac,0,0,0,1,0,0,0,0,1,1,0,0,24,30.85467529296875
40b5624f0d3e33391ec420781065c9f7,0,1,1,0,0,0,0,0,0,0,0,0,27,24.52020263671875
40b632aa87f7882caf13a74607c0dee2,0,1,1,1,0,0,0,0,0,0,0,0,26,15.74237060546875
40b821e62cd5a179a3d609106772c962,0,0,0,1,0,0,0,0,1,0,0,0,18,10.88885498046875
40c2962cf66bd365d06e4964387b1db2,0,1,1,1,0,0,0,0,0,0,0,0,39,4.18426513671875
40c9d15d1ca581961d832f8b2439c563,0,0,1,1,0,0,0,0,0,0,0,1,22,38.06365966796875
40fa5a823353eee3eeb023a4f65b2b88,0,1,1,1,0,0,1,0,0,0,0,0,22,12.09393310546875
4111d72207648fe80aab0b5ec58a62e2,0,1,1,1,0,0,0,0,0,0,0,0,27,17.31365966796875
41173f1cd5ed41aa11cb344b3b27a436,0,0,1,1,0,0,0,0,0,0,0,0,41,16.35076904296875
411fe1b44bc1986b31ec4941a5778b70,0,1,1,1,0,0,0,0,0,0,0,0,11,10.19940185546875
412031990bb3981d12678b345420d49a,0,1,1,1,0,0,0,0,1,0,0,0,34,4.88739013671875
412deb88a846140c838ac9c4842a7222,0,1,1,0,0,0,0,0,1,0,0,0,25,24.57293701171875
4130c0acf816e5b857a7217805da7f13,0,0,1,0,0,0,1,0,0,0,0,0,3,35.11444091796875
413aa2aeeddd4dc4f5ad4eabc2a9464c,0,1,1,0,1,1,0,0,1,0,0,0,34,25.81219482421875
41413a6a83c75f0214ba78f6536888a0,0,1,1,1,0,0,0,0,1,1,0,0,26,31.42498779296875
4149ca59011fdad8a1d87c07f504d615,0,0,1,1,0,0,0,0,0,0,0,1,32,8.53778076171875
414a58c5e7f07f829eaa37a679248a31,0,1,1,1,0,0,0,0,0,0,1,0,12,11.88739013671875
415524e49b9570f561ffa25c61c1325c,0,1,1,1,0,0,0,0,0,0,0,0,62,25.42010498046875
415a690131ef53bc8d89b9a5d4c623a0,1,1,1,1,0,0,0,0,0,0,0,0,25,0.43524169921875
415ad8e67302d8d2063b3be1cbf2ba21,1,1,1,1,0,0,0,0,0,0,0,0,46,5.54364013671875
4163996de728992d9c225cf842ba72e6,0,1,1,1,0,0,0,0,0,0,0,0,32,-0.15020751953125
4163a685164aaecacdaa94fffe9ac8a0,0,1,1,1,0,0,0,0,0,0,0,0,29,24.02459716796875
41684d34abf5fa83f4b0cb7567544b12,0,1,1,1,0,0,0,0,1,1,0,0,34,12.65252685546875
41691ed17240eb2758790397a0ac4353,0,1,1,1,0,0,0,0,0,0,0,0,39,26.54315185546875
4170e0bac73a34b47b09b5bf0f990eed,0,1,1,1,0,0,0,0,1,1,0,0,30,8.45330810546875
4172f355808394a843b816032a64552b,0,1,1,1,0,0,0,0,0,0,0,0,34,30.11932373046875
4177b668897405cfc1f387594c06cd06,0,1,1,1,0,0,0,0,1,1,0,0,30,8.82244873046875
417e2f63fe671cbfbebaa3589d4415c9,0,1,1,1,0,0,0,0,0,0,0,0,21,6.13592529296875
4183e5cae5838d1ef19bc128fd23d6f3,0,1,1,1,0,0,0,0,1,1,0,0,41,4.17352294921875
41a440e6e238bdbe4ed522f95d9e8f37,0,1,1,1,0,0,0,0,1,1,0,0,47,10.30242919921875
41a66dbff7a54b0620b8f3af5d6fb997,0,1,1,1,0,0,0,0,1,0,0,0,100,50.41668701171875
41add60598209e765bf0fb309a175057,0,1,1,1,0,0,0,0,0,0,0,0,39,4.70819091796875
41b47ffdcdeef888a33407eddee785e8,0,0,1,1,0,0,0,0,0,0,0,0,37,33.04315185546875
41c85c2c974cc15ca77f5ababb652f84,0,1,1,1,0,0,0,1,0,1,1,0,48,12.23260498046875
41c862e5c21c122940ab3ba890a53083,0,1,1,1,0,0,0,0,0,0,0,0,88,13.26287841796875
41cc5b17bd43433963da43d1fcc81b18,0,1,1,1,0,0,0,0,0,0,0,0,25,29.52606201171875
41d725baddf2dac158029cdca8fb9602,0,0,0,1,0,0,0,0,0,0,0,0,26,18.94207763671875
41d72b4bb6c7c9cce73a02b030754fd5,0,1,1,1,0,0,0,0,0,0,0,0,25,15.40643310546875
41e2f3d0831204725c0e9ac7ce4adde6,0,1,1,1,0,0,0,0,0,0,0,0,53,13.77264404296875
41e660a719023b85ddb44e648404ff07,0,1,1,1,0,0,0,0,0,0,0,0,37,27.82391357421875
41ec304c197592a6ed456844b306185b,1,1,1,1,0,0,0,0,0,0,0,0,42,9.88446044921875
41f2c7ce82dd783c69fea060fc9ff51b,0,1,1,1,0,0,0,0,1,0,0,0,36,11.21795654296875
41fcd09830eb4e53bdaf6989e61225bf,0,0,0,1,1,0,0,0,0,0,0,1,12,5.92889404296875
4204c371c0543ac28f7e9c01eb4bdfa6,0,1,1,1,0,0,0,1,0,0,0,0,29,3.32147216796875
4204c677b9af7c01d5529ba2c19e7b51,0,0,0,0,0,0,0,0,1,1,0,0,63,25.62469482421875
4204f4403419250c0bc377c36fefbaef,0,1,1,1,0,0,0,0,0,0,0,0,30,12.28045654296875
4206c6ee2ad14196973400e093163cc7,0,1,1,1,0,0,0,0,0,0,0,0,26,-0.96221923828125
4207148d09e5faf34e8960526379e155,0,0,1,1,0,1,0,0,0,0,1,0,43,6.71600341796875
4209facaa161893d43eab1dbec8de478,0,1,1,1,0,0,0,0,0,0,0,0,12,16.01971435546875
420dd08c4151dc5eb4465633416d56bd,0,0,0,1,0,0,0,0,0,0,0,0,22,9.78631591796875
42103466b91e65a47d1510ddf2437d5c,0,0,1,1,0,0,0,0,1,1,0,1,37,16.77557373046875
42115ae138a89d3f33f56668cfd5f048,0,1,1,1,0,0,0,0,0,0,0,0,40,10.96795654296875
421426dde7574d1ea3b0dfa4722902c4,0,1,1,1,0,0,1,0,0,0,0,0,3,14.38055419921875
421437f521e7404ac6d2b59632a793f8,0,1,1,1,0,0,0,0,1,1,1,0,14,42.51531982421875
4222518b22d5af15a35aa607dc429063,0,1,1,1,0,0,0,0,1,1,0,0,69,13.42108154296875
422a9ee2709fa8a4c1329a84d784b4f0,0,0,0,1,0,0,0,0,0,0,0,0,34,35.28826904296875
422c0be3102c0c1e92de01845c0f313c,0,1,1,1,0,0,0,0,0,0,0,0,71,4.33319091796875
4238d5e698f7ef2c17837427874ae821,0,0,0,1,0,0,0,0,0,0,0,0,29,16.41864013671875
423c0ba438c4b6076f382f23f27481e2,0,1,1,1,0,1,0,0,0,0,0,0,19,29.03192138671875
423f165598047b14e7fa3c889336eafe,0,1,1,1,0,0,0,0,0,0,0,0,3,10.26287841796875
424619b38085a9de7c265a269f614099,0,1,1,1,0,0,0,1,0,0,1,0,31,10.99285888671875
424b4303887c3a1c95b57da40705fd87,0,1,1,1,0,0,0,0,1,1,0,0,29,15.37713623046875
426f696df08cb029a6796250076c1f12,0,1,1,1,0,0,0,0,1,1,0,0,85,11.87420654296875
427a527b062ab9de12bb14a66504f1b7,0,1,1,1,0,0,0,0,0,0,0,0,33,49.50604248046875
4299eeaca6b81bed4098589c5191077d,0,1,1,1,0,0,1,0,0,0,0,0,23,2.84344482421875
429e4f0e839e89bffacde075a464eafb,0,1,1,1,0,0,0,0,0,0,0,0,43,14.09393310546875
42a60ba05a136a47b41cb98de29ed73b,0,0,1,0,0,0,0,0,0,0,0,0,30,28.11590576171875
42a900a5e064374ad4fcd50e902e388a,0,0,0,1,0,0,0,0,0,0,0,0,100,0.77606201171875
42ac7bc64d24cc31fe5dc52a5d423ec6,0,1,1,1,0,0,0,0,1,0,0,0,32,6.27752685546875
42b3840fa61567618a132c5c44c8d133,0,1,1,1,0,0,0,0,0,0,0,0,13,7.44940185546875
42b3d11c21191f6e00d85e66f9a1138b,0,1,1,1,0,0,0,0,0,0,0,0,23,24.89031982421875
42b9bd56a8e1f9e8570f50b8459a1c5f,0,1,1,0,0,0,1,0,0,0,0,0,31,12.34588623046875
42c390c70c98ddca5e45670c6daec09c,0,1,1,1,0,0,0,0,1,0,0,0,35,12.18670654296875
42cd48ac475fef8d13c8ae852449c2a7,0,1,1,1,0,0,0,0,0,0,0,0,32,9.83709716796875
42ceabaa5c08e553cd4db62127f82b74,0,0,1,0,0,0,0,0,0,1,0,1,47,35.99334716796875
42cf4da2d91e62613efa4609fd624d14,0,0,1,1,0,0,0,0,0,0,0,1,28,39.32244873046875
42d20ca6f445ad7fd2c8e26727f203c0,0,0,0,1,0,0,0,0,0,0,0,0,17,9.43475341796875
42d552807e7dbe0105b35f979c0906eb,0,1,1,1,0,0,0,0,0,0,0,0,41,26.46697998046875
42ed5ea51b8e049aef9da3ed18d3ee64,0,1,1,1,0,0,0,0,0,0,0,0,25,5.71697998046875
42f6a0093b6ea87e3219e2b107065ab5,0,1,1,1,0,0,0,0,1,1,0,0,46,10.68035888671875
42f9167eebfd24438dc65badbba316e6,0,0,0,1,0,0,0,0,0,0,0,0,19,20.65985107421875
42fe129a21eab5ea8f3440930be853f3,0,1,1,0,0,0,0,0,1,1,0,0,43,19.78826904296875
43022dec7f440c077f1c5f83fc58a8bb,0,1,1,1,0,0,0,0,0,0,0,0,40,18.38983154296875
43040f5fdeaf358988818c7cc68da16e,0,1,1,1,0,0,1,0,0,0,0,0,37,21.31561279296875
4307170469f594994d10d0710e3ec638,0,1,1,1,0,0,0,0,0,0,0,0,4,20.90155029296875
430f7e122c716e63042ded863e5665ae,0,1,1,1,0,0,0,0,0,0,0,0,34,40.73846435546875
431e582015076a2a54c43a7485ff0e12,0,1,1,1,0,0,0,0,1,0,0,0,34,13.88934326171875
43200384090a704461cca59a89a55a54,0,1,1,0,0,0,1,0,0,0,1,0,45,14.12127685546875
4321c54ffa2603eafe3a9e5a554dde3e,0,1,1,1,0,0,0,0,1,0,0,0,84,13.91326904296875
43224c38793ab74fc00942311518b8e4,0,1,1,1,0,0,0,0,0,0,0,0,31,9.56072998046875
4322c16f2ee7d0e91eb8dba882f97a2b,0,0,1,1,0,0,0,0,0,0,0,1,27,12.09686279296875
4324539f4e739b10afbec6fdbb996a04,0,1,1,1,0,0,0,0,0,0,0,0,31,12.95770263671875
4328894a06c46dcb29c5299774d2e1a4,0,1,1,1,0,0,0,0,1,0,0,0,51,17.21746826171875
43426c09b9bec6a93fe3bf1ed20f2d33,0,1,1,1,0,0,0,0,0,0,0,0,23,12.32244873046875
4346f81c12fd55545235e06b604763e0,0,1,1,1,0,0,0,0,0,0,0,0,47,-5.41729736328125
4351b07577b9a4435ba4a1da5074baa1,0,1,1,1,0,0,0,0,1,1,1,0,45,11.56170654296875
4353519ebac879d599752546ec4df7a5,0,1,1,1,0,0,0,1,0,1,1,0,56,4.52459716796875
43535d2a78dd9d2e0f91a4c23b07fe2a,0,0,1,1,0,0,0,0,0,0,1,1,15,12.62811279296875
435377800c176e3b0b66b2f5872f63f2,0,1,1,1,0,0,0,0,0,0,0,0,14,29.64422607421875
435c708f2aa83985d7e94c2a83d0784a,0,1,1,1,0,0,0,0,0,0,0,0,23,8.58319091796875
435d8e74ddf8344733ff4b727cea411d,0,1,1,1,0,1,0,0,1,1,0,0,57,11.41864013671875
43615b7b0c85fa2e34141878b7d49e57,0,0,1,1,0,0,0,0,0,0,0,1,46,25.55291748046875
436203db73ae19e188c0bc4ad5e0f9d0,0,0,1,1,0,0,0,0,0,0,0,1,22,42.24237060546875
4368af2116322b3bf34b2dbea40526ac,0,1,1,1,0,0,0,0,0,0,0,0,39,18.12127685546875
436afe662e12baf17b5e78fea2b112a3,0,1,1,1,0,0,1,0,0,0,0,0,38,7.87811279296875
4373db395b6276448b073d661d62e5e8,0,0,1,1,0,0,0,0,0,0,0,1,63,10.79754638671875
437c706ab426428d652122d2e29bdfa5,0,1,1,1,0,0,0,0,1,0,0,0,16,5.15447998046875
43886f39b1e71223bc713e2e7deabe46,0,0,1,1,0,0,0,0,0,0,0,0,49,17.27215576171875
4388dabf50790924baa7fec88b192b02,0,1,1,1,0,0,0,0,0,0,0,0,49,32.77899169921875
43942010ba7eee9f62215ee95a5af806,0,1,1,1,0,0,0,0,0,0,0,0,31,18.18280029296875
4398bb72984b4c095ddccad2cde77763,0,1,1,1,0,1,0,0,0,0,0,0,58,24.53387451171875
439bea0b3245034ac42b266e017b883b,0,0,1,1,0,0,0,0,0,0,0,0,2,32.01239013671875
43ab682adde9c14adb7c05435e5f2e0e,0,1,1,1,0,0,0,0,0,0,0,0,35,3.72674560546875
43abc42cb57881c73f807e1309b1b7e6,0,1,1,1,0,0,0,0,0,0,0,0,38,10.65399169921875
43bb24e63836bf2c4e7a4d4857697627,0,1,1,1,0,0,0,0,0,0,0,0,44,18.53143310546875
43bd09ca68b3bcdc2b0c549fd309d1ba,0,1,1,1,0,0,0,0,0,0,0,0,49,12.61785888671875
43be27188c709cba159ab46d10a4d4ec,0,1,1,1,0,0,0,0,1,1,0,0,26,5.61492919921875
43c124f034f202f93e5f22574c406639,0,1,1,1,0,0,0,0,0,0,0,0,37,17.78582763671875
43c62b33cab087c07a0104b3fa524342,0,0,0,1,0,0,0,0,0,0,0,0,88,0.95477294921875
43c7e340d9a1f8c05f12b6c0b602f990,0,1,1,1,0,0,0,0,0,0,0,0,74,28.86346435546875
43d213d1213b20e6badfcba487dded87,0,1,1,1,0,0,0,0,0,0,0,0,34,31.85028076171875
43d3358940db73af4e764c0d570ad5f8,0,1,1,1,0,0,1,0,0,0,0,0,27,30.04901123046875
43d494b3cb0c63b2b217f3bac0a69774,0,1,1,1,0,0,0,0,0,0,0,0,40,15.32635498046875
43dd26a5de4bf886ec1043a4490d4f0d,0,1,1,1,0,0,0,0,0,0,0,0,48,25.07244873046875
43de6e8160f6be22f767e9a9e043bbc3,0,1,1,1,0,0,0,0,0,0,0,0,31,12.60125732421875
43e6c8e36b47f8e9430c8424e041f913,0,1,1,1,0,0,0,0,0,0,1,0,9,25.34735107421875
43f1c73f63f601fdc4dfacf4a0562e86,0,1,1,1,0,0,0,0,0,0,0,0,23,70.96746826171875
43f404eaf790d0d196a39acbbb1fb0a1,0,1,1,1,0,0,0,0,0,0,0,0,33,18.03485107421875
4404b444d08530e4e588fc11c774b0da,0,0,1,1,0,0,0,0,0,0,0,1,48,16.79608154296875
4409acc50f48aeabcceb12a052cb8e75,0,1,1,1,0,1,0,0,0,0,0,0,25,12.05584716796875
440abc51d4b186f8f9bf1b64d8cd5072,0,0,1,0,0,0,1,0,0,0,0,0,54,12.83416748046875
440c2afd05da9b2f2106286ff67154c4,0,0,1,1,0,0,0,0,0,0,0,0,33,14.40447998046875
4419800eb15b63819c85d8aaf03986a3,0,1,1,1,0,0,0,0,0,0,0,0,23,12.07928466796875
441a857042cb86eff990a8db8f40ff83,0,1,1,1,0,0,0,0,0,0,0,0,25,11.27947998046875
442431663c8b18c44c13887d5205d467,0,1,1,1,0,0,0,0,0,0,0,0,57,7.28533935546875
4424a7b7df19e5cb287e57f80cb084a5,0,1,1,1,0,0,0,0,0,0,0,0,57,27.87713623046875
44293284a7b4ac2a2e4ebfa57db4c48c,0,1,1,0,0,0,0,0,0,0,0,0,84,27.35223388671875
442a4a9fb7f832d24cbd55eae02b27d8,0,0,1,0,0,0,0,0,0,0,0,0,30,53.02020263671875
4435d6f98ad72782ca0cf61f946b016d,1,1,1,1,0,0,0,0,0,0,0,0,100,3.37371826171875
44374bf567fbdafaae450e7c5efdda89,0,0,1,1,0,0,0,0,0,0,0,0,24,15.19744873046875
444d8ae1d202258f1f1bde741518a267,0,1,1,1,0,0,0,0,1,1,0,0,47,4.49822998046875
444db4c841c179d8423f48122faf3c6f,0,0,0,1,0,0,0,0,0,0,0,0,40,37.89715576171875
4459d97d24c8b5101c05a801c3fb5210,0,1,1,1,0,0,0,0,0,0,0,0,18,5.49822998046875
4459f1de3f08ec64b672f10d64a1dea4,0,1,1,0,0,0,1,0,0,1,0,0,45,41.08270263671875
44630ddcacf20f502e7053e1a7a83eae,0,1,1,1,0,0,0,0,0,0,0,0,14,28.73846435546875
4475641bdb76c01a68087bf660baa130,0,1,1,1,0,0,0,0,0,0,0,0,24,46.07586669921875
447dedca213e7a638df001fcf5e86599,0,1,1,1,0,0,0,0,0,0,0,0,20,12.16326904296875
44813848352d5b86ac6d854c278c5200,0,1,1,1,0,0,0,0,0,0,0,0,25,17.12469482421875
4488a0b06853014146d3f4103328c6f3,0,0,1,1,0,0,0,0,1,1,0,0,25,31.31610107421875
4488cdaa0c8f1967f4f6ca94e26aa13f,0,1,1,1,0,0,0,0,0,0,0,0,20,14.27752685546875
448a15d8e04ae8f98540f45b6472d707,0,1,1,1,0,0,0,0,0,0,0,0,67,5.14959716796875
449051c74811cb017a3aa0b60ea855ac,0,1,1,1,0,0,0,0,0,0,0,0,20,8.11444091796875
449da0571982e326000ba6a3d5202ad5,0,1,1,1,0,0,0,0,0,1,0,0,30,19.72479248046875
449e69e68743c62dc26b791dd8aa4c7e,0,1,1,1,0,0,0,0,0,0,0,0,23,23.04901123046875
44a5cf1592e39a6d1632c5a79cea7c42,0,1,1,1,0,1,0,0,0,0,0,0,64,18.84979248046875
44b3718b70605f3ba62e45514823fe49,0,0,0,1,0,0,0,0,0,0,0,0,29,14.04705810546875
44ba67fd337b34f28931464ae58ca537,0,0,1,1,0,0,0,0,0,0,0,0,33,10.57440185546875
44bb44b4c856d9788a516771f6d07d3d,0,1,1,1,0,0,0,0,0,0,0,0,40,41.69940185546875
44c37adcd806417a21140b82b6018d7a,0,1,1,0,0,0,0,0,0,0,1,0,23,27.13787841796875
44ca89a1a808e4d0c3e3daf8a5355400,0,1,1,1,0,0,0,0,0,0,0,0,35,38.04998779296875
44cb4f8132db09a52d86c0518c22379d,0,1,1,1,0,0,0,0,0,0,0,0,45,19.22918701171875
44cb5d16b09707e1a78a58ce6d238c27,0,1,1,1,0,1,0,0,0,0,0,0,69,19.12225341796875
44dde602c9d4c0a28d39cbfab192cf60,0,0,0,1,0,0,1,0,1,1,0,0,56,1.13885498046875
44edc787fcdb3d7f6e137b758cd587df,0,0,1,1,0,0,0,0,1,0,0,1,25,12.34588623046875
44fb5bcc6f0fb9640785a79fc2f58d8a,0,1,1,1,0,0,0,0,1,1,0,0,40,22.84246826171875
44fee8158852578264a9ac7b146a9135,0,1,1,1,0,1,0,0,1,1,0,0,84,11.58612060546875
44ff87fbe19630459c9a334192c1c498,0,1,1,1,0,0,0,0,1,0,0,0,28,8.84246826171875
4502869ec5d71d926d39aff17850df55,0,1,1,1,0,0,0,0,0,0,0,0,75,27.61541748046875
45088480ee4fc7852aef22be5d30dbfd,0,0,1,1,0,1,0,0,0,1,1,0,96,27.48065185546875
450956cf198391dea1debec11bb554d0,0,1,1,1,0,0,1,0,0,0,0,0,35,7.45135498046875
450a4c8a278221ec768ca72a83fc9a75,0,0,1,1,0,0,0,0,0,0,0,0,31,22.08612060546875
450b08577ed213c729c7f572c1d3c082,0,0,0,0,0,0,1,0,0,1,0,0,38,19.34881591796875
4510d94d9b7692472403ac6001ca94f5,0,1,1,1,0,0,0,0,0,0,0,0,58,9.69647216796875
45119366041ab0f69856458c7603c9f6,0,1,1,1,0,0,0,0,0,0,0,0,32,16.38885498046875
4515d6209e0b59e8a41b72e75d3ca29b,0,1,1,1,0,0,0,0,0,0,0,0,100,12.45184326171875
451f560ab02325912b1eba52df3ec5ae,0,1,1,1,0,0,0,0,0,0,0,0,26,21.95233154296875
45243fb86f593bea755163b8d11f1076,1,1,1,1,0,0,0,0,0,0,0,0,36,13.30194091796875
4524f3bc8799e78637dc9d52540575d1,0,1,1,1,0,0,0,0,1,1,0,0,29,1.96649169921875
45419a4a7f3d9ccdfdf9f2a5bf5813a7,0,1,1,1,0,0,0,0,0,0,0,0,75,0.84295654296875
4543ac1fc81ab4fea0b657678124356d,0,1,1,1,0,0,0,0,1,0,0,0,35,7.85906982421875
454d2896f67b0001b16ba15f0e5c8518,1,1,1,1,0,0,0,0,0,0,0,0,42,20.35321044921875
45684f1d3bcd832f5977bfb0ce67902a,0,1,1,1,0,0,0,0,0,0,0,0,19,19.47088623046875
4568618fd6d70e317576dd3f970f1224,0,1,1,1,0,0,0,0,0,0,0,0,34,0.93572998046875
456ad7e63018cb0c14edf6c06c3d9754,0,1,1,0,0,0,0,0,0,0,1,0,27,35.04315185546875
456b06f8b2f823aa1aa5a1183b9a74dd,0,0,0,1,0,0,0,0,0,0,0,0,55,16.99676513671875
456b24825efc6003a0e9c7b3233da96b,0,0,0,0,0,0,0,0,0,0,0,0,32,11.29510498046875
456f3faabb2abad0ed5b443b7b0db10b,0,0,0,1,0,0,0,0,1,1,0,0,59,-0.89825439453125
4571db3ffd5bfa89cac858d9541128b8,0,1,1,1,0,0,0,0,1,1,0,0,40,-1.80938720703125
45782def1d7fc44aa3d85f45dfd09893,0,1,1,1,0,1,0,1,0,0,1,0,35,33.58905029296875
457b282261fc1dd16e8bc04b17c9341b,0,1,1,1,0,0,0,0,0,0,0,0,21,21.40643310546875
4584a6f50a941b04c3f033775ab07d27,0,1,1,1,0,0,0,0,0,0,0,0,28,6.35614013671875
458b8c482af38ca70073340de08a8e55,0,1,1,1,0,0,0,0,0,0,0,0,40,22.81854248046875
4591050df2531d7eabda9e50cec4e1c4,0,1,1,0,0,0,0,1,0,0,0,0,32,-1.98126220703125
45a9a1528903b489c3b084305aba214d,0,1,1,1,0,0,0,0,0,0,0,0,56,19.48162841796875
45adbf9a401f911719252cd3afa0deb0,0,1,1,1,0,0,0,0,0,0,0,0,37,14.10809326171875
45b98481969b900685764d9f0604c4cd,0,0,1,1,0,0,0,0,1,0,0,1,38,17.14422607421875
45ba9baf1be6c9beefde14edf3cbd5d8,0,0,1,0,0,0,1,0,0,0,0,0,39,3.71746826171875
45c130e1144aacc11e3172ab14c56696,0,1,1,1,0,0,0,0,0,0,0,0,37,23.86053466796875
45cb35a8160a02757a77465a00a99ff1,0,0,0,0,0,0,1,0,0,0,0,0,35,13.52166748046875
45d81a9c2bb805c0982726ec2fe37886,0,1,1,0,0,0,1,1,1,1,1,0,37,12.89129638671875
45d9e7301b9880bd2633418bcca03e20,0,1,1,1,0,0,0,0,0,0,0,0,46,29.95037841796875
45dfdf56537d566a6ae0284af045eeb1,0,1,1,1,0,0,0,0,1,0,0,0,36,13.94354248046875
45e095296bc013c53670f420595db90d,0,0,0,1,0,0,0,0,0,0,0,0,100,22.84490966796875
45ed5c44be4cca0ddfbfa473dc7ef3bb,0,1,1,1,0,0,0,0,0,0,0,0,36,24.02313232421875
45f2d40c859fbdf596d86df8ea61a4e6,0,1,1,1,0,0,1,0,0,0,0,0,40,38.74969482421875
45ff2b0d6c24a93b535aa36036d05269,0,1,1,1,0,0,0,0,1,1,0,0,62,11.97430419921875
46011d6c3ae160d17314c6baa1f017c0,0,1,1,1,0,0,0,0,0,0,0,0,100,14.40838623046875
46185d2c26304cbbb6439076d7c4340c,0,1,1,1,0,0,0,0,0,0,0,0,27,13.40692138671875
4623423fda43f4d6534e609d9be9abb7,0,0,0,1,0,0,1,0,0,0,0,0,41,12.50311279296875
4625f698d148d440388c36ac9ebaa543,0,1,1,1,0,0,0,0,0,0,0,0,31,-3.40606689453125
4628c74c1b144424e98efd284f3f8e36,0,1,1,1,0,0,0,0,0,0,0,0,49,11.86102294921875
462ed91ea39821fccc75a9aa1223ebc0,0,1,1,0,0,0,0,0,0,0,0,0,2,11.78143310546875
462f96af3a12d8a2fa723980fcfc1d28,0,1,1,1,0,0,0,0,0,0,0,0,8,40.69500732421875
463e2b8a0e55605efa93093a4b5f036f,0,1,1,1,0,1,0,0,0,0,0,0,85,14.16668701171875
46402e42cac918c550ff64b7bf76eb34,0,1,1,1,0,0,0,0,0,0,0,0,25,42.31463623046875
4646975eddefc2d1d6c152377f7291ad,0,0,1,1,0,0,0,0,0,0,0,1,40,7.13885498046875
464cbbab5e31c90ad6d2523361867223,0,1,1,1,0,0,0,0,1,0,0,0,50,23.25701904296875
4656212345649230dc88f0949e5b5353,0,0,1,1,0,1,0,0,0,0,0,0,76,8.54071044921875
466242dd76e58c4dc16b07d2ad00e7bb,0,1,1,1,0,1,0,0,1,1,0,0,43,26.83416748046875
4664cb15772d4789b2d8c711cecb5275,1,1,1,1,0,0,0,0,0,0,0,0,44,26.30584716796875
466a58ea28149cbe13d96e55105e4b29,0,1,1,1,0,0,0,0,0,0,0,0,24,10.53094482421875
466ed040fb75d0a50ca8df3d54e08b75,0,0,1,1,0,0,0,0,0,0,0,0,25,34.45037841796875
4682eb907f7f1d5b91ef8c511525ec7b,0,1,1,1,0,0,0,0,0,0,0,0,38,15.63983154296875
4683d47e9440249f1da7d2221fe9187b,0,0,1,0,0,0,0,1,0,0,1,1,33,56.15789794921875
46947adbea6b82db84f54a2595be46a4,0,1,1,0,0,0,0,1,1,1,0,0,100,14.13299560546875
46951583554354cdbd0d4a5a5d4d5564,0,1,1,1,0,0,0,0,1,1,0,0,64,7.79022216796875
46a19fe09f6c625df139e7fe1bcd9437,0,1,1,1,0,0,0,0,0,0,0,0,42,5.13250732421875
46a5740a0334444ab0a79a314aad37c1,0,0,0,1,0,0,1,0,0,0,0,0,66,10.33221435546875
46a9243003c2603d4e406f879ebe77c8,0,1,1,1,0,0,0,0,0,0,0,0,19,18.51873779296875
46b8a4c1997c59e1e5a04618312e3af4,0,1,1,1,0,0,0,0,0,0,0,0,34,39.51922607421875
46b8a5e41d545d2f8364bed8624a24cf,0,0,1,0,1,0,0,0,0,0,0,1,16,15.75799560546875
46bcb1c4ca0b78c584d7a65e1b4b2590,0,1,1,1,0,0,1,0,0,0,0,0,10,11.66131591796875
46bce01c9cb60dce6507bace1dfbb6fa,0,0,1,1,0,0,0,0,0,1,1,0,48,42.09539794921875
46c19e01c12f643b6cb97b0c3650404e,0,0,0,1,0,0,1,0,0,0,0,0,25,18.44744873046875
46c37f8ec587b4827614d8c8d9a90d22,0,0,0,1,0,0,0,0,1,1,0,0,27,14.11492919921875
46c8e9e57a098465dc9e349b794d844d,0,1,1,1,0,0,0,0,0,0,0,0,32,2.19940185546875
46d401a30a9a2d7697f3a2cd117bd06e,0,0,1,1,0,0,0,0,0,0,0,1,30,44.09686279296875
46d4a86fdea34ce346e8be7aacd40ad3,0,0,0,1,0,0,0,0,0,0,0,0,45,10.07489013671875
46d625de82fc4d08c5ed4aa2c8ccf7b8,0,1,1,0,0,0,0,0,0,0,0,0,32,21.73553466796875
46da4ff40d59c514cec80e178f90e66d,0,1,1,1,0,0,0,0,1,0,0,0,21,9.99920654296875
46dc40e270c485790d8f25be59f7f2aa,0,1,1,1,0,0,0,0,0,0,0,0,24,29.14764404296875
46deb5aa0c1a93bfab496e7104a69b1f,0,0,1,1,0,0,0,0,0,0,0,1,26,16.66864013671875
46e0b33d74d924eaf4c410c0af37aab5,0,1,1,1,0,0,0,0,0,0,0,0,34,20.91766357421875
46e7a0154226b4c54be28bb440390662,0,1,1,1,1,0,0,0,0,0,0,0,100,18.14862060546875
46e7aec88a87212f3a06ee23fc3ee3b4,0,1,1,1,0,0,1,0,0,0,0,0,27,19.31414794921875
46e85c4b3b95dcf71357a368a06a5daa,0,1,1,1,1,0,1,0,0,0,0,0,39,10.46600341796875
46eae2a625edf2eb6318f49a784f9541,0,1,1,1,0,0,0,0,0,0,0,0,22,8.70965576171875
46ed2405fa76d88f790c2e4eddc5e140,0,1,1,1,0,0,0,0,1,1,0,0,39,6.72479248046875
46ef5743e7a319a474304c5980b5d595,0,1,1,0,0,0,0,0,0,1,0,0,25,9.46209716796875
4708f6747261af730735ff0272cfc73e,0,0,0,0,0,0,1,0,0,0,0,0,72,19.22479248046875
4711858b0901b86c32776a08fccc10b3,0,1,1,1,0,0,0,0,1,1,0,0,67,18.61053466796875
471a6351c88cfccab1dcac27e4f5538e,0,0,1,0,0,0,1,0,0,0,0,0,53,17.89276123046875
471fdc91a2f5c9024a1271cea06d1d72,0,1,1,1,0,0,0,0,0,0,0,0,55,18.06219482421875
472c40116e1833555715e4774445ae5b,0,1,1,1,0,0,0,0,1,1,0,0,19,17.77655029296875
47337dba4334bffdea91b8b3f1ae9ada,0,0,1,1,0,0,0,0,0,0,0,0,31,2.54608154296875
4734f46c50eb3834b93c8a841c8bc884,0,0,0,1,0,0,1,0,0,0,0,0,25,18.25604248046875
473576204e385acefd02260de4bfd884,0,0,0,1,0,0,0,0,0,0,0,0,30,44.96307373046875
473977db1cdc42b1e371cc330b8a8b9f,0,0,1,1,0,0,0,0,0,0,0,0,61,44.13983154296875
474b707eab4d12426994488f1ff12b65,0,1,1,1,0,1,0,0,0,0,0,0,30,22.70770263671875
4750d3e519e1d3a75641a7468a7d6079,0,1,1,0,0,0,1,1,0,0,1,0,15,12.65692138671875
47534feb8bfe8e0e54863056ef1c3a0e,0,1,1,1,0,0,0,0,1,1,0,0,26,3.88006591796875
4753a0cf27381f0ff6892f713eee02fd,0,0,1,0,0,0,1,1,0,0,1,0,30,30.63494873046875
475621d66f799f75740eea5858a5cd13,0,1,1,1,0,0,1,0,0,1,0,0,19,25.05780029296875
475c2ac1aa6eb3e280808d4e56a91e7d,0,1,1,1,0,0,1,0,0,0,0,0,28,4.20916748046875
475ddd23c78d735f43512c29899e34fb,0,1,1,1,0,0,0,0,0,0,0,0,31,9.56512451171875
4761bf0c588c66bb3b56c4327d711478,0,1,1,0,0,0,1,0,0,0,0,0,31,11.64178466796875
476931c0d20b2754b448bb5afebe9f05,0,1,1,1,0,0,0,0,1,0,0,0,33,21.32000732421875
476af9693fa23d1e9f61c81a84fccfc0,0,0,1,1,0,0,0,0,0,0,0,0,20,18.96990966796875
47739444f908facd6393cae90e9347f7,0,1,1,0,0,0,0,0,0,0,0,0,26,16.84197998046875
477647fcd98f01ad1d82c7d0f9587374,0,1,1,1,0,0,0,0,0,0,0,0,43,21.01873779296875
47769f24adad4eadb9e442ab07d1e9c6,0,0,1,1,0,0,0,0,0,0,0,1,28,22.53045654296875
47778c788cb44dcd6bc6bbf4e6850a52,0,1,1,1,0,0,0,0,0,0,0,0,33,6.61444091796875
477deb63aa6612fb30ce987df0f1c36a,0,0,0,1,0,1,0,0,0,1,1,0,18,32.07635498046875
477e38927e91eb705ede93b0e6009c08,0,1,1,1,0,0,0,0,0,0,0,0,39,48.24481201171875
4784a82393bb227e95fcb06286d8a537,0,1,1,1,0,0,0,0,0,0,0,0,7,27.76580810546875
478bffbd13ecf2dbccb4fae50220b75a,0,1,1,1,1,0,0,0,0,0,0,0,37,6.19207763671875
478dc842c49f410e76d633a8b9790741,0,1,1,1,0,0,0,0,0,0,0,0,33,18.57391357421875
4792f87c202c742b18e0db7a82d2efb9,0,0,1,1,0,0,1,0,0,0,0,1,25,26.80438232421875
47a14057d065f20ece951417bcb96692,0,1,1,0,0,0,0,0,0,0,0,0,17,16.84735107421875
47ab54e5af66374b9c345aedcb5839e6,0,1,1,1,0,0,0,0,0,0,0,0,27,41.72918701171875
47bc44f33ce7dcf518b1ee6d56abaf6a,0,1,1,1,0,0,0,0,0,1,0,0,30,57.57635498046875
47ce8783bc054f6591c39972f61bc497,0,1,1,1,0,0,0,0,0,0,0,0,42,9.76678466796875
47cf314ef52b6bf53808159643f32bd4,0,1,1,1,0,0,0,0,0,0,0,0,26,21.23358154296875
47d5ad20bb1770fc0a618ca2e6a1620f,0,1,1,1,0,0,0,0,1,0,0,0,43,6.18768310546875
47db2ae009656c7877407dfac9f3a49b,1,1,1,1,0,0,0,0,0,0,0,0,83,8.23846435546875
47eb3586c64eadabe1e046c1681ba483,0,1,1,1,0,0,0,0,1,0,0,0,11,19.98211669921875
47ee7aa2a501fdf890c18c240aae7817,0,1,1,1,0,0,0,0,0,0,0,0,34,24.28143310546875
47eeba60ed40857ac4ef673b1f2ffa92,0,1,1,1,0,0,0,0,0,0,0,0,42,3.66326904296875
47f7f510894bb812b30d4dab7844c5c6,0,1,1,1,0,0,0,0,0,0,0,0,35,14.15838623046875
47f948672cbf1d9e12f92eabd43e41d5,0,1,1,1,0,0,0,0,0,0,0,0,39,15.75799560546875
47fc057a963ca10222abcc7ff0ba6bf1,0,1,1,1,0,1,0,0,0,0,0,0,49,11.42596435546875
47ff4c9be47a186bbdbc2bb034bc0149,0,1,1,0,0,0,0,0,0,0,0,0,33,41.12469482421875
480fa5b5edfd2e9b61a48ee99ea91f84,0,0,1,1,0,0,0,0,0,0,0,0,64,19.71258544921875
481644fe50e9317c356deb151efa4aa8,0,0,0,0,0,0,1,1,0,0,0,0,25,30.29022216796875
481a42d592745b05dcdc8496b0608484,0,1,1,1,0,0,0,1,0,0,1,0,22,24.66668701171875
481ec365ebb75fe0382e0061b9787657,0,1,1,1,0,0,0,0,0,0,0,0,32,44.08074951171875
4823f996da355949d2750bb1b4b05c7b,0,1,1,1,0,0,0,0,0,0,0,0,87,9.04901123046875
4831183bbb32cb005f2d7b459c3a1fdb,0,0,1,1,0,0,0,0,0,0,0,1,34,13.28143310546875
4831d04c0a560113bd59c132d0266e78,0,1,1,1,0,0,0,0,0,0,0,0,33,7.22186279296875
4831f6e12c448078718a7688dd6ba901,0,1,1,1,0,0,0,0,1,1,0,0,45,29.30682373046875
483246ad27ee1c352cb8c855a4434d96,0,1,1,1,0,0,1,0,0,0,0,0,65,38.19793701171875
483e2edcc431e49e5518a7fad5e4d091,0,1,1,1,0,0,0,0,0,1,0,0,27,17.98553466796875
48522c1250234ebca90d50e84ef89c42,0,1,1,1,0,0,0,0,0,0,0,0,37,12.02166748046875
4854c185e8ffa14d524703a83be38ac8,0,1,1,1,0,0,0,0,1,1,0,0,35,20.57830810546875
4861ecf5bd3da2312e17c0834e4f9fd6,0,1,1,1,0,0,0,0,0,0,0,0,72,14.30487060546875
487ea184c7914907101c220446f67508,0,1,1,1,0,0,0,0,0,0,0,0,16,16.58172607421875
488298fcc3d5775c28a3dd36ac4ab6b2,0,1,1,1,0,0,0,0,0,1,1,0,58,-8.22589111328125
4883d1ee4ef4a3c999de029218aff417,0,0,0,1,0,0,1,0,0,0,0,0,70,7.24237060546875
488d6567e23b701906e78969cc36da92,0,0,0,1,0,0,0,0,0,0,0,0,37,18.73455810546875
48955cfa1a2b9d1db51e8e6800542dad,0,0,1,1,0,0,0,0,1,0,0,1,42,30.75115966796875
4897ec80a0bce4951ab9813d52f54070,0,1,1,1,0,0,0,0,0,0,0,0,24,44.53045654296875
4899643fd3a6f7bcfe9b7abf05a08604,0,1,1,1,0,0,1,0,0,0,0,0,51,15.63934326171875
489a6185ed1e6ca307f59713857c7e0f,0,1,1,1,0,0,0,0,0,0,0,0,38,36.14569091796875
48a4c5b9eba2d514d6f6f79a2b36cd0f,0,1,1,1,0,0,0,0,0,0,0,0,43,41.18914794921875
48a66727373de4e7fa7bb3331cd9acc8,0,0,1,1,1,0,0,0,0,0,0,1,96,23.26190185546875
48a66f3b592997d9549995f64017eaf7,0,0,0,1,0,0,0,0,0,0,0,0,42,10.19500732421875
48acce3535a001087e6010e00eb3cdb8,0,0,0,1,0,0,0,0,0,0,0,0,74,62.70233154296875
48b051a222548fff6ca1bac45dc20173,0,1,1,1,0,0,0,0,1,1,0,0,32,18.60760498046875
48bea7c8fd7efdb6613350207603e831,0,1,1,1,0,0,0,0,1,1,0,0,3,9.03826904296875
48c7992da60e137e7b86765c756907d3,0,1,1,1,0,0,1,0,0,0,0,0,22,12.33465576171875
48c84f794d64467574e064c7eeb25f89,0,1,1,1,0,0,0,0,0,0,0,0,32,22.26287841796875
48cb7bab312967945c3a7d6baf84967f,0,1,1,1,0,0,0,0,0,0,0,0,63,47.37957763671875
48d07596cf713509a4eb487d781e0016,0,1,1,1,0,0,0,0,0,0,0,0,10,12.28826904296875
48d53aeabee4f92f77eee3a323343c77,0,1,1,1,0,0,0,0,0,0,0,0,40,27.13885498046875
48d677641d6ba84c5e30d1defa900cd6,0,1,1,0,0,0,0,0,0,0,0,0,32,-3.42462158203125
48d6f072a6cd476131b85b51cc86d8e3,0,1,1,1,0,0,1,0,0,0,0,0,21,18.61492919921875
48d850fc41d7702e9ae510fd14cdc277,0,0,1,1,0,0,1,0,0,0,0,1,81,33.51580810546875
48dae102418064debb59fe0df079861b,0,1,1,1,0,0,0,0,0,0,0,0,30,5.16424560546875
48dc059a1c299568e2dcff7d008b8569,0,1,1,1,0,0,0,0,0,0,0,0,31,21.16864013671875
48ed2c0f5c30a12b605c9c0842536ec2,0,1,1,1,0,0,0,0,1,0,0,0,71,14.79315185546875
48f93314b4dfa622bb91c8515c80f12a,0,1,1,1,0,0,0,0,0,0,0,0,30,6.01678466796875
4900e463696cc862724c3aa96b5d7487,0,1,1,1,0,0,0,0,0,0,0,0,27,17.80633544921875
4904a901c60626187951de77f3a604ce,0,1,1,0,0,0,0,0,0,1,0,0,39,22.87860107421875
490803b010323a9d62eb926d50c6d531,0,1,1,1,0,0,0,0,0,0,0,0,28,9.53338623046875
490db5700dea742e7d94a0f8ed555b82,0,1,1,1,0,1,0,0,0,0,0,0,34,24.50506591796875
4914cffb58a66b2c9067f8db64639f20,0,1,1,0,0,0,1,0,0,0,0,0,24,26.94647216796875
4916aa7456b9699de9342c57652b1034,0,1,1,1,0,0,0,0,1,0,0,0,72,8.08319091796875
4918a47f4722324dc27680a234029cd4,0,1,1,1,0,0,0,0,0,0,0,0,26,20.61248779296875
492babff6c77d1f1be8e266cc7c89ab4,0,0,1,0,0,0,1,0,0,1,0,0,44,14.32781982421875
492c39b154260edb33c7b09f4df0ad4e,0,1,1,1,0,0,0,0,0,0,0,0,28,5.09393310546875
493013d97678e23663a0b1c94937f648,0,1,1,0,0,0,0,1,0,0,0,0,29,30.35760498046875
493a837f7f1f1ae46726e7943a0c20fe,0,1,1,1,0,0,0,0,0,0,0,0,69,35.09930419921875
4942d37041a2715f5f4842c30e2296f4,0,0,1,1,0,0,0,0,0,0,0,1,55,43.08416748046875
4949e4840cdd94e41109f50bb20f7266,0,0,1,1,0,0,0,0,1,1,1,0,32,15.64764404296875
494d788c2f723d80d16b6a3551e311a5,0,1,1,1,0,0,0,0,0,0,0,0,52,9.21795654296875
494f80f3c73ebb45ee0d8671ce529f1f,0,1,1,1,0,0,1,1,0,0,0,0,34,4.24627685546875
4952f9d50b84a32f499b9998377076ab,0,1,1,1,0,0,1,0,0,0,0,0,35,39.00408935546875
495423c4430c5884939f24644e070360,0,0,0,0,0,0,1,0,0,0,0,0,100,6.83612060546875
4955fa6d79b3d00c9276dc06a39169dc,0,1,1,1,0,0,0,0,1,0,0,0,6,25.42938232421875
495b238c7be1c9ad0ce2c1c7d990d6ba,1,1,1,1,0,0,0,0,0,0,0,0,27,2.19647216796875
4960382f20bc8de60a54fbd954643689,0,0,0,0,0,0,0,0,0,0,0,0,22,47.60662841796875
49767a23ab426f919d282957d8d40b6f,0,0,1,0,0,0,0,1,0,0,1,1,19,31.87957763671875
497fce103e3ae61cc33fbb42b18a6821,0,1,1,0,0,0,1,1,1,1,1,0,31,17.20672607421875
497fcf263a8ba4691aa70b3b63dfcc68,0,1,1,1,0,0,0,0,0,0,0,0,19,21.48260498046875
49938a3aa1a2cd5b723536b76c4728f9,0,0,0,1,0,0,0,0,1,1,0,0,41,10.93377685546875
4996938e9c6cb647034a65e9739b02b3,0,0,1,1,0,0,0,0,1,1,0,1,25,9.38934326171875
499afdc19d64ecf636dad27a0bc66183,0,1,1,1,0,0,0,0,0,0,0,0,17,13.33514404296875
499dab54fd6ecd712894cc898cecb150,0,1,1,1,0,1,1,0,0,0,0,0,51,8.69158935546875
49a7c6fb1d76183434564de4d8b2a516,0,1,1,1,0,0,0,0,0,0,0,0,36,24.21746826171875
49a9f3a2520645291a84055a0aefd2f3,0,0,0,0,0,0,0,0,0,1,0,0,19,5.71893310546875
49ad831a29cf2bb093c276a19615b18f,0,0,1,1,0,0,0,0,1,0,0,1,55,1.79412841796875
49d17d0fede005fc621a7bc9646401cd,0,1,1,1,0,0,0,0,0,0,0,0,25,53.89666748046875
49d22da65d724a5f826bea343c2e8bc7,0,1,1,1,0,0,0,1,0,0,1,0,26,38.74969482421875
49e3ece0abe53099e775cfd9715b57f2,0,1,1,1,0,0,0,0,0,0,0,0,22,4.80389404296875
49e49a0676aff67976d19eff5394f8cc,0,1,1,1,0,0,0,0,0,0,0,0,48,9.48602294921875
49e9e6ecf45f573fef25ee7bb5ea2bec,0,1,1,1,0,0,0,0,0,0,0,0,25,27.74334716796875
49eba6c347fcd6316898987bc7432bf1,0,0,0,0,0,0,0,0,0,0,0,0,16,20.35565185546875
49eebb8ad416c48cccc5d9347234a98a,0,1,1,1,0,0,0,0,1,1,0,0,66,11.81463623046875
49f4e77fa71fb673b7f77f90b5e89ed1,0,0,0,0,0,0,1,0,0,0,0,0,16,15.24676513671875
49fbb4e913304346011d6a2a51290e87,0,0,1,1,0,0,0,0,0,0,0,0,23,11.99530029296875
4a0032b8dccfec0e2719b46544ba32ce,0,1,1,1,0,0,1,0,0,0,0,0,37,34.42791748046875
4a116e3b86c9d2a84e5055fee98b6c43,0,0,0,1,0,0,0,0,0,0,0,0,29,4.61737060546875
4a17a97101a03ab56bee765c65c6a819,0,1,1,1,0,0,0,0,0,0,0,0,47,15.54559326171875
4a1cfb96220f67ffca330ff41dba678f,0,1,1,0,0,0,1,0,0,0,0,0,42,-0.95489501953125
4a434ed3c66165dd57fe9f74744baa34,0,1,1,1,0,0,0,0,0,0,0,0,100,11.16424560546875
4a4b92b7387e75223b2fd1e502e71ce3,0,1,1,1,0,0,1,0,0,0,0,0,24,22.63055419921875
4a572690dfe0e171f7027e1e0afe578b,0,1,1,1,0,0,0,0,0,0,0,0,26,28.41961669921875
4a5ee28aacb0611e10a69b56639a4dea,0,1,1,1,0,0,0,0,0,0,0,0,32,15.20233154296875
4a6dabcfc18e55e8d66060a40ac7e5b0,0,1,1,0,0,0,0,0,0,0,0,0,27,17.24481201171875
4a6e25033c2dd569e353ac63da46d4de,0,1,1,0,0,0,0,0,0,0,0,0,35,23.83709716796875
4a777b59f5c51de5f8cffa580a89d8ce,0,1,1,1,0,1,0,0,0,0,0,0,34,20.86737060546875
4a7ce958f3145d808653f3da506dfb15,0,0,0,1,0,0,0,0,0,0,0,0,41,25.31268310546875
4a896237b9eda03544419033611aaf1b,0,0,0,0,0,0,1,0,0,0,0,1,31,41.44793701171875
4a8cbef77a9a53bca7fa4f2dba461114,0,1,1,1,0,1,0,0,0,0,0,0,59,18.47576904296875
4a99251205ffaf23a483b727bdf866a1,0,0,0,1,0,0,0,0,1,0,0,0,11,16.09344482421875
4aae265edb87d877037116e982a95050,0,1,1,1,0,0,0,1,1,1,1,0,47,16.97528076171875
4ab407534f6153ba427f901eb2b45c5b,0,0,0,1,0,0,0,0,0,0,0,0,100,21.71990966796875
4ab88f27a0bde7b64c1ec9c38f8ef7cd,0,1,1,1,0,0,0,0,0,0,0,0,57,20.93426513671875
4aba6632efc0217181b69360a2436afd,0,1,1,1,0,0,0,0,0,0,0,0,3,40.16082763671875
4abd5fc7c6b5db63bd1dc45788c4e6d5,0,1,1,1,0,0,0,0,1,0,0,0,35,15.66424560546875
4abe7eaecbc07d04212b8d918c2824cd,0,1,1,1,0,0,0,0,0,1,0,0,38,40.25115966796875
4ac4bd321e6e281d1bface0acd223d32,0,1,1,1,0,0,1,0,0,0,0,0,37,4.30535888671875
4ac81eb17b3a46b01931f10992d88a1e,0,1,1,1,0,0,0,0,0,0,0,0,25,7.67010498046875
4adf50b6ef03d5e29d126a5a21b8fe9f,0,1,1,1,0,0,0,0,1,1,0,0,38,26.46258544921875
4aeb75ca3722b87a6534c7e349d0613c,0,1,1,1,0,0,0,0,0,0,0,0,19,16.86297607421875
4af5dffff3dfe79af25312c77b44468e,0,1,1,1,0,0,0,0,1,1,0,0,18,19.73114013671875
4afb6f1cfbb38f4664fb16c57d7d52ab,0,1,1,1,0,0,0,0,0,0,0,0,22,35.57342529296875
4b01c54cc36774ec28ea5c59d139551e,0,0,0,1,0,0,0,0,0,0,0,0,38,23.23211669921875
4b0732726652b465f4c4a07fb6ca16e2,0,1,1,1,0,0,0,0,0,0,0,0,51,18.21063232421875
4b0f197f8fa07580f1fc5da314920eca,1,1,1,1,0,0,0,0,0,0,0,0,37,16.28289794921875
4b0fedfdf53c4383aa19f2b040b3232c,0,1,1,1,0,0,0,0,1,0,0,0,5,3.77606201171875
4b1be5dcdf205836b6c62ea777e437c6,0,1,1,1,0,0,0,0,0,1,0,0,55,15.84002685546875
4b1c900512425eec3971ce434f8ea6f8,0,1,1,1,0,1,0,0,0,0,0,0,24,24.62176513671875
4b22a815aecff494a98e915b3ffbed2f,0,1,1,1,0,1,0,0,0,1,1,0,100,17.22186279296875
4b249023b0234766daa3258ac27577ac,0,1,1,1,0,0,0,0,0,0,0,0,27,16.91766357421875
4b3a64690f86c2d815c2b5da4578d9a2,0,0,1,1,0,0,0,0,0,0,0,0,60,11.61297607421875
4b439fc7d5f5f68fa366aee88405ec9a,0,0,0,1,0,0,0,0,0,0,0,0,74,15.15447998046875
4b44172fd0a2ba95f76655540626e81d,0,0,0,1,0,0,0,0,0,0,0,0,48,11.35076904296875
4b60b90f304abb6c272ba1580cfe79b3,0,1,1,1,0,0,1,0,0,0,0,0,33,5.06561279296875
4b611f07fb0d2850af18fb212e6d79fa,0,1,1,1,0,0,0,0,0,0,0,0,65,0.92205810546875
4b618cd51feea66ef7e30489f8effa36,0,1,1,1,0,1,0,0,0,0,0,0,17,9.32684326171875
4b6340fabfa68241ccd90def26af4bdc,0,1,1,1,0,0,0,0,0,0,0,0,44,21.35760498046875
4b6ad8f1dbc0265af3e15e3619d6c24f,0,1,1,1,0,0,0,0,1,0,0,0,28,39.36151123046875
4b6b033afc61fa88c29f2dfbeab79d4b,0,1,1,1,0,0,0,0,1,1,0,0,45,10.38592529296875
4b6f3407bfcf4fb299eb422da7069f00,0,1,1,1,0,0,0,0,0,1,0,0,49,47.00555419921875
4b792ec239070d4135b7a1bdcdcfea9f,0,1,1,1,0,0,0,0,0,1,0,0,47,9.25701904296875
4b799b62d24daf17856fb4698ec70931,1,1,1,1,0,0,0,0,0,0,0,0,37,-10.64776611328125
4b8a20df3e6112a1ad3ca73464916fdf,0,1,1,1,0,1,0,0,0,0,0,0,44,8.96942138671875
4b8ad6be3708cff4bbf0eecebf38a2a6,0,0,1,1,0,0,0,0,0,0,0,1,41,60.46649169921875
4b969d7a5e55de08660c6affb8dcf04c,0,1,1,1,0,0,0,0,0,0,0,0,100,28.09979248046875
4b9cd5b04edfdc185e24dbe112257f42,0,1,1,1,0,0,0,0,0,0,0,0,28,15.79949951171875
4ba1529e4ca691d68ee05f69d3416bf3,0,1,1,1,0,0,0,0,1,0,0,0,19,19.54754638671875
4ba2e1db28debba31dff900312bca2d6,0,1,1,1,0,0,0,0,0,0,0,0,48,16.73211669921875
4bab0e7fd202c4c6df7987dea364c50c,0,1,1,1,0,0,0,0,0,0,0,0,61,30.34735107421875
4baf95868385de5c7746297c54a7ce33,0,1,1,1,0,0,0,0,0,1,0,0,47,16.37176513671875
4bb40ea089e83d0a653702658084e43d,0,1,1,1,0,1,0,0,0,0,0,0,9,30.41619873046875
4bb62704bead8fc45f8747dc1d39ce1f,0,1,1,1,0,0,0,0,1,1,0,0,47,8.60760498046875
4bba6549d16ea0478734531b27d52a70,0,1,1,1,0,0,0,0,0,0,0,0,35,49.66082763671875
4bc3709aee602e9edd84f43c643024bd,0,1,1,1,0,0,0,0,0,0,0,0,43,8.86981201171875
4bc46d93185fdcc91cfb8ef80363bbb0,0,0,1,1,0,0,0,0,0,0,0,0,35,32.98260498046875
4bc6822f43e2674e94d923decec43915,0,1,1,1,0,1,0,0,0,0,0,0,18,2.50067138671875
4bcf890a0cfa1432a8dbda7f4c22903e,0,1,1,1,0,0,0,0,0,0,0,0,40,4.56805419921875
4bd1a7f75b12b2cf8555e290e14ad927,0,0,1,0,0,0,0,0,0,0,0,0,63,16.99822998046875
4bd8a698f303ce384ae7f94486c97135,0,0,0,1,0,0,0,0,0,0,0,0,19,19.86737060546875
4be26c18d251ad9f9de3d7355dc43691,0,1,1,1,0,0,0,0,1,0,0,0,22,20.73797607421875
4be8c5765655cfb91c7210bb59d58764,0,1,1,1,0,0,0,0,0,0,0,0,13,11.52899169921875
4bebe6c9290d5b8a471f797b356754af,0,1,1,1,0,0,0,0,1,1,0,0,36,9.81365966796875
4beff0d42b3f8e74501d0cc18632cc99,0,1,1,0,0,0,1,1,1,1,1,0,33,9.34002685546875
4bf12edc5a1c9dc5438508f074d7b778,0,1,1,1,0,0,0,0,0,1,0,0,63,15.27947998046875
4bfa1e0466d62e16ed399449fce84b09,0,1,1,1,0,0,0,0,0,0,0,0,17,25.22674560546875
4c096682359dbe62b1c4de93e1a72946,0,1,1,1,0,0,0,1,0,0,0,0,28,21.87664794921875
4c0b43aba1a58123422d6b6ba983019b,0,0,0,1,0,0,0,0,0,0,0,0,58,18.52557373046875
4c147106ba34a0480d16555f825aaefb,0,1,1,1,0,0,0,0,1,0,0,0,13,13.92303466796875
4c1649361805179f87efd4659d0807d5,0,0,1,1,0,0,0,0,0,0,0,1,11,52.01824951171875
4c1d7b74fd158c92b534b458b99445f8,0,1,1,1,0,0,0,0,1,1,0,0,48,7.14129638671875
4c1e05895368c997fdd709bbd1ac3dae,0,1,1,1,0,0,0,0,0,0,0,0,2,7.45623779296875
4c20fd8573233d5b293d33888bb822c7,0,1,1,1,0,0,0,0,0,0,0,0,35,1.67791748046875
4c22fe518a7e8878dc8dfbbf9fd03bf1,0,1,1,1,0,0,0,0,0,0,0,0,51,24.15496826171875
4c253d54445ead5d79769614671604a0,0,1,1,1,0,1,0,0,0,0,0,0,21,17.88836669921875
4c2e26c606c94e74187268f0caa8cedb,0,1,1,1,0,0,1,0,0,0,0,0,30,17.80438232421875
4c32ba22c004167a97f21fdc9bdde79c,0,1,1,1,0,1,0,1,0,0,1,0,28,3.50018310546875
4c36bbb140ba3e2d2bd992543ee10846,0,1,1,1,0,0,0,0,1,1,0,0,87,8.78826904296875
4c507578c1cdf3bda74e7bacd383baa0,0,0,1,1,0,0,0,0,1,1,0,0,18,39.05877685546875
4c5292458992d53f935e64904d201f90,0,0,1,0,0,0,0,0,0,0,0,0,32,13.99188232421875
4c5e074e2956699e48b389401540aeed,0,1,1,0,0,0,1,0,0,1,1,0,43,11.97772216796875
4c60ce7e7edc74edc33569a0f22697f0,0,1,1,1,0,0,0,0,0,0,0,0,34,2.37420654296875
4c69e21c94a3db974a4ea2c913c118c3,0,1,1,1,0,0,1,0,0,0,0,0,62,16.22479248046875
4c6b9386772048b2dca9928dbb89b8fd,0,1,1,1,0,0,0,0,1,0,1,0,50,33.82098388671875
4c6d4720d4ae174bcc87cab74470aee5,0,1,1,1,0,0,0,0,0,0,0,0,34,14.84881591796875
4c7572530ea1fc342e12e281eb3c9911,0,1,1,1,0,0,0,0,1,1,0,0,70,11.11688232421875
4c785fc9ba2408733889b1d31653acf8,0,1,1,1,0,0,0,0,0,0,0,0,27,8.24774169921875
4c7a64ffe633d1bb236f77bfed0f0342,0,0,0,0,0,0,0,1,1,1,0,0,23,21.06707763671875
4c7da90043e9d4cdf5d6c1e1d605808f,0,1,1,0,0,0,0,0,0,0,0,0,35,24.30145263671875
4c82ce76b6465f2d3ac1c919a0325d48,0,0,1,0,0,0,1,0,0,0,0,1,21,18.04803466796875
4c8a240e9faa998a34c1f1b5c304bdb4,0,1,1,1,0,0,1,0,0,0,0,0,42,17.19158935546875
4c938814b39288805e46b2e1b5e1896a,0,1,1,0,0,0,0,1,1,1,1,0,43,140.48748779296875
4ca463c6921277dac72f85290a6a00f2,0,1,1,1,0,0,0,0,0,0,0,0,21,37.82147216796875
4ca7601cfe9239b4606c6969c333f159,0,1,1,1,0,0,0,1,0,0,1,0,92,40.08270263671875
4cade61e118c0294f7791eb151b2bb16,0,1,1,1,0,0,0,0,0,0,0,0,37,8.78240966796875
4caf3c2febb974032acb5516bcf972e5,0,1,1,1,0,0,0,0,0,0,0,0,25,23.01336669921875
4cb6e46e1527b21cfa9d6f6715def300,0,1,1,1,0,0,1,0,0,0,0,0,51,4.77655029296875
4cbc8740d68dd83bdffefaa9dcbb5e70,0,1,1,1,0,0,0,0,0,0,0,0,21,10.33319091796875
4cc695810195ff62ff5873bc5cf8d8c8,0,1,1,1,0,0,0,0,0,0,0,0,25,35.89959716796875
4cc889fcd6adafa46039dbe6831fb4b8,0,1,1,1,0,0,0,0,0,0,0,0,21,20.14666748046875
4cc9cb2a0e034d550e2450e55bc8135f,0,1,1,1,0,0,0,0,0,1,1,0,87,35.95379638671875
4ccdc03a596d05d5538e846aba655bac,0,1,1,1,0,0,0,0,0,0,0,0,37,12.91815185546875
4cd2c49d41d10465aaaa3fa4a893112b,0,1,1,1,0,0,0,0,1,1,0,0,36,14.37518310546875
4cd97076628706316197b283f8ec82f7,0,1,1,0,0,0,0,0,0,1,0,0,23,27.36444091796875
4cdb500aae132458376521c74f03a776,0,1,1,1,0,0,0,0,0,0,0,0,20,4.77801513671875
4ce160f2c16009291a5c9061a82f41a4,0,0,1,1,1,0,0,0,0,0,0,0,39,-1.75225830078125
4cf0fb5a2466525496070135154127f3,0,1,1,1,0,0,0,0,0,0,0,0,47,23.40106201171875
4cf28d71a8f7c14e01d303f58623f7fe,0,1,1,1,0,0,0,0,1,1,0,0,45,9.42059326171875
4cf60604e6b7bb11ba314c991f4e1213,0,1,1,1,0,0,0,0,0,0,0,0,55,9.63885498046875
4cfd47e679b3b073bac40e439d9d6200,0,0,1,1,0,0,0,0,0,0,0,0,3,13.88348388671875
4cfea7c5c3c73ee2662e69d972492417,0,1,1,1,0,0,0,0,1,0,0,0,32,78.39276123046875
4d1cb735f7b77b68efcfa20ea61ea6b4,0,0,0,1,0,0,0,0,0,0,0,0,38,28.36395263671875
4d247723f3e03f17a06fc3debba87cbc,0,0,1,1,0,0,0,0,0,0,0,1,29,7.66717529296875
4d381f36243efca3e6bde136cc71520b,0,1,1,1,0,0,0,0,0,0,0,0,33,20.63250732421875
4d3834e3cb7e0acaf575b21fdd4c4d7e,0,1,1,0,0,0,0,0,0,0,0,0,14,21.56365966796875
4d3a9166d8dedc7208676dfcf5f82a57,0,0,1,0,0,0,0,0,0,0,0,0,34,14.29803466796875
4d41987a604ed6f678c6924fa259272a,0,1,1,1,0,0,0,0,0,0,0,0,25,25.58660888671875
4d4d6130fee068c2ca43281fcea3709b,0,1,1,1,0,0,0,0,1,1,1,0,39,28.43914794921875
4d55162f544fab7edc35122ba827d8aa,0,1,1,1,0,0,0,0,0,0,0,0,55,19.39959716796875
4d5934d3da7258f08d42deff18041cf9,0,0,1,0,0,0,1,0,1,1,0,0,64,19.33563232421875
4d64b6c1888b0c4ea16ee16e6c12c48e,0,1,1,1,0,0,0,0,0,0,0,0,32,16.46795654296875
4d7696032afb4f5b6ee3bc5d41148ce0,0,0,1,1,0,0,0,0,0,0,0,0,39,29.01580810546875
4d89a39343bd07cacf7625c903d7783a,0,0,0,1,0,0,0,0,1,1,0,1,9,17.24237060546875
4d96a0e2bbdeeb7b66035f9830ebd029,0,1,1,1,0,0,0,0,1,1,0,0,32,34.44305419921875
4d9e916479227d8946450bc5987ec8f8,0,1,1,1,1,0,0,0,0,0,0,0,4,12.94696044921875
4da2403d55ffb406d8a4e9e699afa07c,0,1,1,1,0,0,0,0,0,0,0,0,29,3.94744873046875
4db5b822ebb966dbd6f69576c9cdc4e9,0,0,0,1,0,0,0,0,0,0,0,0,32,19.69549560546875
4db9e1fb1d4dc6f7edee990d98171e21,0,1,1,1,0,0,0,0,1,0,0,0,40,37.28680419921875
4dc016eaa64b7a1fc67e0dfeb4179dcd,0,1,1,1,0,0,0,0,0,1,0,0,59,29.36444091796875
4dcfa90313634c784a9fd5fdaf88dba1,1,1,1,1,1,0,0,0,0,0,0,0,35,23.87127685546875
4dd9e7cacae183a0c1e93d75d0b0bb1d,0,1,1,0,0,0,0,0,0,0,0,0,29,26.74432373046875
4de0c8054b9acc72bef06733391a28b7,0,1,1,1,0,0,0,0,0,0,0,0,29,2.70526123046875
4de4e41e9bf4329ff824155fa89a005c,0,1,1,0,0,0,1,1,1,1,1,0,22,21.15496826171875
4de54741d754c78db4f360df6665a397,0,0,1,1,0,0,0,0,0,0,0,0,78,30.89227294921875
4df03010f57a179d68c17fb8f2a9da40,0,0,0,1,0,0,1,0,0,0,0,0,58,29.05828857421875
4df25fb3546613716ba195835b491358,0,1,1,1,0,0,0,0,1,0,0,0,41,42.38739013671875
4df6462f63c3a99f375e2bb7bd51aa3a,0,1,1,1,0,0,0,0,0,0,0,0,33,38.56072998046875
4dfb453709b1b35d7efcd09bc177933d,0,1,1,1,0,0,0,0,1,1,0,0,39,23.58074951171875
4dfec71b1cf220ac026bfc25c1cafc82,0,1,1,1,0,0,0,0,1,1,0,0,47,44.01434326171875
4e0d88f874fd798684d1ae2693105734,0,1,1,1,0,0,0,0,0,0,0,0,55,48.61932373046875
4e118e2f4cb952bba2fa4b3a842c2500,0,0,1,1,0,0,0,0,0,0,0,0,96,22.17791748046875
4e13731117981583739f65ac0ce4d100,0,1,1,1,0,0,0,0,0,0,0,0,18,25.85809326171875
4e20dfd709128ea664568a439b12574f,0,0,1,1,0,0,0,0,1,1,0,1,22,24.19793701171875
4e2cd022f658c2e9fad5bd23b5eefee4,0,1,1,0,0,0,0,0,0,0,0,0,77,12.08367919921875
4e3c8816d95b083b870c6747a26fcb58,0,0,0,1,0,0,0,0,1,1,0,1,2,20.41717529296875
4e3f50eff1f350d4ce066f647dca2745,0,1,1,1,0,0,0,0,0,0,0,0,30,47.44403076171875
4e45bdb81e74050686a9a39086c07da1,0,1,1,1,0,0,0,0,0,0,0,0,20,32.95477294921875
4e5845518776a992f31a2697f21d0381,0,1,1,1,0,0,0,0,0,0,0,0,13,13.84539794921875
4e5ad4698b3c21560fd20d4575a65dee,0,0,0,1,0,0,0,0,1,1,0,0,100,16.60174560546875
4e66a559c3e67ccfdcdf78f29c1d34db,0,1,1,1,0,0,0,0,1,1,0,0,32,47.17303466796875
4e809f26b3fa4ba55542f6cdbb12904f,0,1,1,1,0,0,0,0,0,0,0,0,50,19.68670654296875
4e87f14aeb951b685000ff8b9d25d9b3,0,1,1,1,0,0,0,0,1,1,0,0,25,1.25213623046875
4e919a677d03e00397dd0f1bc24d7b36,0,1,1,1,0,0,0,0,0,0,0,0,30,7.14276123046875
4ea0587a137c7983ca92851b6cb36ca1,0,1,1,1,0,0,1,0,0,0,0,0,39,26.42791748046875
4ea05d0199f0ad9473e0dba983aef8cc,0,0,1,0,0,0,0,0,0,0,0,0,36,12.67645263671875
4ea27da3fb5d7d2dd0417a732718dac1,0,1,1,1,0,1,0,1,0,0,1,0,48,25.36395263671875
4ea288fa020ab2663875248a748d5555,0,0,1,1,0,0,0,0,0,0,0,0,14,19.59295654296875
4ea66b28d27df800e7ae45f7d8af98bb,1,1,1,1,0,0,0,0,0,0,0,0,22,-1.49005126953125
4ea9b8cb20aa2948d4ccef8299534e67,0,1,1,1,0,0,0,0,0,0,0,0,40,22.12615966796875
4eab6c6b7a1163dc7f4b5518d5422958,0,1,1,1,0,1,0,0,0,0,0,0,26,3.67059326171875
4eb1c9699ffb77a8b1242b3b99d06bcd,0,1,1,1,0,0,0,0,0,0,0,0,42,9.31610107421875
4ebbb6b53fcdf05912dfc075aa57430c,0,1,1,1,0,0,0,0,0,0,0,0,51,15.10858154296875
4ec0240d2cbb5cf0b176df79e046fbe6,0,1,1,0,0,0,0,1,0,1,1,0,36,57.33807373046875
4ec50c6c38c15de5362c8ba16fdf5e60,0,1,1,0,0,0,1,0,0,1,0,0,49,33.17059326171875
4ec6124196049907513741823bc03572,0,1,1,1,0,0,0,0,1,1,0,0,80,51.84783935546875
4ed4446db4722735056ad438c1f911ba,0,1,1,1,0,0,0,0,0,0,0,0,49,30.33563232421875
4ef5ab4394f363b8770323da06afbce5,0,0,0,0,0,0,0,0,0,0,0,0,38,14.98504638671875
4ef87e310e2de85bbebe3987030e18db,0,1,1,1,0,0,0,0,0,0,0,0,50,9.90057373046875
4ef9407ef9e78fec4c704823f7c65794,0,1,1,0,0,0,0,0,0,0,0,0,54,11.68475341796875
4f086f1e33fa887320e17944095609b7,0,1,1,1,0,0,0,0,0,0,0,0,31,24.01776123046875
4f168288fbe828b5c2a98ad86a126870,0,1,1,1,0,0,0,0,1,1,0,0,100,10.48309326171875
4f17201d3cfe333a67c18cfb84cdc64c,0,1,1,1,0,0,0,0,0,1,0,0,18,15.32391357421875
4f27ceb2baf1798ce4f14bd9a290a82c,0,0,0,1,0,0,0,0,0,0,0,0,25,24.35125732421875
4f2d68ef1752f6b87ab4bdb7554374fc,0,1,1,1,0,0,0,0,0,0,0,0,20,19.09002685546875
4f4c2be7b5384bd059880e653d98a583,0,0,0,0,1,0,1,0,0,0,0,0,54,14.58905029296875
4f504b226aeb2f5d7b7551ec77fca7a9,0,1,1,1,0,0,0,0,0,0,0,0,20,11.59490966796875
4f5d5129948e734aedee5f78f7a57281,0,1,1,1,0,0,0,0,1,1,0,0,26,0.71258544921875
4f7aa4300de21279757534db5434b4b9,0,1,1,0,0,0,1,0,0,0,0,0,49,8.36444091796875
4f8008f16b70a2a878d11d8617326b48,0,1,1,1,0,0,0,0,0,0,0,0,43,9.51824951171875
4f87ff3d6c5a8d48b89983fde97618ed,0,0,1,0,0,0,0,0,0,0,0,0,30,12.26190185546875
4f8b47b14e216df4760e5e6fe909b4cf,0,0,1,0,0,0,0,0,0,0,0,0,45,21.23211669921875
4f9099883584775da55448dee61f1dd2,0,1,1,1,0,0,0,0,0,0,0,0,3,8.74578857421875
4f9476a6e59b08a26bbd956934aa941b,0,1,1,1,0,0,0,0,0,0,0,0,100,46.88934326171875
4f95ca5695496ce5f27e5cd32bea5999,0,1,1,1,0,0,0,0,1,1,0,0,39,13.17889404296875
4fac09b4716017b08316f8ea94779f14,0,1,1,0,0,0,1,1,1,1,1,0,64,24.00067138671875
4fac6632877f84adf0d989993c60dbe8,0,1,1,1,0,0,0,0,0,0,0,0,25,18.43035888671875
4fb2586c5ee8688e764214c2d5d670bc,0,1,1,1,0,0,0,0,0,0,0,0,67,11.16033935546875
4fb4f82d3decebd66537a8615c126f29,0,0,1,1,0,0,0,0,0,0,0,1,30,50.48162841796875
4fc748f22484224a96a8d578f919b7f4,0,1,1,1,0,0,0,0,0,0,0,0,40,26.44940185546875
4fd2acbf73ecec0cae88ea7767640ff0,1,1,1,1,0,0,0,0,0,0,0,0,60,17.21112060546875
4fe89459df0c35d8a6a4af885cfe0875,0,1,1,1,0,0,1,0,0,0,0,0,60,19.85711669921875
4fef04398958522f0acc943cc60372f2,0,1,1,1,0,0,0,0,0,0,0,0,26,13.84588623046875
4ff1d5ce26c19fb82d075663de884559,0,1,1,1,0,0,0,0,0,0,0,0,28,18.64373779296875
4ff25033e4431ea269dcc562ee59e098,0,0,1,1,0,0,0,0,0,0,0,0,33,14.03631591796875
4ff30eab90095fcdb6d092219ecdd858,0,1,1,0,0,0,0,0,0,0,0,0,82,18.26531982421875
4ff387554d68468af092a3378fc58329,0,0,0,1,0,1,0,0,0,0,0,0,36,-3.04962158203125
4ff535553cc719ba0e4a59e591285da8,0,1,1,1,0,0,0,0,0,0,0,0,100,52.91229248046875
5002bcb56c6c00680453ca0628961cb1,0,0,1,0,0,0,1,0,0,1,0,0,30,23.84881591796875
500356cc66fe8e1b04b66059c060ef06,0,1,1,1,0,0,0,0,0,0,0,0,41,59.50799560546875
500f1af1b9d2da34579a6a3814f24942,0,0,1,1,0,0,0,0,0,1,0,1,58,39.18719482421875
500f790787f0bc8c85e10bd309f4ecc9,0,1,1,1,0,0,0,0,0,0,0,0,100,3.38494873046875
5029b81e293c2552302a8cc41ece4e77,0,1,1,1,0,0,0,0,1,1,0,0,46,19.08856201171875
5032ac30edcba1f62517cdfb6d679340,0,1,1,1,0,0,0,0,0,0,0,0,55,15.74822998046875
503ae6fb4a48a9ec6b2e4c1de84c9821,0,1,1,1,0,0,0,0,0,0,0,0,38,8.21795654296875
503d4aee82b49a0db68833e2a1fa7ec8,0,0,1,1,0,0,0,0,0,0,0,0,19,1.18524169921875
503f7e8992cfed6d8a33132fad64f0df,0,1,1,1,0,0,0,0,0,0,0,0,10,3.59930419921875
50414c735e426e67fb9fd713ca7a3d4f,0,0,0,1,0,0,0,0,0,0,0,0,32,15.08026123046875
50416ba8334ff421f05a17b0edc1f1ee,0,1,1,1,0,0,0,0,1,0,1,0,2,14.01287841796875
5050dc7c87865a41ddcab8aaa9bc9ae4,0,0,0,1,0,0,0,0,0,0,0,0,26,31.13446044921875
5055887d92d41b42ca6c9a277470d1b9,0,1,1,1,0,0,0,0,0,1,0,0,39,22.94207763671875
505c156c4e49558f95a9edc5a915f197,0,1,1,1,0,0,0,0,0,0,0,0,45,47.57830810546875
505e6ffed51dce84149a13a9aa14d869,0,1,1,1,0,0,1,0,0,0,0,0,35,15.60028076171875
506629a51ccea9e5a5d194a4de4496e8,0,0,1,1,0,0,0,0,0,0,0,0,44,33.50750732421875
506df6a6470c293c95c82ba61e87fc9a,0,1,1,1,0,0,0,0,0,0,0,0,44,12.25311279296875
50863e3cdab6f9a2bebe9c744a9963d6,0,1,1,1,0,0,0,0,0,0,0,0,36,16.64813232421875
508befee04c48cd24a64b5d5606e9fcf,0,1,1,1,0,0,0,0,0,1,0,0,42,15.91229248046875
5090d73c7f2958a3a2bb6a2f59c513f1,0,1,1,1,0,0,0,0,0,0,0,0,40,16.44354248046875
50935c9be26275ecaaab8f959c2c865e,0,1,1,0,0,1,0,0,0,0,0,0,25,22.09002685546875
509ba669d1b15dc0d31e4529d5e99bff,0,1,1,1,0,0,0,0,0,0,0,0,22,10.11688232421875
509eaf7300ba98d5a65379d3413187ef,0,1,1,1,0,0,0,0,1,1,0,0,32,12.25506591796875
50a85890eec061d3f2c6f0ad13e55c50,0,1,1,1,0,0,0,0,1,1,0,0,29,11.17205810546875
50ad6cd7244d0ab75c98cd0beaae99bf,0,1,1,0,0,0,0,0,0,0,0,0,3,50.86737060546875
50af10419e078e471ed459adeae1105e,0,1,1,1,0,1,0,0,1,1,0,0,32,31.74041748046875
50b2171b14a8570d3425ba8ae4756173,0,1,1,0,0,0,1,1,0,0,0,0,44,5.34979248046875
50c57186f5a64b749385bf7178b9f5d0,0,1,1,1,0,0,0,0,0,0,0,0,22,24.56512451171875
50c706349fc81ba179c90d05a9bbf891,0,0,0,1,0,0,0,0,0,0,0,0,30,12.41912841796875
50c96fba9c7ff981e6387009c304fede,0,0,0,1,0,0,1,0,0,0,0,0,27,13.01727294921875
50caa7c1ba25dfbe649a8a7795f5d4c0,0,1,1,0,0,0,1,1,0,1,1,0,46,5.16815185546875
50cf82fca7dc1c5fcc567af11e14afd7,0,0,1,1,0,0,0,0,0,0,0,0,58,24.54168701171875
50d361bf832674bb5a7c6b7e196a3f56,0,1,1,1,0,0,0,0,1,1,0,0,100,2.95574951171875
50dc1b1a9533ebb9064304fc2f4fe42e,0,1,1,1,0,0,0,0,1,0,1,0,62,21.96990966796875
50e42b1ad0d5fd79e674ee880d4e4bfd,0,1,1,0,0,0,1,1,0,0,0,0,38,21.97821044921875
50ea6ec9af58dd9f0966e1eae7436ebe,0,1,1,1,0,0,0,0,1,0,0,0,27,9.76727294921875
50ecb023e6d62ea3294649df55f67563,0,1,1,1,0,0,0,0,0,0,0,0,31,19.55242919921875
50ef21ee35f099444e775fe6572647be,0,1,1,1,0,0,0,0,0,0,0,0,36,46.05682373046875
50f89a04acdb5b9d596e3046b3b4b381,0,1,1,1,0,0,0,0,0,1,0,0,63,11.82440185546875
51066e2bb5d703c1203e6addc8582696,0,1,1,1,0,0,1,0,0,0,0,0,39,26.53875732421875
5108d2442b51ed7c1d29b7abc9ee4f63,0,1,1,1,0,0,0,0,0,0,0,0,23,13.08514404296875
5108f00b3f7bc051c16d79075cb985c6,0,1,1,1,0,0,1,0,0,0,0,0,59,4.60955810546875
510f6c80e3f26a01b24ba18ba1ea95db,0,1,1,1,0,0,1,0,0,0,0,0,70,13.14666748046875
511c96dd1566a8307ccb67d237464811,0,1,1,1,0,0,0,0,0,0,0,0,60,26.29412841796875
511d79fb5d8f2d641c133cf3bb8be42c,0,0,0,1,0,1,0,0,0,0,0,0,27,31.40447998046875
5130a71b585694927eda397d93a41e4d,0,1,1,1,0,0,0,0,0,0,0,0,34,16.73211669921875
51343064650fa034c293c2adc1fb8923,0,0,0,1,0,0,0,0,1,1,0,0,48,11.40008544921875
51406f21d1fb3995c42efca5f77f7c97,0,1,1,1,0,0,0,0,0,0,0,0,19,8.03338623046875
5143a57743d830172f351751094c92fb,0,1,1,1,0,0,0,0,0,0,1,0,7,24.67498779296875
5148d0c8b5f52a37f81e3c564a4dc9c3,0,0,1,1,0,0,0,0,0,0,0,0,37,5.26434326171875
514e039df929df0efdf10a619be5e505,0,1,1,1,0,0,0,0,0,0,0,0,100,7.63494873046875
5156a388a9347116ceef2010dcc6aa8c,0,1,1,1,0,0,0,0,0,0,0,0,20,16.78973388671875
515e363c056fe31c8db4f6079e29c3fb,0,1,1,1,0,0,0,0,0,0,0,0,31,57.73699951171875
5161cb02bfbfa544c438d0923a48c9d5,0,1,1,0,0,0,0,0,0,1,0,0,45,54.24285888671875
517c4bc46676d81d9fff41a79bf0b807,0,1,1,0,0,0,1,0,0,0,0,0,66,24.14227294921875
517df067102468af6197827bc1449f1a,0,1,1,1,0,0,1,0,0,0,0,0,33,7.04901123046875
517e16c6aac4ee55b6fc14f03569b51a,0,1,1,1,0,0,0,0,0,0,0,0,81,0.50115966796875
51854e044053bd92dabf91b854f29603,0,0,1,1,0,1,0,0,0,0,0,1,25,30.17547607421875
518f082efcd840e2d3e9e2939fcea8db,0,0,0,1,0,0,1,0,0,0,0,0,27,27.96795654296875
51915077c5b20404d96c7afcfa025099,0,1,1,1,0,1,0,0,0,0,0,0,61,-2.39923095703125
51954d9e2ec19a6878dadb2cdd5e6a55,0,1,1,1,0,0,1,0,0,0,0,0,19,0.88739013671875
519954561981fcb646d193ba23c40ffd,0,1,1,1,0,0,0,0,0,0,0,0,13,7.46893310546875
51b0a1bf6357257bacec2f23ccdef260,0,0,1,1,0,0,0,0,0,0,0,0,8,-2.35870361328125
51b6b74a1aa4edde3ccf9c6d26b3ba88,0,1,1,1,0,0,0,0,0,0,0,0,27,10.38690185546875
51b8a49e78e04fd2ef3fef4d1f34e3a6,0,1,1,1,0,0,0,0,0,0,0,0,35,31.14031982421875
51b8e8866fcc9448ee80cb77fd4e4919,0,1,1,1,0,1,0,0,0,0,0,0,28,19.56903076171875
51c30b64c0dfeb44dceab16e9087b80a,0,1,1,1,0,0,0,0,0,0,0,0,27,41.78826904296875
51ccb52b80594d8a66ea103f40500351,0,1,1,1,0,0,0,0,0,0,0,0,67,22.88153076171875
51cffecee8abc9cfa1ea6ba0654fbd1e,1,1,1,1,0,0,1,0,0,0,0,0,7,99.86151123046875
51d27e5d525b159b4ea27400d322ba00,0,1,1,1,0,0,0,0,0,0,0,0,31,22.16229248046875
51d2de230b94bcf13f6ce068b1a41e91,0,1,1,0,0,0,0,0,0,0,0,0,46,23.94842529296875
51da53f9d11ae4e278284341c12b9d6f,0,1,1,1,0,0,0,0,0,0,0,0,100,23.25750732421875
51e550bae40bb4bb9f8c797aa4b2b5cd,0,0,1,1,0,0,0,0,0,0,0,1,43,24.95330810546875
51e685b9c705fc77ed443f3ea11b0386,0,0,1,0,1,0,0,0,1,1,0,0,22,4.83807373046875
51f14fcb3ab798afb243bf646f494d52,0,1,1,1,0,0,0,1,0,0,1,0,33,15.76190185546875
520d2a837d2b26b9653442f2ccf95f7f,0,0,1,1,0,0,0,0,1,0,0,0,42,19.09002685546875
5210b90a3fd468757ed41619a20621c1,0,1,1,1,0,0,0,0,0,0,0,0,28,19.63983154296875
521390ea773af0ce81a2917abe2c1050,0,1,1,1,0,0,0,0,0,0,0,0,28,7.77752685546875
521b6eed8fb10f32b4757fa7cdb3b99a,0,1,1,0,0,0,0,0,0,0,0,0,34,25.00457763671875
521c8652fe13b28cdc060f4bf5a6b70a,0,1,1,1,0,1,0,0,0,0,0,0,100,19.13543701171875
521fcc2cd6d42f4765f70e6642f1373f,0,1,1,0,0,0,0,0,0,0,0,0,11,8.93377685546875
52233c52622fc2a20b38339b3107bf29,0,0,1,1,0,0,0,0,0,0,0,1,27,41.96795654296875
522731115d33b3895375859d1445e81c,0,1,1,1,0,0,0,0,0,0,0,0,41,22.33905029296875
5232dba71b83171119e6f3d649c52f6d,0,1,1,1,0,0,0,0,1,0,0,0,30,17.95819091796875
5234d49ed36b29e23f6ac05cba7fdc61,0,1,1,1,0,0,0,0,0,0,0,0,88,10.71063232421875
523dc74c2b4713eca1f28ea7213a6ec1,0,1,1,1,0,0,0,0,0,0,0,0,69,9.66375732421875
5243cfff5b9bd654d877ee7ce7b96850,0,0,1,0,0,0,1,0,0,0,0,0,28,11.32586669921875
5246638c695e265239793a3db87f508f,0,1,1,1,0,0,0,0,0,0,0,0,23,20.35321044921875
524915645af6dbe517ce95c776a700c0,0,0,1,1,0,0,0,0,0,0,0,1,46,18.83172607421875
5258e41f0408847669bffefaaee056ad,0,1,1,0,0,1,0,1,0,0,0,0,100,10.36297607421875
525990f679122fe34048ee30a1e3b33c,0,0,1,0,0,0,0,0,0,0,0,1,32,18.88885498046875
525fbb9071c231060e5c89a2a5468285,0,1,1,1,0,0,0,0,0,0,0,0,51,41.82733154296875
5262ba8c006d525e9f2902122be99aca,0,1,1,1,0,1,0,0,0,0,0,0,58,18.58123779296875
5264b82edc283a6827810a08789790e2,0,0,1,0,0,0,0,0,0,0,0,1,2,6.21990966796875
5269395e49822c46cbcf036d919585df,0,1,1,0,0,0,0,1,1,1,1,0,29,33.18768310546875
52775d8265693bce6ee8e1ce60b556c0,0,1,1,1,0,0,0,0,1,1,0,0,36,6.85614013671875
52781b4fe3fbc10cc6e7a249fa2856f4,0,1,1,1,0,0,0,0,0,0,0,0,16,12.81903076171875
5281f3aebbebdd736ecb0c143c4aac0c,0,1,1,1,0,0,1,0,0,0,0,0,22,9.14227294921875
5284d603b120184672ef852e9f4e3b6f,0,1,1,1,0,0,0,0,0,0,0,0,8,8.46990966796875
52850fdd7b085fcb145833e54638b1eb,0,1,1,1,0,0,0,0,0,0,0,0,29,19.00604248046875
5289678f2323e8ed782b7603e4a16289,0,1,1,1,0,0,0,0,0,0,0,0,29,20.30780029296875
528efa6243b1d72338e43ed17aa85ac1,0,0,1,1,0,0,0,0,0,0,0,1,32,8.70330810546875
529515a1171af323cc37bcb4f4370718,0,0,1,1,0,0,0,1,0,0,0,1,37,36.02655029296875
52990caff1f81426d57d11ce9f1720ca,1,1,1,1,0,0,0,0,0,0,0,0,30,13.46014404296875
529c31ef4de04fe3baa8d9e7fb6be608,0,1,1,1,0,0,0,0,1,1,0,0,34,21.07147216796875
52a2c78555b7b998b5991c000b27ce59,0,1,1,1,0,0,0,0,0,0,0,0,30,21.37518310546875
52ac2218337f093daf979adc4b16297e,0,1,1,1,0,0,1,0,0,0,0,0,29,1.21502685546875
52b4bb54c4c50da59f7ef0b9db755f5d,0,1,1,1,0,1,0,0,0,0,0,0,20,0.02850341796875
52b666c8b095f62bda7224c2544daf93,0,1,1,1,0,0,0,0,0,0,0,0,21,13.73699951171875
52bafa50d781c1dcbefc0c7e1d470358,0,1,1,1,0,0,0,0,0,0,0,0,71,29.11737060546875
52c02aa87be33136763a04250dcba361,0,0,0,1,0,0,0,0,0,0,0,0,26,13.76043701171875
52c0d84a72892b7bd6bdeb3233d0b89f,0,1,1,1,0,1,0,0,0,0,0,0,38,9.03094482421875
52c15aa2404178fdb3df48fbe49e767f,0,1,1,1,0,0,0,0,0,0,0,0,30,10.63934326171875
52d2297bf728c4d68500d420a36ffab1,0,1,1,1,0,0,0,0,0,0,0,0,79,4.07196044921875
52e08ddfede0e218486564b67e1f2a36,0,1,1,1,0,0,0,1,0,0,0,0,18,5.18963623046875
52e2d72fd0fb99a6209c585b6fea1fdc,0,0,1,1,0,0,0,0,1,1,0,1,48,57.43963623046875
52e5f10d439ac32d60b2db2ae8816d80,0,1,1,0,0,0,0,0,0,1,1,0,19,43.68182373046875
52e9e6244b83b7d7cbe3dd4dc11070a7,0,1,1,1,0,0,0,0,0,0,0,0,24,32.19989013671875
52ea9f850ea73ae04af062912f7d8ff2,0,1,1,1,0,0,0,0,0,0,0,0,86,24.59686279296875
52fbece224521740111434ea4d069b2e,0,1,1,1,0,0,0,0,1,0,0,0,14,9.17352294921875
52fd55af4911b61c61634a7e1e92ab4d,0,1,1,1,0,0,0,0,0,0,0,0,25,42.86639404296875
530250861069ed9b379437f91dbdfac8,0,1,1,1,0,0,0,0,0,0,0,0,81,18.19793701171875
53034db095500ad5921605b60368930e,0,1,1,1,0,0,1,0,0,1,0,0,34,8.97235107421875
5304914e7245c1114febee81399c1570,0,1,1,0,0,1,0,1,0,0,0,0,47,30.99188232421875
530517231bd355f4bcf012219bfab8f2,0,0,1,1,0,0,0,0,0,0,0,1,55,26.79754638671875
530816e11c39e9d9857b67446a0b51e9,0,1,1,1,0,0,1,0,0,0,0,0,35,15.19158935546875
530af55497a4a40789044aa86b89ad49,0,1,1,0,0,0,0,0,0,0,0,0,29,20.57635498046875
530b27a2a05b480194d3c32da89dbcb1,0,1,1,1,0,1,0,0,0,0,0,0,30,12.36346435546875
53124065a6cfa65f8e61ea6bff349cc2,0,1,1,1,0,0,0,0,0,0,0,0,17,27.10565185546875
5326acc66c2a41bdf451e11b3dc39553,0,1,1,1,0,0,0,0,0,0,0,0,33,30.47821044921875
532b9387c18844ac32eed70aab6e1ccd,1,1,1,1,0,0,0,0,0,0,0,0,42,24.43231201171875
533382b8decd161da11c4a5e2db9dcc1,0,0,0,1,0,0,0,0,0,0,0,0,14,31.89276123046875
53349b74d557a3f33e146a41ba986c36,0,1,1,1,0,0,0,0,1,0,0,0,31,-1.98614501953125
5345070cfd4c6caa1270c24ae8dd7c93,0,1,1,1,0,1,0,0,0,0,0,0,29,18.22479248046875
5346ee3fc5ed2556d139565c173326f2,0,0,1,1,0,0,0,0,0,0,0,1,43,18.28094482421875
5349f165d61aba7c482987f1c6f19838,0,1,1,1,0,0,0,0,0,0,0,0,29,13.26287841796875
535893d095e7e378373e329032787805,0,1,1,1,0,0,0,0,0,0,0,0,42,47.04656982421875
535e65a06eaadaac46252e04e8f6f29f,0,1,1,1,0,0,0,0,0,0,0,0,46,17.46307373046875
5371dee68d147db183e486b91ad89695,0,1,1,1,0,0,0,0,0,0,0,0,27,13.73944091796875
5373f53f2def752eb39f428032ebdeb6,0,1,1,1,0,0,0,0,0,0,0,0,39,23.78143310546875
537a3d51673ed08b2cb62f620e351126,0,1,1,1,0,0,0,0,0,0,0,0,49,9.72772216796875
538075cbd64dcd53fcca5bcf5a6d3cea,0,1,1,1,0,0,0,0,1,1,0,0,21,10.51385498046875
53839d7bf89b3e390feba9f46053ef46,0,1,1,0,0,0,1,0,0,0,0,0,30,40.66864013671875
539640132ea40117c9457f6dac3776d9,0,1,1,1,0,0,0,0,0,0,0,0,27,24.44989013671875
539880b8ba2334b1dcb9d8a3eefba76b,0,1,1,1,0,0,0,0,0,0,0,0,24,12.01531982421875
539901a9d028375e6f717e959f55ea0e,0,0,0,1,0,0,0,0,0,0,0,0,23,11.08514404296875
5399b48b105b1dfe0400feeea3078846,0,1,1,1,0,0,0,0,0,0,0,0,25,34.79461669921875
539a3b4c5a5dd14df1df7aab985448bf,0,1,1,1,0,0,0,0,0,0,0,0,34,21.21453857421875
539b8a68e18972da605b25534a533511,0,0,1,1,0,0,0,0,0,1,0,1,22,26.09051513671875
539cee632a2f396f59fd9aabd8c246b4,0,1,1,1,0,0,0,0,0,0,0,0,2,49.21063232421875
53a673db165a9806d085e35be26a2120,0,0,0,1,0,0,0,0,0,0,0,0,28,56.88299560546875
53a9354bdaa8d60ef4a25a795ddc23fe,0,0,1,0,0,0,1,0,0,1,0,0,96,45.98602294921875
53aaefce5438f01288cfe466f5185c3c,0,1,1,1,0,0,0,0,0,0,0,0,27,25.73846435546875
53b2dca046e54e5e4b314b84938ae898,0,1,1,1,0,0,0,0,0,0,0,0,28,27.06072998046875
53b536999aecd800cfda720f3ca363cb,0,1,1,1,0,0,0,0,0,0,0,0,1,18.07440185546875
53b7c4186b9d57941a2bd900e1b061c4,0,0,0,1,0,0,0,0,0,0,0,1,28,18.70574951171875
53bc4bbea40ec53dc1a8337df544b1a6,0,1,1,1,0,0,0,0,1,1,0,0,22,23.36151123046875
53cf35ad7366a9eeaec18394e710f0e6,0,1,1,1,0,0,0,0,0,0,0,0,62,17.86248779296875
53da99d7f666b37004717e283c46f32f,1,1,1,1,0,0,0,0,0,0,0,0,15,5.93817138671875
53e4741aa9b1f1226c5a8162485a6f6c,0,1,1,1,0,0,0,0,1,0,0,0,24,10.97967529296875
53e5ea66ab79756a802b7fd0020e743c,0,1,1,1,0,0,0,0,0,0,0,0,9,6.71356201171875
53e9c2d8de46534d252f26f6bcb27838,0,1,1,1,0,1,0,0,0,0,0,0,53,12.34979248046875
53f0a1dfd482161d425feb8e7e7eeff8,0,0,1,1,0,0,0,0,0,0,0,1,42,53.50946044921875
53f434a51266778ba2845036d0ec7cb2,0,1,1,1,0,0,0,0,0,0,0,0,51,2.76776123046875
540aefbd669f201418ce60f614ee82e8,0,1,1,1,0,0,0,0,0,0,0,0,28,15.43768310546875
540e1e9b56a611fd13ca1a53eeb5700b,0,1,1,1,0,0,0,0,0,1,0,0,3,14.09002685546875
540f3702f9705920f3c38ecd80949260,0,1,1,1,0,0,0,0,0,0,0,0,24,10.28387451171875
5417d0aae7693482d36ca70d51acd965,0,1,1,1,0,0,0,0,0,0,0,0,40,15.00067138671875
5420b57c1919dd790746b5acb0d52e69,0,1,1,1,0,0,0,0,0,0,0,0,26,8.39715576171875
54303722a3ee3b92217f29cd231bfa6f,0,0,1,1,0,0,0,0,0,0,0,0,76,11.32635498046875
54339dbf96017e9df995ee4558d01caf,0,0,1,1,0,0,0,0,0,0,0,0,6,10.81707763671875
54365e73125b462cb6033d5dfcc4e3c6,0,1,1,1,0,0,0,0,0,0,0,0,30,46.68280029296875
54458c2215cc7d8005d941c361bed609,0,0,1,0,0,0,1,0,0,0,0,1,37,10.58026123046875
544779553fdf00c156ac60d140c915ce,0,1,1,1,0,0,0,0,1,1,0,0,42,8.71990966796875
544a2d25632e7953d2a61bf9213d9aa3,0,0,1,1,0,0,0,0,0,0,0,1,25,19.02410888671875
544b41108b6884766f81cd8ddcf89e37,0,1,1,1,0,0,0,0,0,0,0,0,44,16.26141357421875
544d7ca33e50fed500d7194e85124c3f,0,0,1,1,0,0,0,0,0,0,0,1,2,44.94940185546875
544e19d3ce6e5d1285acf4788700ce5a,0,0,1,1,0,0,0,0,0,0,0,0,27,11.20037841796875
544fecc89249d8665a6c0154f1acd73b,0,0,1,1,0,0,0,0,0,0,0,1,19,27.57489013671875
54563ff51aa70ea8c6a9325c15f55399,0,1,1,1,0,0,1,1,0,0,1,0,10,25.64031982421875
547121d00b57972a5f690b470a23eaa8,0,1,1,1,0,0,0,0,0,0,0,0,25,17.94793701171875
5476fb4a1164deb3400381470b252363,0,0,1,1,0,1,0,0,0,0,0,1,32,27.32440185546875
547a5f63977e06eec5e277fc7875058f,0,1,1,1,0,0,0,0,0,0,0,0,22,5.23895263671875
547c30b487c71b7e25a30de9e008b6ae,0,0,0,1,0,0,0,0,1,1,0,0,10,28.80145263671875
547caf2f2196e2178424278777eb21f2,0,1,1,1,0,0,0,0,1,1,0,0,39,14.15838623046875
547cbad1376c5ea9f20865a785a9f83a,0,1,1,0,0,1,0,1,0,0,0,0,22,6.98162841796875
547e443edbf94b3646ff110324846bae,0,1,1,0,0,0,1,0,0,0,0,0,27,20.48260498046875
548794a8f39d72c913ac2766dd5aeac1,0,1,1,1,0,0,0,0,0,0,0,0,22,20.92938232421875
5487d9e25d3b58d098ef1825d6261b0a,0,1,1,1,0,0,0,0,0,0,0,0,77,11.21356201171875
548b4b231b0d52c4ed7ddcf83e0b6ea2,0,1,1,1,0,0,0,0,0,0,0,0,35,10.87176513671875
548bbfe7244945139d4fb2a25b5e0955,0,1,1,1,0,0,0,0,1,1,0,0,2,51.73553466796875
548be75315a4cdd5942f7b23ddebf34f,0,1,1,1,0,0,1,0,0,0,0,0,49,37.71600341796875
548fbfa9919cb954b38c7259e8495841,0,1,1,1,0,0,0,0,1,1,0,0,43,19.62371826171875
54977bf2ca43e79c371f1cef1cf3fc01,0,0,1,0,0,0,1,0,0,0,0,0,37,10.71697998046875
54985e3fae563b15a362da9f3307b563,0,1,1,1,0,0,0,0,0,0,0,0,91,18.81854248046875
549916ffd3b55277fb21bd37afe2a216,0,1,1,0,0,0,1,0,0,0,0,0,38,23.79949951171875
5499c3450adf5dcdd5cf094c40a610cb,0,1,1,1,0,0,0,0,0,0,0,0,43,12.50506591796875
549e5bcbda309530792f69e2235f08bf,0,1,1,1,0,0,0,0,0,0,0,0,22,13.64178466796875
54a06cf9a72be99406e0193251a7dae0,0,0,0,1,0,0,0,0,0,0,0,0,35,26.93768310546875
54a5e5c6c422bfdc0ad1be6641c51f02,0,1,1,1,0,0,0,0,0,0,0,0,31,18.98065185546875
54b3fcd098cf36945de9d06e24bbeddf,0,1,1,1,0,0,0,0,0,0,0,0,31,10.22381591796875
54b50edfc296698e4906eff41b12b3ed,0,1,1,1,0,0,1,0,0,0,0,0,33,23.40350341796875
54ba5d6ad992b8d8edf4ce41cacc497b,0,1,1,0,0,0,1,0,0,0,0,0,43,10.96795654296875
54c0b030dae2ef67c0a2650362318c1b,0,1,1,1,0,0,0,0,0,0,0,0,34,27.84100341796875
54c9c55e64307993c72902b3c7add977,0,1,1,1,0,0,1,0,0,0,0,0,76,13.02850341796875
54d4890bee68bac3c5f9e88317864618,0,1,1,0,0,1,0,1,0,0,1,0,17,31.08660888671875
54d75b8f66ca9479f1908b0ddb2f164c,0,1,1,1,0,0,0,0,0,0,0,0,38,11.17401123046875
54d94b0f4fc2bfe05de409928412319e,0,1,1,1,0,0,0,0,0,0,0,0,36,13.45428466796875
54dc248ead070688c9e0daf89907d03b,0,1,1,1,0,0,0,0,0,0,0,0,64,20.61639404296875
54e66d4d0772b8b8d0489004378bef3f,0,0,0,1,0,0,1,0,0,0,0,0,22,38.93280029296875
54edd86bac34f4e6ddac2e8c1cb7f229,0,1,1,1,0,0,0,0,0,0,0,0,37,8.81854248046875
54edeba08823bf6a4ee8ba968ac351c7,0,0,1,1,0,0,0,0,0,0,0,1,43,14.91278076171875
54ef90ca5972af9ebdb54fb5fcd67552,0,0,1,1,0,0,1,0,0,0,0,1,35,21.08221435546875
54f27083a47ebaffdec7af0a4859ff85,0,1,1,1,0,0,0,0,0,0,0,0,23,27.39324951171875
54fea3ae98640505fd31904e05e2a1ec,0,0,1,1,0,0,0,0,0,0,0,0,99,26.77606201171875
5500bb60bbabc6143eb7ca721eac843e,0,1,1,1,0,0,0,0,1,1,0,0,28,11.61981201171875
55054956bada87574110611b25e70644,0,0,0,1,0,0,1,0,0,1,0,0,30,23.77069091796875
5509258825158c07cd62528e09478c42,0,1,1,1,0,0,0,0,0,0,0,0,31,25.21307373046875
5512fe590629a6966d38a241179889b1,0,1,1,1,0,0,0,0,0,0,0,0,32,7.75946044921875
55159f25bc5697dfdbef327486baa68a,0,0,1,1,0,0,0,0,0,0,0,0,69,25.58856201171875
551c34b9e29ec230c57671a45368b6cf,0,1,1,1,1,1,0,0,0,0,0,0,26,6.25115966796875
551f605f8f2415db69d5f5e750deedae,0,1,1,1,0,0,0,0,0,0,0,0,5,9.12860107421875
5523fb132e770fa737c05438cb81e1d3,0,1,1,1,0,0,0,0,0,0,0,0,21,13.49822998046875
5526044f14afed83c06b8c12b24e4fd4,0,1,1,1,0,0,0,0,0,0,0,0,16,26.61785888671875
552e462411e38b721a7a729abf839958,0,0,0,1,0,0,0,0,0,0,0,0,48,27.95721435546875
5530a8903ca2bad287090d59d6b9f720,0,1,1,1,0,0,0,0,0,0,0,0,54,3.53582763671875
553da0e3e45cc999d6a41f5214d7129a,0,0,0,1,0,0,0,0,1,0,0,0,26,14.63494873046875
554b19adc114ac107175c2115347136a,0,1,1,1,0,0,1,0,0,0,0,0,49,16.17791748046875
554bda115618f06c0cccc09c9ec549c3,0,1,1,0,0,0,0,0,0,0,0,0,30,29.12225341796875
55521992ad6215df8b423a767cc7a3c6,0,1,1,1,0,0,0,0,0,0,0,0,24,25.07049560546875
555b694f51ae06552493692a94cf9167,0,1,1,1,0,0,0,0,1,1,0,0,34,16.10223388671875
555e9ac5c3620688ce989072334420ee,0,1,1,1,0,0,0,0,0,0,0,0,17,22.22479248046875
5588a9d6d1e50701ba4bd0739c04692e,0,1,1,1,0,0,0,0,0,0,0,0,21,11.82928466796875
558ba034b95afa2b220938aa3fe64f35,0,0,0,1,0,0,0,0,0,0,0,0,63,41.07684326171875
5590c3337c2f9c36a4abadd62699632b,0,1,1,1,0,0,0,0,0,0,0,0,27,24.54364013671875
559fec764af5832e9159e7fc2718cc5e,0,0,1,0,0,0,0,0,0,1,0,0,3,0.18035888671875
55a2b1bf4ea8bd1c368f8763bcd45d31,0,1,1,1,0,0,0,0,0,0,0,0,26,17.87274169921875
55a3f1b949d2093eb1d72086e3b8c913,0,1,1,1,0,0,0,0,0,0,0,0,50,33.36151123046875
55aafd1d144888a9b35f0911d9bd5904,0,0,1,1,0,1,0,0,0,0,0,0,88,9.69354248046875
55b4054e2d833a2342a1e6a5d06e5599,0,1,1,1,0,0,0,0,0,0,0,0,37,31.74237060546875
55b90868c311740686d2314fb1bd19a7,0,0,1,0,0,0,1,0,0,1,0,0,28,9.22869873046875
55c3c36fd485501cc1bfd69da2b91f4b,0,1,1,1,0,0,0,0,0,0,0,0,16,24.67156982421875
55c480d6721fd0e62eac0e652b68f473,0,1,1,1,0,0,0,0,0,0,0,0,18,20.44549560546875
55c932621ebbe72c847243182823ee11,0,1,1,1,0,0,0,0,0,0,0,0,24,44.77117919921875
55cb18bfe641205c242a7ac74fc267a7,0,0,0,0,0,0,0,0,0,0,1,0,24,33.21307373046875
55cca07f24acd96e53c84077bcb8eaff,0,1,1,1,0,0,0,0,0,0,0,0,39,14.62030029296875
55d0a3dddd7f55c2e0a669746d1af6fa,0,1,1,1,0,0,1,1,0,0,0,0,31,10.48211669921875
55d459dd0b3d2ee1f0b533bb084a432c,0,0,1,1,0,0,0,0,0,0,0,1,58,40.88787841796875
55dc81f3714166a49d39557ccc86d410,0,1,1,1,0,0,1,0,0,0,0,0,28,33.12957763671875
55ea5117fac6d0d840a661b1c8ac74ff,0,1,1,1,0,0,0,0,0,0,0,0,26,29.11737060546875
55f6c72062ed652ecafc9317868b9216,0,0,0,1,0,0,0,0,0,0,0,0,17,13.44158935546875
55fdfad91fd898dbbf5ffe26c445c5e3,0,1,1,1,0,0,0,0,0,0,0,0,22,24.98895263671875
56003bb77f13da19a13a604db53481cd,0,1,1,1,0,0,0,0,0,1,1,0,41,19.75555419921875
5607cd63e89f5f721d7ac504d4a15e7f,0,1,1,1,0,0,0,0,1,1,0,0,40,18.79119873046875
560e0eee9dbe1134305c6c02d59446d0,0,1,1,1,0,0,0,0,0,0,0,0,40,46.75555419921875
56127592695d9c4de05ebbba0a5790ea,0,0,1,0,0,1,1,1,0,0,1,1,37,32.63592529296875
561c1f4171b2f2ead08558bb43ee44bf,0,1,1,1,0,1,0,0,0,0,0,0,33,15.67547607421875
56237f3775069bdf055442f0a8e25676,0,1,1,1,0,0,0,0,0,0,0,0,33,40.29412841796875
562c19b150a2ad83c75a22fb81e6513a,0,1,1,0,0,0,0,0,0,0,0,0,2,23.56658935546875
563054c6e1fa212b86fa224dd1cf2476,0,1,1,1,0,0,0,0,1,1,0,0,76,27.26922607421875
563245cb99f77fa9fa6324225f589364,0,1,1,1,0,0,0,0,0,0,0,0,33,3.34686279296875
5636d0d73274408016e9198fe4571b50,0,1,1,1,1,0,0,0,0,0,0,0,26,16.01092529296875
5642e0ae3b27d5f903b0ed9fbfe07723,0,1,1,1,0,0,0,0,0,0,0,0,36,21.20477294921875
56534b5f348743975ae71a03bed9539a,0,1,1,1,0,0,0,0,1,0,0,0,40,2.83221435546875
5666f28cb77de7fce62c9409b8aa85ab,0,1,1,1,0,0,0,0,0,0,0,0,72,24.44891357421875
5668277d9b8c103334dc8c83149fca99,0,1,1,1,0,1,0,0,0,0,0,0,47,9.77264404296875
5676093cec451e5775cef7db70639446,0,1,1,1,0,0,0,0,1,1,0,0,33,34.83514404296875
56776171def028a2651cca06de049827,0,1,1,1,0,0,0,0,0,1,0,0,46,46.93231201171875
56777798db053e223f1eadcd94ecba25,0,0,1,1,0,0,0,0,1,0,0,0,35,13.83026123046875
567c91a0efdc6c4dc8e0e7b897a9c043,0,1,1,1,0,0,0,0,0,0,0,0,25,23.46893310546875
567d71000fbd85086009ee94649f7973,0,1,1,1,0,0,0,0,0,0,0,0,28,6.70233154296875
567e08455f77bea4f2b61ac740fb3aba,0,0,1,0,0,1,0,0,0,0,0,0,24,26.54364013671875
5685ddaa23cd1d9726892e9e128bf613,0,1,1,1,0,0,0,0,0,0,0,0,81,17.87908935546875
569469fc9cf1af31fd56a626633fa520,0,0,0,0,0,0,1,0,1,1,0,0,46,22.99530029296875
56a3025b4e5a02786970d59d0b0bbad4,0,0,0,0,0,0,1,0,0,0,0,0,21,12.32147216796875
56a32623b2ad4f32612b2bf4b97e87de,0,1,1,1,0,1,0,0,0,0,0,0,43,13.20233154296875
56a70ba7ec36c250bc8cf727599fcac2,0,0,1,1,0,0,0,0,1,0,0,0,30,6.29901123046875
56aa49c5dff52ec575491f23d832d914,0,1,1,1,0,0,1,0,0,1,0,0,9,8.60955810546875
56b15f5bbeb5827a634d43029b47403d,0,1,1,1,0,0,0,0,0,0,0,0,29,21.42791748046875
56b2fe6c2b3816c435a77dd906f5ae0b,0,1,1,1,0,0,0,0,0,0,0,0,23,33.15594482421875
56b5ac6c7f8f6dd02d63e88dfed3c503,0,1,1,1,0,0,0,0,0,0,0,0,27,9.88836669921875
56b61709ac9cbb8b3ec6a92377c2f99a,0,1,1,1,0,0,0,0,0,0,0,0,40,9.55487060546875
56b62604a23f361b6be886bf919c3f56,0,1,1,1,0,0,0,0,1,0,0,0,100,27.75555419921875
56b65e10df46ec2971291a5acc8cf794,0,1,1,1,0,0,0,0,0,0,0,0,62,13.65789794921875
56bcd7e7323b99d77366e095bc5e463b,0,1,1,1,0,0,0,0,0,0,0,0,32,17.07000732421875
56beef90dcb2be968173a1e4f3c8f9e4,0,1,1,1,0,0,0,0,0,0,0,0,31,41.47869873046875
56d2520534f44fa7838a296d236e668a,0,1,1,1,0,0,0,0,0,0,0,0,49,44.52020263671875
56d6e1030ed9dbcb05ef0865ade86639,0,1,1,0,0,0,0,1,1,1,1,0,8,25.62713623046875
56da144f9de748317953d624aa99b545,0,1,1,1,0,0,0,0,0,0,1,0,31,10.10906982421875
56dbcc0d40f8a5f68bda72ced015186f,0,0,1,0,0,0,0,0,1,1,0,1,72,55.32098388671875
56ebd11b19d5f23755ed4111e241a598,0,1,1,1,0,0,0,0,0,0,0,0,66,18.02313232421875
56ed321842535aea41b19bb26e8e2dde,0,1,1,1,0,0,0,0,1,1,0,0,15,14.71942138671875
56f43f28d69c193544627d7bed5c8f81,0,1,0,1,0,0,0,0,0,0,0,0,29,23.88543701171875
56fe4dcc7586a18ec83fc142c1d91fb5,0,0,1,1,0,0,1,0,0,0,0,0,43,36.03875732421875
56ffc7b3e96b839b3caeb0c6cab88277,0,0,1,1,0,0,0,0,0,0,0,0,48,32.84881591796875
5702123abf059cc2f3d98534e30f06de,0,0,1,1,0,0,0,0,1,1,0,1,30,-2.51446533203125
570fb2f0560a963330172b82715b136a,0,1,1,0,0,0,1,0,0,0,0,0,24,17.36346435546875
571fc82b2cadea3887252cb72628b5e9,0,1,1,1,0,0,0,0,1,1,1,0,47,25.01239013671875
57254beb50c5961626469be87f2a981d,0,0,0,0,0,0,1,0,0,0,0,0,41,8.10418701171875
57270eb48bc462f1ec242f8eab50071e,0,1,1,1,0,0,1,0,0,0,0,0,35,14.22576904296875
572d54d32a8467ff6a27c8274f200d0b,0,1,1,1,0,0,0,0,0,0,0,0,100,16.05780029296875
572f14605e84a9ec1054848f9669302e,0,1,1,1,0,0,0,0,0,0,0,0,100,4.37518310546875
57358d9a2046be304a8c9817c7369f49,0,0,0,1,0,0,0,0,0,0,0,0,38,31.35760498046875
57411d9a6b0552ae0d1b54898d2c329a,0,1,1,0,0,0,0,1,1,1,1,0,36,5.22186279296875
574356b5a2b44bfae3ce5cd44fc40fac,0,1,1,1,0,0,0,0,0,0,0,0,22,50.54998779296875
5745ac21dbb4d02e2959f5104d408036,0,1,1,1,0,0,0,0,0,0,0,0,63,13.86053466796875
574e8afe7bf1e6ed48178b94268f7097,0,1,1,1,0,0,0,0,0,0,0,0,32,1.51483154296875
576eeb1e6affcb57ba52591762e0c659,0,1,1,1,0,0,0,0,0,0,0,0,81,2.71209716796875
5772f335fb6686d90ca3143a69657831,0,1,1,1,0,0,0,0,0,1,0,0,60,8.25115966796875
5777b3d62ae0aa7204a5d60f2c1e6c9d,0,1,1,1,0,0,0,0,0,0,0,0,27,14.49725341796875
57876877a2c9a853aa70cd751f661968,0,1,1,1,0,0,0,0,1,0,0,0,36,8.05291748046875
5790c1c4cf08bf966b84b1a39e419b63,0,1,1,1,0,0,0,0,0,0,0,0,40,13.43084716796875
5794f77b804134ac7b19d76f34f3bb81,0,1,1,1,0,0,0,0,0,0,0,0,30,27.45330810546875
57b2b8ff99036a13919ea7876e9f1ee1,0,0,1,0,0,0,1,0,0,0,0,0,28,22.66180419921875
57b493fe2d83d5090bd7e788142f118a,0,1,1,0,0,0,0,1,1,1,1,0,27,8.94061279296875
57b4f890d6922669d1ab393c8a9da4b7,0,1,1,1,0,0,0,0,0,0,0,0,71,54.98358154296875
57c8b42a4d7156e5821bad460727b0a8,0,0,1,1,0,0,0,0,0,0,0,0,17,35.37420654296875
57ccf9961707a6ef3266d0e45a5d93d1,0,1,1,1,0,0,0,0,0,0,0,0,73,11.13543701171875
57d1fa3893dae0c5406894b0b30368d5,0,1,1,1,0,0,0,0,0,0,1,0,39,22.83416748046875
57d5176c74db9c221dd3a4c867d6b255,0,1,1,1,0,0,0,0,0,0,0,0,45,5.74090576171875
57d82cc9403bdeab16b51a747b50230c,1,1,1,1,0,0,0,0,0,0,0,0,30,39.53826904296875
57d8748f4bbd19dc3d2e4b47d44bfc74,0,0,1,0,0,0,1,0,0,0,0,1,36,23.24725341796875
57e3c956115e5ddfa2a9215913502d77,0,0,1,1,0,0,0,0,0,0,0,0,28,18.57196044921875
57f2a1b56085c96ee74b504b9c19fc3f,1,1,1,1,0,0,0,0,0,0,0,0,45,17.12664794921875
58029f7428a35db19d1c4694465c2de2,0,1,1,1,0,0,0,0,1,0,0,0,93,17.80535888671875
58092dab3d8cb12ce71750f8b00159d6,0,1,1,1,0,0,0,0,0,0,0,0,45,16.97772216796875
580da567a3cd9f48a89badb6b62e8400,0,1,1,1,0,0,0,0,0,0,0,0,34,13.41717529296875
5819663e40bdedae1e63678ada61ffa2,0,1,1,1,0,0,0,0,0,0,0,0,18,11.89666748046875
581c6b9ce1024c992aa19f2d86938261,0,1,1,1,0,0,0,0,0,0,0,0,42,35.29510498046875
58204effd450b87cd5ffce9c9da6d58c,0,1,1,1,0,0,0,0,0,0,0,0,44,34.23309326171875
5824650843f28851a6c81296679e230f,0,1,1,1,0,0,0,0,0,0,0,0,25,16.37176513671875
5824ad1db8dcdb32fe9a090b34982755,0,1,1,1,0,0,0,0,0,0,0,0,60,23.69256591796875
582eeabd4a448a53ebb79995888a4b0b,0,1,1,0,0,0,0,0,0,0,0,0,29,33.63446044921875
58321de1ff3d0afdba00c1992c15f92b,0,1,1,1,0,0,0,0,0,0,1,0,19,14.07244873046875
5840bff96ae3cb3d5ee634178668b8ef,0,1,1,1,0,0,0,0,0,0,0,0,25,24.24774169921875
58437107d3b7f8e9e0b41dd79d223bed,0,0,1,1,0,0,0,0,0,0,1,1,13,59.54998779296875
5843c912979816806767091964ea66cb,0,1,1,1,0,0,0,0,0,0,0,0,45,10.49041748046875
584a47fa95912b05347895b024dd52e8,0,1,1,1,0,0,0,0,0,0,0,0,35,8.50360107421875
585eaeca2213251c7b63b837013202f2,0,1,1,1,0,0,0,0,0,0,0,0,2,11.05633544921875
5866337e225f9ccaa9c89a0f0209417d,0,1,1,1,0,0,0,0,0,0,0,0,100,32.00408935546875
58665f64bfadd627f6b016b738a281ce,0,1,1,1,0,0,0,0,0,1,0,0,37,-1.13604736328125
586fa21557f6038791111af11a88826d,0,0,1,1,0,0,0,0,0,0,0,0,33,4.54119873046875
587c58bb1bc45cd903c18a3554b83c72,0,1,1,1,0,0,0,0,0,0,0,0,100,5.92791748046875
588a1bf2182a3799721230041d675d19,0,1,1,1,0,0,0,0,0,0,0,0,68,23.14764404296875
588bcb35c673d495fe634828c0941bfc,0,1,1,1,0,0,0,0,0,0,0,0,25,9.85760498046875
588f44660b48ffd72b69b2dd4abcfb9d,0,1,1,1,0,0,1,0,0,0,0,0,3,14.87713623046875
5890bcbe5839dc9bee96e2a6c30ee457,0,1,1,1,0,0,0,0,0,1,0,0,32,19.45672607421875
589286d5bfdc1b26ad0bf7d4b7f74816,0,0,1,1,0,0,0,0,0,0,0,0,29,15.42596435546875
589c07dffc767a0bb44bdaa457c2374c,0,0,1,1,0,0,0,0,0,0,0,0,51,15.88787841796875
589c8e8837e5fd71fccc264870ff23f6,0,1,1,1,0,0,0,0,0,0,0,0,41,5.08465576171875
58a2851e08e31360628221ebe7dc0c93,0,1,1,1,0,0,0,0,1,1,0,0,48,34.59979248046875
58a57cde1634eed48bf48f6845d7cb71,0,0,0,0,0,0,1,0,0,0,0,0,31,23.27166748046875
58b63c25c86a40f2120cf2f8f1237fa2,0,1,1,1,0,0,0,0,0,0,0,0,5,22.52264404296875
58ca6ecdca7940fac254da35650c1908,0,1,1,0,0,0,0,0,0,0,0,0,12,4.95477294921875
58cd74b7b137136b6dc8b2f4042c553d,0,1,1,0,0,0,0,0,0,0,0,0,50,28.37322998046875
58d85cfa3304c8ec23c91f0a5571f184,0,1,1,1,0,0,0,0,0,0,1,0,89,57.75457763671875
58e098c96fa6949ae55d0d8d8b389dcb,0,1,1,1,0,0,0,0,0,0,0,0,26,28.42254638671875
58e1f7ed030b1d70e3016fe5da459a4d,0,1,1,1,0,0,0,0,1,0,0,0,29,8.02166748046875
58e3f137c2465c34b2cc2ec2cc088175,0,0,0,0,0,0,1,0,0,0,0,0,41,19.78192138671875
58e43b1db3084d2bae09aa8ff65c9480,0,1,1,1,0,0,0,0,0,0,0,0,50,13.21990966796875
58eaacb177355d472aa0a2ee03c8b61c,0,1,1,0,0,0,0,1,0,0,1,0,12,49.63787841796875
58f224706e3cdafad7cb7acdd06c0346,1,1,1,1,1,0,0,0,0,0,0,0,12,16.14178466796875
58fcd15fc13f270666239c330b74c59e,0,0,0,0,0,0,0,0,0,1,0,0,28,34.10467529296875
58ff5aa3d2e4c27ab8d734d084701fb3,0,1,1,1,0,0,0,0,1,0,0,0,30,25.74432373046875
59019c88749731bced127fc0c6c3981e,0,1,1,1,0,0,0,0,0,0,0,0,26,13.42742919921875
5906e2fe7fbbf37af6469807d604157d,0,1,1,1,0,0,0,0,0,0,0,0,22,11.97479248046875
59090dc7d908cb541712b992a9eb597e,0,0,0,1,0,0,0,0,0,1,1,0,41,22.79412841796875
59099abcf28a97710845f10549c09855,0,1,1,1,0,0,0,0,0,0,0,0,54,43.24383544921875
5914bcf38eebf4d459896f7419a2f6c5,0,1,1,0,0,0,0,0,0,0,0,0,58,13.60076904296875
5917b105190684d7f06bf24d01e01092,0,1,1,1,0,1,0,0,0,0,0,0,39,45.89862060546875
591c040fc6e4e5fe0e2741e84977f421,0,0,1,1,0,0,0,0,0,0,0,0,43,13.84442138671875
591fcda3f55cdb4687f8ff3ce7258f72,0,0,0,1,0,0,0,0,1,1,0,1,20,12.82049560546875
592562893e1f28696b73850db29e2680,0,1,1,1,0,0,0,0,0,0,0,0,10,20.25213623046875
59269b3d890e3cbd1f850af25a020075,1,1,1,1,0,0,0,0,0,0,0,0,41,1.84735107421875
5928cef559c719afbf062dee87569036,0,1,1,1,0,0,0,0,0,0,0,0,23,23.03631591796875
592a1c08e55867eed840f459f8b035a0,0,0,1,1,0,0,0,0,0,0,0,0,27,9.35125732421875
592b4d430d03c94ae007b455a02121a8,0,1,1,1,0,0,1,0,0,1,0,0,27,15.15545654296875
592fdd2282ab0dad710d51555521451e,0,1,1,1,0,0,0,0,0,0,0,0,34,7.84588623046875
59335a7f66ad3a60a13ad93ddb0acff8,0,0,0,1,0,0,1,0,0,0,0,0,38,16.17889404296875
59351752da40a561928e899dad257fdc,0,1,1,1,0,0,0,0,0,0,0,0,86,21.76141357421875
593935527e34f0c7d1797dd3890b4268,0,1,1,1,0,0,0,0,0,0,1,0,7,13.22137451171875
593a7230f0500acf3e024ef9e937f355,0,1,1,0,0,0,0,0,0,0,0,0,44,52.50604248046875
59547e755b8664f7e884789e9636e294,0,1,1,1,0,0,0,0,0,0,0,0,20,10.17010498046875
595c641cd62ab4f862a375a759371771,0,1,1,0,0,0,1,0,0,0,0,0,36,20.56658935546875
596486fbaf066d1c79a94426724cb3f7,0,1,1,0,0,0,1,0,0,1,0,0,58,24.72381591796875
5988763f72db654577b4c58724823f8a,0,1,1,1,0,0,1,0,0,0,0,0,5,23.13690185546875
598c6ba285e78f9eda83dd2fed58ff3d,0,1,1,1,0,1,0,0,0,0,0,0,45,41.05291748046875
598d36a52afc43436de0803a387f6fdb,0,1,1,1,0,0,1,0,0,0,0,0,31,34.39910888671875
5990c5201535e6f13a28ddbef1881ac0,0,0,1,1,1,0,0,0,0,0,0,1,96,27.35223388671875
5991a9d7b2dc7e166b0ad75e00b19853,0,0,1,1,0,0,0,0,0,0,0,1,27,35.42059326171875
59955f0bde9a9ec4904ff22aa9d408a3,0,1,1,1,0,0,0,0,0,0,0,0,32,10.31268310546875
59a1af1569ca8e52bc4d2743595cb286,0,1,1,1,0,0,0,0,1,1,0,0,34,16.01580810546875
59a731fa9cb1458f930614489d31a812,0,1,1,1,0,0,1,0,0,0,0,0,34,10.48846435546875
59a9187a36c2f3d060544cf55bcd9c56,0,1,1,1,0,0,0,0,0,0,0,0,50,25.05242919921875
59a951dca906bcae07d1ffb5d7c07ac3,0,1,1,0,0,0,1,1,0,0,0,0,71,3.64276123046875
59af5064411bea4d97c3e8209ee2602d,0,1,1,1,0,0,0,0,0,0,0,0,47,2.92694091796875
59b050a49c7a10c72daf19e30bde4bda,0,1,1,1,0,1,0,0,0,0,0,0,39,20.74481201171875
59b3e4a3c4fe0f1f56cb7741100e7a30,0,1,1,1,0,0,0,0,1,0,0,0,55,12.52264404296875
59b87354b2b2805b332218a87e08db5d,0,0,0,1,0,0,0,0,0,0,0,0,70,18.39422607421875
59b9803f03aac98240cc28ea2c29ac1b,0,1,1,0,0,0,0,1,0,0,1,0,31,21.93426513671875
59c2b8245c8d8b6149bbe5353e6dd038,0,1,1,1,0,0,0,0,0,0,0,0,53,7.69696044921875
59c4f6ea2ef54377ac3ece86947b3854,0,0,1,1,0,0,0,0,0,0,1,1,30,52.14080810546875
59ca850fd808a478a6c4c2e049e0c296,0,0,0,0,0,0,0,0,0,1,0,1,12,27.91229248046875
59d3ba1c4def3970b5a957f88e53d75b,0,1,1,1,0,0,1,0,1,1,0,0,33,7.87274169921875
59d631fa930b27d79fe46f703f48463c,0,1,1,1,0,0,1,0,0,0,0,0,31,32.63104248046875
59eb624f10cb8b147f61f0a790bc215a,0,1,1,1,0,0,0,1,0,0,0,0,24,23.95086669921875
59ef0190cb6a6020bc0c4469bda83bba,0,1,1,1,0,1,0,0,0,0,0,0,24,50.80291748046875
59f3faf5aabd8faf1a8faaa8ac14557e,0,1,1,1,0,0,0,0,0,0,0,0,36,9.25799560546875
59fca491d576127a94ecadcd02d9f95f,0,1,1,1,0,1,0,0,0,0,0,0,48,55.87176513671875
5a05b53babea048f959ff1e4d55b76dd,0,1,1,1,0,0,0,0,0,0,0,0,29,13.09344482421875
5a0fe3e0ed980163fb39818f7ddf1ec5,0,1,1,1,0,0,0,0,0,0,0,0,76,1.62957763671875
5a1079f986b8d914fce142b1b7ad29a2,0,1,1,1,0,0,0,0,0,0,0,0,99,15.39862060546875
5a1696b5d24e6bf9eef53ff7c59386da,0,1,1,1,0,0,1,0,0,0,0,0,41,26.27410888671875
5a1b03d08d37172a445ca6fb57d4e834,0,0,1,1,0,0,0,0,0,0,0,0,41,23.26824951171875
5a1d3c3125793871fbb0a468fe3b4c27,0,1,1,1,0,0,0,0,0,0,0,0,25,39.21014404296875
5a221fedbcf7c8c1e1e55da77684dfdb,0,1,1,1,0,1,0,0,0,0,0,0,25,33.26287841796875
5a22c19ce1f3a3ceee0694304152ecae,0,1,1,1,0,0,0,0,1,1,0,0,44,21.32781982421875
5a22ef922553afd624159c16c311f49f,0,1,1,1,0,0,0,0,0,0,0,0,32,15.65057373046875
5a23a8e25531d2bbaf682682b82b1822,0,1,1,1,0,0,0,0,0,0,0,0,78,20.68719482421875
5a336dd5e2f4f8ea627bd2342c3f509f,0,1,1,1,0,0,0,0,0,0,0,0,50,34.90643310546875
5a43fb15659288c7460aafd767c2e707,0,1,1,1,0,0,0,0,0,0,0,0,31,15.88885498046875
5a4fbacb6c4bed214674f995378bac26,0,1,1,1,0,0,0,0,0,0,0,0,42,25.96453857421875
5a5c229e1340c0da7798b26edf86d180,0,1,1,1,0,0,0,0,1,1,0,0,38,5.20770263671875
5a5fc3a434959615472a0117168d4dea,0,0,1,1,1,0,0,0,0,0,0,0,52,24.49920654296875
5a63dc3c4ab58ba8563a36f8e89f989b,0,1,1,0,0,0,0,1,0,0,1,0,26,15.23504638671875
5a642ecc14e9c57a05b8e010414011f2,0,1,1,1,0,0,0,0,0,0,0,0,37,-0.21856689453125
5a6af88a73537d70dd1ae9b31352a1d2,0,1,1,1,0,0,0,0,0,0,0,0,46,36.89862060546875
5a71085507876fe5c41b017a676ab406,0,1,1,1,0,0,0,0,0,0,0,0,30,10.76336669921875
5a73262a6a95919335a95866e6a51c9a,0,1,1,1,0,0,0,1,1,1,0,0,3,14.13299560546875
5a7f421f64e85306cdac6b0b1c92ad41,0,1,1,1,0,0,0,0,0,0,0,0,32,25.69110107421875
5a7fa7cfeb8d5e32116574e6be7ecb6a,1,1,1,0,0,0,0,0,0,0,0,0,27,1.30926513671875
5a814445d3792d829136daa3a61d0cad,0,0,1,1,0,0,0,0,0,0,0,1,15,42.61346435546875
5a81def55cb5ecdb5b9702bf2eef45dc,0,1,1,1,0,0,0,0,0,0,0,0,40,40.01727294921875
5a90e9cea19c754ed549f0361a788dca,0,1,1,1,0,0,0,0,0,0,0,0,22,2.07635498046875
5a9261b7e1ce292196adaaf6656998d6,0,1,1,1,0,0,0,0,0,0,0,0,31,34.01092529296875
5a97e9ff1a81fd348ee6c180e42d3442,0,1,1,1,0,0,0,0,1,1,0,0,2,15.01092529296875
5a98ab1f9451c48b209b05850b15497e,0,1,1,1,0,0,0,0,0,0,0,0,20,6.38006591796875
5a9979c8dc4e93ed108a83fb58b235b8,1,1,1,1,0,0,0,0,0,0,0,0,31,-0.06524658203125
5a9e0e76c86f476ebe1a27b580e0087e,0,1,1,1,0,0,0,0,0,0,0,0,34,32.63787841796875
5a9e4fc702dd1886d94a40c7101aaab0,0,1,1,1,0,0,0,0,0,0,0,0,41,14.68719482421875
5a9f7840edffede06e6597a08533e75a,0,1,1,1,0,0,0,0,1,1,0,0,29,35.42205810546875
5ab43130f4fc2579e686d06920e5b938,0,1,1,0,0,0,0,0,0,0,0,0,35,20.39178466796875
5adade808ca90b9ab8e28166c069fdb0,0,0,1,1,0,0,0,0,0,1,0,0,51,38.53875732421875
5ade07341cf55db8e90eef73f48c5972,0,1,1,1,0,0,1,0,0,1,0,0,32,30.74041748046875
5ae06da78f8133e6861d33471c2e2f0c,0,1,1,1,0,0,0,0,1,0,0,0,50,31.19989013671875
5ae52d0adbe09251fed8cbf83367e0f8,0,0,0,0,0,0,1,0,0,1,0,0,31,33.36688232421875
5ae81d72e6ecc57894c26ca0b23969ba,0,1,1,1,0,0,0,0,0,0,0,0,38,7.32928466796875
5af842cac6adca42b99220719a4b4893,0,1,1,1,0,0,0,0,0,0,0,0,56,18.80780029296875
5aff34b4c901a0811ec832a6bf9d7391,0,1,1,0,0,0,0,1,0,0,0,0,30,23.54071044921875
5aff77dfa9c0bf538abdf1e294461c4b,0,1,1,0,0,0,0,0,0,0,0,0,34,9.74725341796875
5b01f12a0be5c0880c2f28c3d4233b33,0,1,1,1,0,0,0,0,0,0,0,0,33,15.02557373046875
5b0bc29cd6794dab2ff2fef08afce79a,0,1,1,0,0,0,0,0,0,0,0,0,32,32.57928466796875
5b0c97961bb9717145bb73238f722ba4,0,0,0,1,0,0,0,0,0,0,0,1,100,46.92352294921875
5b17159829c5ab7c5ab6fd6dc4369bd3,0,1,1,1,0,0,0,0,0,0,0,0,24,22.13201904296875
5b17d95d89d516391fe6b8cbdfcd838a,0,1,1,1,0,1,0,0,0,0,0,0,29,30.89764404296875
5b19ca7edf5838a876d627844d3efdf9,0,1,1,1,0,0,0,0,0,0,0,0,47,14.20623779296875
5b1ab33c055e4b7cc4149d76afc84906,0,1,1,1,0,0,0,0,1,1,0,0,23,31.09588623046875
5b224913c2b8e5114e2144ca6af67788,0,1,1,1,0,0,0,0,0,0,0,0,48,14.46795654296875
5b2298b9e109ef72259f48934a87d9f8,0,1,1,1,0,0,0,0,0,0,0,0,50,5.18475341796875
5b248923b6e2bdb460914ac56444e868,0,1,1,1,0,0,0,0,0,0,0,0,23,19.89520263671875
5b2e027a8261ff1929bda1b6c1652619,0,1,1,1,0,0,1,0,0,0,0,0,24,-2.39581298828125
5b309362723a65221484444f8c093b7c,0,1,1,1,0,0,0,0,1,1,0,0,46,23.86541748046875
5b32dd47f84238bd19a437fefdb46dc6,0,1,1,1,0,1,0,0,1,0,0,0,39,24.17987060546875
5b34b9a0ffe8909fbe1c986120129f5e,0,1,1,1,0,0,1,0,1,0,0,0,21,4.77655029296875
5b3ad9dd26676852ccf36a9a50b25926,0,0,0,1,0,0,1,0,0,0,0,1,40,58.85906982421875
5b3d4029ceaef9d69863520d29a5945f,0,1,1,1,0,0,0,0,0,1,1,0,17,26.77801513671875
5b4025578f0ba880ceba31d35a8835d1,0,1,1,1,0,0,0,0,0,0,0,0,36,8.80535888671875
5b5359b9ef5e63104d46a7a4c429704f,0,1,1,1,0,0,0,0,0,0,0,0,27,16.25653076171875
5b55bb5e2a8eb5709e33014c685da735,0,0,1,1,0,0,0,0,0,0,0,0,34,14.34490966796875
5b642648d499ec86150548efeec6952c,0,1,1,1,0,0,0,0,0,0,0,0,4,13.16522216796875
5b71654dde0180aecb35dfca9cafd2a3,0,1,1,1,0,0,0,0,0,0,0,0,2,19.67694091796875
5b7d545a73050690048209b22f0383d9,0,1,1,0,0,0,0,0,0,0,0,0,58,-3.47003173828125
5b7db1a545d1e220305c9fda79f6fb76,0,1,1,1,0,0,0,0,0,0,0,0,11,24.47967529296875
5b7ef21807ac6a51df6eff9b2c215781,0,1,1,1,0,0,0,0,0,0,0,0,28,21.43280029296875
5b7f7f3d4e9456133982628a6f2ce2e8,0,1,1,1,0,0,0,0,0,0,0,0,28,20.20184326171875
5b83e09ccff27b7580104614ba971c75,0,1,1,1,0,0,0,0,0,0,0,0,34,14.13201904296875
5b85da8dcece42ae8b930c07e78eee4e,0,1,1,1,0,0,0,0,0,0,0,0,54,5.12322998046875
5b8e57be214683504d970524a885b144,0,0,1,1,0,0,0,0,0,0,0,0,30,14.06951904296875
5ba420e9a64a23c6cd814ce9bdae838d,0,1,1,1,0,0,0,0,0,0,0,0,39,16.91424560546875
5ba8552892fbfc08335f2e26f69436a8,0,1,1,1,0,0,0,0,1,1,0,0,53,25.05242919921875
5bb61d8ad68f9189ab323fb70b9fc343,0,1,1,1,0,0,0,0,0,0,0,0,60,11.18670654296875
5bbef435b2fbc7df5876618d63ad9c79,0,1,1,1,0,0,0,0,0,0,0,0,66,12.09197998046875
5bc329ef071cac469accecad6239715d,0,0,1,1,0,0,0,0,0,0,0,1,34,8.79705810546875
5bc3f6d8b348699d587c6479d8ed5ef5,0,1,1,1,0,0,0,0,1,1,0,0,100,20.67303466796875
5bc4ff3cbbd39a6b3444f2453eeb5b6a,0,1,1,1,0,0,0,0,0,0,0,0,7,13.65838623046875
5bc8955c23dba2619d10626afdf44653,0,1,1,1,0,0,0,0,0,0,0,0,23,23.65496826171875
5bc8fe31c136617245350af6387ca8ea,0,1,1,1,0,0,1,0,0,0,0,0,16,17.46990966796875
5bcaa0f8599bccd43438ddfdac6249ad,0,1,1,1,0,0,1,0,0,0,0,0,21,6.45916748046875
5bcd16a14c59e7e473c2870d7934ba93,0,0,1,1,0,0,0,0,0,0,0,0,25,16.36346435546875
5bce25ad01d41cc570661fe8dc83ac35,0,0,1,0,0,0,0,0,0,0,0,0,57,41.18670654296875
5bce854e153d1ad2fa4385bcce1eb883,0,1,1,1,0,0,0,1,0,0,0,0,51,24.45135498046875
5bd0515d8c61072e1cf48b9574db09dc,0,1,1,1,0,0,0,0,1,1,0,0,23,12.88983154296875
5bd16c123d3dbba98925d0a9a86dd95c,0,1,1,1,0,1,0,1,0,0,0,0,33,48.81658935546875
5bd268c858636ac17022096905166e2c,0,0,0,1,0,0,0,0,0,0,0,0,49,23.66131591796875
5bd36065040b580695a4562770840b92,0,1,1,1,0,1,0,0,1,0,0,0,26,2.81268310546875
5bd373beaaf49e5719c8fcf3271d0a8a,0,1,1,1,0,0,0,0,0,0,0,0,22,13.96356201171875
5be7877152b9a1c70d22e05721c8eb39,0,1,1,1,0,0,0,0,0,0,0,0,24,22.60125732421875
5bf2ec07252103203c6977c61903b088,0,1,1,1,0,0,0,0,0,0,0,0,27,23.30487060546875
5c04855bfa7235f492779986c4fab66c,0,1,1,1,0,0,0,0,0,0,0,0,33,12.87908935546875
5c056c1b935537c4beb920902c615e61,0,1,1,1,0,0,0,0,0,0,0,0,88,16.62078857421875
5c189a6f523919cc6f5b2ba3c3c052f5,0,1,1,1,0,0,0,0,1,1,0,0,34,37.55389404296875
5c19efa02d103dbeeb0f96aa9acd27f7,0,1,1,1,0,0,0,0,0,0,0,0,77,10.38592529296875
5c1f9e484633b723592ac4bea3003534,0,0,0,1,0,0,0,0,0,0,1,1,20,19.22918701171875
5c2d09354a56442732eea76005f7da46,0,1,1,1,0,0,0,0,0,1,1,0,42,32.79559326171875
5c31b0017b6833938f14cfd213a2ce3a,0,1,1,1,0,0,0,0,0,0,0,0,76,16.50604248046875
5c39866693bda99bf238d7da7319f108,0,0,1,1,0,0,0,0,0,0,0,1,34,37.12908935546875
5c3a6efd0cc0224627bf7e654430da72,0,1,1,1,0,0,0,0,0,0,0,0,51,16.60662841796875
5c3ecbb5bfdf3cc7d503ff77baf082ac,0,1,1,1,0,0,0,0,0,0,0,0,62,11.97039794921875
5c3ff1feb7b716b7843370e6870fad9a,0,1,1,1,0,0,0,0,0,0,0,0,15,27.14227294921875
5c4053c25af9f1dc4096fee73b69c1da,0,1,1,1,0,0,0,0,0,0,0,0,40,25.51971435546875
5c4140f8793b3b95200cd8fcc97ee49e,0,1,1,1,0,0,0,0,0,0,0,0,100,15.62713623046875
5c421a1ca2606211273f9b73c8b2bc3d,1,1,1,1,0,0,0,0,0,0,0,0,71,-0.33184814453125
5c49009fcc37440bf1734786be1e23ce,0,1,1,1,0,0,0,0,0,0,0,0,35,12.51434326171875
5c4ae380390c120e93cafe3a50d1d540,0,0,0,0,0,0,1,0,0,0,0,0,85,37.71014404296875
5c4da5068fa3c754aebcc30afe4df0e6,0,1,1,1,0,0,0,0,0,1,0,0,24,34.37469482421875
5c51b8d674c8215ea8df371c36885280,0,1,1,1,0,0,0,0,0,0,0,0,30,14.28875732421875
5c53889ae1dc6833401910e708763410,0,1,1,1,0,0,0,0,0,0,0,0,35,8.75213623046875
5c53a6a6c26a2666e3fb774c3ed4c62d,0,1,1,1,0,0,0,0,1,0,0,0,21,17.94158935546875
5c57a65ffeee726aacfd741b941ec7cb,0,1,1,0,0,0,1,0,0,1,0,0,35,17.80682373046875
5c5ef6c253819e76472d21c4de95c361,0,1,1,1,0,0,0,0,0,0,0,0,42,15.63739013671875
5c6dea3e4c53662c80ac0187a42dc7b4,0,1,1,1,0,1,0,0,0,0,0,0,22,24.62322998046875
5c71332c57047711f67b013418f29c77,0,1,1,1,0,1,0,0,0,0,0,0,31,28.83221435546875
5c736b9e97fce993dc1c8b9f451618cb,0,1,1,1,0,0,0,0,1,1,0,0,43,14.72283935546875
5c852c2b524bd2f8c0b4ae8987975ca8,0,1,1,1,0,0,0,0,0,0,0,0,26,14.16278076171875
5c8b0a6f61a958582fef7e16c451d9c5,0,0,1,1,0,0,0,0,0,0,0,0,47,11.38690185546875
5c92632f868cbaa817676f077979d3be,0,1,1,1,0,0,0,0,1,0,0,0,100,19.09588623046875
5c9693af5e565dec057593d79cd7a49e,0,0,1,1,0,0,0,0,0,0,0,0,20,18.50360107421875
5c9938cd6e56c670606b16e7418ac9e5,0,1,1,1,0,0,0,0,1,1,0,0,58,37.92498779296875
5c9cceadf6e8eb379bd0348e7487dc35,0,1,1,1,0,0,0,0,0,0,0,0,17,38.49920654296875
5c9e8549fe290ce88033ec4eb2a82987,0,1,1,1,0,0,0,0,0,0,0,0,79,46.14813232421875
5cb1fa9f440deb0afa57d95330a541f8,0,1,1,1,0,0,0,0,0,0,0,0,37,34.14373779296875
5cb454512994a4a5893b091b468745a5,0,0,1,1,0,0,0,0,0,0,0,0,26,14.55828857421875
5cb51597f614a910c66a4f17d6f55780,0,1,1,1,0,0,0,0,0,0,0,0,22,24.70037841796875
5cb580b648058511113220b35e97da5c,0,1,1,1,0,0,0,0,0,0,0,0,51,25.16278076171875
5cbe0738428a2add517709dc9499fdf7,0,0,0,1,0,0,0,0,0,0,0,0,14,14.52801513671875
5cca97d82a507cf56336bbfda84631f3,0,1,1,1,0,0,0,0,0,0,1,0,42,43.27459716796875
5cdfcde761b32b3c70c384b3af64e10b,0,0,1,1,0,0,0,0,0,0,0,1,34,22.15301513671875
5ce0c9702c15d98ebc8bda5d112c5d04,0,1,1,1,0,0,0,0,0,0,0,0,42,36.80877685546875
5ce3f64da02414bc89acb42a189af771,0,0,1,1,0,1,0,0,1,0,0,0,43,20.04168701171875
5ce8ccd7d6bf57e9574b3cc4a1b39f19,0,1,1,0,0,0,0,0,0,0,0,0,31,15.43963623046875
5ce9efd81adfc5cb69538817b23b78cc,0,1,1,1,0,0,0,0,1,0,0,0,13,12.99578857421875
5cf350700853e43316c7e23bc9ed25be,0,1,1,1,0,0,0,0,0,0,0,0,32,8.63592529296875
5cf4b204ae5cc9211b634b353fb97751,0,1,1,1,0,0,0,0,1,0,0,0,23,15.90252685546875
5cf5d48f1c8ae2f8767527f98e445c3e,0,1,1,1,0,0,0,0,0,0,0,0,42,14.17596435546875
5cfb3c22c723757dc7148cddb8e869b6,0,1,1,1,0,0,0,0,0,0,0,0,27,24.16571044921875
5d052bd533a90fc69069da275573bc41,0,1,1,1,0,0,0,0,0,0,0,0,57,35.88250732421875
5d08e72785dbbc06c31527ddbc3687b7,0,1,1,1,0,0,0,0,1,1,0,0,21,17.08514404296875
5d11374d83e264a43f5cac8f84e36203,0,1,1,1,0,0,0,0,1,0,0,0,42,34.10565185546875
5d13cce85fc7ca8b98a5849155282454,0,1,1,1,0,0,0,0,0,0,0,0,15,32.47283935546875
5d194a8a20fd60a888bda8be97b32039,0,1,1,1,0,0,0,0,0,0,0,0,34,6.39813232421875
5d1b96986912bef5bbb46db713955069,0,1,1,1,0,0,1,0,0,0,0,0,85,16.97967529296875
5d1c79c57b2065c14f22bd81a57deb17,0,1,1,1,0,0,0,1,0,0,0,0,45,9.61102294921875
5d1e33935bdfa4126fa2bf963e39d460,0,0,0,1,0,0,0,0,0,0,0,0,31,19.23455810546875
5d1f60a09d22f52a61ba15969c14ce8e,0,0,1,1,0,0,0,0,0,0,0,0,84,13.67498779296875
5d1ff2cc5b1fb724d314b337b77ed32d,0,1,1,1,0,0,0,0,0,0,0,0,29,16.20184326171875
5d207eaed9049a43370477528f35761c,0,1,1,1,0,0,0,0,0,0,0,0,30,16.59002685546875
5d25296eda181290203decfc8ee9a116,0,1,1,0,0,1,0,0,0,0,0,0,23,27.76971435546875
5d266df5bcfa91fb543cbd3ce8a3ef51,0,0,1,1,0,0,0,0,0,0,0,1,26,44.90887451171875
5d320cef403e2470271b7b0913779c4c,0,1,1,1,0,0,1,0,0,0,0,0,41,35.54949951171875
5d3cad382779089629a8d7077d0feeba,0,1,1,1,0,0,0,0,0,1,1,0,40,26.38690185546875
5d3dab5b3c5738d6afa0c27cd3da1875,0,1,1,0,0,0,0,0,1,0,0,0,28,10.48748779296875
5d3de7530c7c82be45ba8a09c88e3caf,0,1,1,1,0,0,0,0,0,0,0,0,48,20.28485107421875
5d45817c0a27255f45d2f4df4d021e8f,0,1,1,1,0,0,0,0,0,0,0,0,37,22.81268310546875
5d4974a46ba2acd968082339d824b8fa,0,1,1,1,0,0,0,0,1,1,0,0,25,11.42889404296875
5d4abfe31dd3cab87520300bcea91feb,0,1,1,1,0,0,0,0,1,1,0,0,36,30.74481201171875
5d4b51b279d779e76ce69ebf7f4d64de,0,1,1,1,0,0,0,0,0,0,0,0,25,19.10272216796875
5d4b86b111d61ed852a3dc8837110f45,0,1,1,1,0,0,0,0,1,1,0,0,45,9.29217529296875
5d4cc1a6c0055014dfa35974b678fe0f,0,1,1,1,0,0,0,0,0,0,0,0,50,-7.70196533203125
5d53a131aec8f989f0c3d0d30a294b55,0,1,1,0,0,0,0,0,0,0,0,0,52,10.47674560546875
5d552ddc6724a6fff9cbe27151f200b4,0,0,1,1,0,0,0,0,0,0,0,0,40,25.12762451171875
5d586a4934c60dd505626cbb8a44d12a,0,1,1,1,0,0,0,0,0,0,0,0,36,11.45526123046875
5d6339677bbfec7daf8892293455dfd9,0,1,1,1,0,0,1,0,0,0,0,0,64,17.51531982421875
5d66f1a62e9ef6bb60c5cea950306864,0,1,1,0,0,0,1,0,0,0,0,0,43,28.96209716796875
5d6788a07054510276458da0054ded4c,0,1,1,0,0,0,1,0,0,0,0,0,44,38.32733154296875
5d685d89ebcee618de14335b5031242e,0,0,1,1,0,0,0,0,0,0,0,0,40,18.52899169921875
5d6e5ea7130f273aa974bd930a77f298,0,1,1,1,0,0,0,0,1,1,0,0,60,15.08465576171875
5d72923d2145d7e65427e48d5eee0660,0,0,1,0,0,0,0,0,0,0,0,1,13,31.05975341796875
5d76e1cb99cebe17a9ddaac36a9ef08f,0,1,1,1,0,0,0,0,0,0,0,0,22,13.00506591796875
5d7c55787d9fb13f1d62f2646de9545c,0,1,1,1,0,0,0,0,0,0,0,0,23,59.00457763671875
5d7d42f0c98fa9e9965d7d0d559b6b81,0,1,1,1,1,1,0,0,0,0,0,0,66,7.22283935546875
5d88d79d07eba2b946e6901f20924611,0,0,0,1,0,0,0,0,1,0,0,0,54,22.56561279296875
5d96ec931ef123bf37d3e6e64e12ed2f,0,1,1,1,0,0,0,0,1,1,0,0,78,16.93524169921875
5d97fe62039c0fac19952d77199f209e,0,1,1,1,0,0,0,0,0,0,0,0,35,14.87176513671875
5d9f64732624b12a798fe35e40c829cf,0,1,1,1,0,1,0,0,0,0,0,0,41,16.43377685546875
5da97b511389a1b62ef7a55b0a19a532,0,1,1,1,0,0,0,1,1,1,1,0,42,19.16229248046875
5dadbfa60882b172cc2f0710aaefb9f1,0,1,1,1,0,0,0,0,0,0,0,0,25,43.04705810546875
5dbcead852503306b096e3fec777c707,0,1,1,1,0,1,0,0,0,1,0,0,20,21.86053466796875
5dc1d012537fa0476f3e9210cb331016,0,1,1,1,0,0,0,0,1,0,0,0,32,13.89471435546875
5dc506356b542ab748e52d10325b68ac,0,1,1,1,0,0,0,0,0,0,0,0,12,17.88348388671875
5dc661b5ca5387631c265fededbab4e3,0,1,1,1,0,0,0,0,0,0,0,0,49,14.60418701171875
5dc661f2587c5fe81656df3be45d59f9,0,1,1,1,0,0,0,0,0,0,0,0,100,16.88934326171875
5dc85cd881e9352aff9c9114b8974d4b,0,0,0,0,0,0,0,0,0,0,0,1,22,30.80584716796875
5dc8a1e1af74dcf1b8578f235fcd5f07,0,1,1,1,0,0,0,0,1,1,0,0,26,20.29315185546875
5ded9fd8bc020abfe01effba46a46126,0,1,1,1,0,0,0,0,0,0,0,0,26,11.23651123046875
5df81375bb444d9adf1fbe8108a8b08b,0,1,1,1,0,0,0,0,1,1,0,0,20,11.19891357421875
5df928c468bdddc0c5964238309a3dc0,0,1,1,1,0,0,1,0,0,0,0,0,22,4.60125732421875
5dfc4ba17915aa6a43015c251d289a7d,0,1,1,1,0,0,0,0,0,0,0,0,51,10.54217529296875
5e05bcd4edeee9cebba66d66bca043f5,0,1,1,1,0,0,0,0,1,1,0,0,13,34.74285888671875
5e0b11aa094a51878163dd9732c66966,0,0,1,1,0,0,0,0,0,0,0,1,38,26.99432373046875
5e0cda5de31c8f96a369646b7b60f4d9,0,0,0,1,0,0,1,0,0,0,0,0,20,10.57928466796875
5e1514ccd4f75358ac67693ee9d281a2,0,0,1,0,0,0,0,1,0,1,0,0,60,51.38885498046875
5e159ec567ffb4a8121c235305557f96,0,0,0,0,0,0,0,0,0,0,0,0,25,10.88153076171875
5e1a107f1f714592cd96d3e1329cab27,0,1,1,1,0,0,0,0,0,0,0,0,38,11.54705810546875
5e2d861bac1350350a7a412892755802,0,1,1,1,0,0,0,0,0,1,0,0,30,36.76336669921875
5e2de24fbbbe29eb8a526deafb84c10d,0,0,0,0,0,0,1,1,0,0,0,0,27,28.35321044921875
5e304bc0681d9ff3f9f3a58a3b43e91e,0,1,1,1,0,0,1,0,0,0,1,0,8,6.43426513671875
5e3051021b8f490caecdbee7cdaff9b7,0,1,1,1,0,1,0,0,0,0,0,0,16,7.36444091796875
5e34864230486d73078395e62e33de1b,0,0,0,1,0,0,0,0,0,0,0,0,22,16.35174560546875
5e3f2f9525910cd81b6d43c8399b8855,0,1,1,1,0,0,0,0,0,0,0,0,70,19.73651123046875
5e488d40b4d052148cc372e4f1cac6c1,0,1,1,0,0,0,0,1,0,0,1,0,23,18.81951904296875
5e4ad94196a137a3e243292a3e71ef3d,0,0,0,1,0,0,0,0,1,0,0,0,20,17.27362060546875
5e5000f589599fc190a5bd09173d4b4c,0,1,1,1,0,0,0,0,0,0,0,0,70,41.03729248046875
5e50309c48398ecbac4b89f6903c0c6c,0,1,1,1,0,0,0,1,0,0,0,0,19,2.33563232421875
5e5350a73b8f03bc5b0f096e491c58d7,0,1,1,1,0,0,0,0,0,0,0,0,30,11.36541748046875
5e6723cefd90d545752ca28bd5645a3a,0,1,1,1,0,0,0,0,0,0,0,0,19,20.34051513671875
5e86f065e0fc5283ee808e86cee9b5ab,0,0,1,1,0,0,0,0,0,1,0,0,26,26.11981201171875
5e86f858cf18930e131b8c5a93fea90d,0,1,1,1,0,0,0,0,0,0,0,0,100,1.07830810546875
5e88f0cc39968fc071f8f4d1758b8a0e,0,0,1,1,0,1,0,0,0,0,0,0,40,14.24920654296875
5e9710156dcff227545f71000b6e371c,1,1,1,1,0,0,0,0,0,0,0,0,2,28.42596435546875
5e9b84d54e944772192933bc947b87e1,0,1,1,1,0,0,0,0,0,0,0,0,64,39.95819091796875
5ea699b97942c65f74ca3a6c2c8240c6,0,0,1,1,0,0,0,0,0,0,0,0,50,38.58660888671875
5eae363a69bce115829870cc4b44c567,0,1,1,0,0,0,0,0,1,0,0,0,27,-5.94757080078125
5eb0209809949c08e9a442933637f4b5,0,0,1,1,0,0,1,0,0,0,0,1,11,29.72381591796875
5eb65e89a6caf7a28b5bb49dc02eb9d5,0,0,1,1,0,0,0,0,0,0,0,0,23,17.05877685546875
5eb95f0853c8b35fcea6c2aefb263963,0,1,1,1,0,1,0,0,0,0,0,0,70,9.39227294921875
5ec5ae4a559fa603f4878376b81c6e50,0,1,1,1,0,0,0,0,0,0,0,0,100,10.27655029296875
5eca8e50fe1019cfef978bd47348c6ad,0,1,1,1,0,0,0,0,0,0,0,0,25,29.58026123046875
5ecb974f852a98744d30a2944d682d23,0,0,1,1,0,0,0,0,0,0,0,0,22,32.06903076171875
5ecc4f48286ad088cb43f7255962d917,0,0,1,1,0,0,0,0,0,0,0,0,11,34.70672607421875
5eceaad25a193d854f1f669c41749233,0,1,1,1,0,0,0,0,0,0,0,0,28,19.53192138671875
5ecfcc815a01a8f77201dbf73493ffb7,0,0,1,1,0,0,1,0,0,0,0,0,35,14.46502685546875
5ed0029576e5704f65a0d274ce868023,0,1,1,1,0,0,0,0,0,0,0,0,15,10.93914794921875
5ed082e6c782c25288dbb466ebcaa5e5,0,1,1,1,0,0,0,1,0,0,1,0,37,23.32244873046875
5ed703625358248bd44694498fcf8dff,0,1,1,1,0,0,0,0,0,0,0,0,31,11.36346435546875
5ed72e070597957197d7c2f8b54a15d6,0,0,1,1,0,0,0,0,0,0,0,1,36,22.53485107421875
5ee49f85ad49cae6f424cf8b33e7e15f,0,1,1,1,0,0,0,0,0,0,0,0,38,18.36102294921875
5ee606dfd740ca246d0033299bdd722b,1,1,1,1,0,0,0,0,0,0,0,0,71,13.30194091796875
5ee7222232abdd49a1ee386b4e74a226,0,0,0,1,0,0,0,0,0,0,0,0,19,11.75848388671875
5eebdcbfaedfe27f654e0f3954eb02b9,0,1,1,1,0,0,0,1,0,0,1,0,53,23.47528076171875
5ef1b1249de5a6972c785431e7d204e6,0,1,1,1,0,0,0,0,0,0,0,0,26,29.79412841796875
5ef4ccc612559c963e9dab89b3d9738e,0,1,1,1,0,0,0,0,0,0,0,0,31,12.00799560546875
5ef5e2ce40c6f92c6f06377fec431a83,0,1,1,1,0,0,1,0,0,0,0,0,40,45.07293701171875
5ef6749da92db82e1104d52c48e1d24d,0,1,1,1,0,0,0,0,0,0,0,0,21,12.65350341796875
5ef7ba98fc97917aec56ded5d5c2b099,0,1,1,1,0,0,0,0,0,0,0,0,47,37.50408935546875
5ef9c30927a4cc55bc074c2486e9cb08,0,1,1,1,0,0,0,0,0,1,0,0,28,37.86932373046875
5efae210242226ca5fdff33ca634a984,0,1,1,1,0,0,0,0,0,0,0,0,31,37.50604248046875
5f01eb594486886e4f763ff792ee7eda,0,1,1,1,0,0,0,0,0,1,0,0,42,27.02899169921875
5f0bac05ecd899af99193449a87e4fb0,0,0,0,0,0,0,0,0,0,0,0,0,13,9.26873779296875
5f0f49ec2f95f9cccb8d9814c194e434,0,0,0,0,0,0,0,0,0,0,0,1,15,28.03192138671875
5f16cc86d48473058e1e3808bc451829,0,1,1,1,0,0,0,0,0,0,1,0,17,19.22821044921875
5f1dfc3290b10cb22cf2fb16d79ef95d,0,0,1,1,0,0,0,0,0,0,0,1,19,12.39276123046875
5f28e6de3c8e3ccd506f01922ed11872,0,0,1,1,0,0,0,0,0,0,0,0,37,19.03094482421875
5f39e97929dd8af29f1864057219664a,0,1,1,1,0,0,0,0,1,1,0,0,36,11.10516357421875
5f3a12886a9751727ab78240bd3a5bb6,0,1,1,1,0,0,0,0,0,0,0,0,15,9.52752685546875
5f3b9de69cee9a48ca8d009b25fe2505,0,1,1,1,0,0,0,0,0,0,0,0,28,9.35174560546875
5f402149bf9dbd003a32f17dbfa8e15c,0,1,1,1,0,0,0,0,0,0,0,0,32,10.96112060546875
5f42b1e8c2299589739e089fe307f7e1,0,1,1,1,0,0,1,0,0,0,0,0,28,13.38397216796875
5f505899dced9c64b5fcf6b487f90fc3,0,1,1,0,0,0,0,1,0,0,0,0,60,16.55145263671875
5f5dfa27cdd4f4c0da985eaea2681730,0,1,1,1,0,0,0,0,0,0,0,0,42,29.42596435546875
5f63114b85b96a19946610f63df70261,0,1,1,1,0,0,0,0,0,0,0,0,46,7.21893310546875
5f653033f6faa9228bc23d10274ef7bf,0,1,1,1,0,0,0,0,0,0,0,0,78,18.41571044921875
5f68f1c33035afe1b7f165d04d9b0a1b,0,1,1,1,0,0,0,0,0,0,0,0,21,16.62225341796875
5f6b6cd717acc15db79d650ca0ae5daa,0,1,1,0,0,0,1,0,0,0,0,0,10,27.82879638671875
5f6c7953a113411a0cf700f3ec9b6259,0,1,1,1,0,0,0,0,0,0,0,0,65,21.21795654296875
5f6e7b2cb099087fcdd336b6d55290aa,0,1,1,1,0,1,0,0,0,0,0,0,70,13.05291748046875
5f6f95ac75bd37752358cbf0acca0015,0,0,1,1,0,0,0,0,0,0,0,1,26,27.84539794921875
5f72a970726c85261745d86089549d8e,0,1,1,1,0,0,1,0,0,0,0,0,44,15.29998779296875
5f7b0d31760a3055f9fe436b119addfd,0,1,1,1,0,0,0,0,0,0,0,0,61,12.24237060546875
5f8322a1e805272293f80b5e010327cd,0,1,1,1,0,0,0,0,0,0,0,0,9,18.26043701171875
5f91a95a93e1a3f18fd20cce2fd93cf4,0,0,1,1,0,0,0,0,0,0,0,1,9,36.59881591796875
5f9889a6dc4ea9be17c281473bebec33,0,0,0,1,0,0,0,0,0,0,0,0,36,16.43817138671875
5f99589e35f56bdce0fca7b7592ddbb2,0,1,1,1,0,0,0,1,0,0,0,0,51,11.81268310546875
5f9a474ca5e911787d565e4b94073bb9,0,1,1,0,0,0,0,0,0,0,0,0,25,9.91131591796875
5fa05868d7255f4dcdb4486ecf1d8468,0,1,1,1,0,0,0,0,0,0,0,0,44,33.90399169921875
5fa0d690a35dfbb576cd32ff8b35f2b7,0,1,1,1,0,0,1,0,0,0,0,0,25,6.61932373046875
5fa28cb144709ef76b08eff5eb46bc38,0,1,1,0,0,0,0,0,0,0,0,0,52,17.39373779296875
5fa9b0b35979bd73ec4190aa901e714c,0,1,1,1,0,0,0,0,0,0,0,0,97,10.16424560546875
5fbb6211ce015499db41d254b1ff1c7f,0,0,1,1,0,0,0,0,0,0,0,1,23,25.75799560546875
5fc38e3206cdbfe2e2d689476d4b9f2c,0,1,1,1,0,0,0,0,0,0,0,0,46,53.49383544921875
5fcc4762f27c28f9cd195aa9baa2c628,0,1,1,1,0,0,0,0,0,0,0,0,53,17.77069091796875
5fdba7bc2894a46a794dfac8c65cc1a2,0,1,1,1,0,1,0,0,0,0,0,0,45,5.11346435546875
5fdc39798c9dfe96ff6c887ec92e93d9,0,0,0,1,0,0,0,0,0,0,0,1,32,41.01483154296875
5fe75ca74235bc005d0d27f508fda4e6,0,0,1,1,0,0,1,0,0,0,0,1,41,14.51580810546875
5ff0a758a901c668f3f3452a37869e6b,0,1,1,1,0,0,0,0,1,1,0,0,29,5.31951904296875
600030efe4b0f414769832f5baeef82c,0,1,1,1,0,0,0,0,1,1,0,0,66,8.48895263671875
6009cd08ae53879a49497b2fc6102c71,0,0,1,1,0,0,0,0,0,0,0,1,42,58.62371826171875
600a30a5f1db8b6e8e007c6b818b432b,0,1,1,0,0,0,0,0,0,0,0,0,55,48.54608154296875
6019ea69a5bc0616ffa4073c87076b8d,0,1,1,1,0,0,1,0,0,0,0,0,48,25.06854248046875
601c1660fde4ea8eb836a6b6ecf63c24,0,1,1,1,0,0,0,0,0,0,0,0,24,9.22283935546875
601f2802fd6a3c561c4e17a440750d0d,0,0,1,1,0,0,0,0,0,0,0,0,37,10.60565185546875
60228e0873fb96370cb4722a7252e415,0,0,1,0,0,0,0,0,0,0,0,0,24,12.36248779296875
6025d026f06b23566662106b56ef9f93,0,1,1,1,0,0,0,0,0,0,0,0,35,15.53729248046875
6029578ef81222a3356c3ba91c14bb0f,0,0,0,1,0,0,0,0,0,0,0,0,27,16.21600341796875
602c211f04232cb6fe1198e1f994b439,0,1,1,1,0,0,0,0,0,0,0,0,20,22.20819091796875
602ff25ac0f3b7531f31680892e67cb5,0,1,1,0,0,0,1,0,0,0,0,0,29,26.23065185546875
6030abd068ca6b5f96397aaacb78314e,1,0,0,1,0,0,0,0,0,0,0,0,32,9.26776123046875
6030f4cba4b20752c4ac2830a3d114bd,0,1,1,1,0,0,0,0,0,1,1,0,32,21.49237060546875
60364e540fb10b83c2bd32c639ddbf6b,0,1,1,1,0,0,0,0,1,1,0,0,15,2.38201904296875
6037aadf5f727e0f8e0febb5d4967005,0,1,1,0,0,0,1,0,0,0,0,0,27,27.42791748046875
604d398c736053ee7eb5cf9c8302952c,0,0,1,1,0,0,0,0,0,0,0,1,34,42.40301513671875
606dbc29b5d99dcf2caef795a527b9e8,0,0,1,0,0,0,0,0,0,0,0,0,47,19.37127685546875
606f25cca03c9624d5b2f574aee4b192,0,1,1,1,0,0,0,0,0,0,0,0,25,44.54217529296875
60736377c1fd7b00596502e4c8607b91,0,0,1,1,0,0,0,0,1,1,0,1,31,39.85809326171875
60748af70b79b6662820fcb0be84c111,0,1,1,1,0,0,1,0,1,0,0,0,48,32.92010498046875
607849bd936992ab3a79ca327dc83986,0,1,1,1,0,0,0,0,0,0,0,0,85,53.27557373046875
6089b0f6efd39ec0a9fd95a9186bb34c,0,1,1,1,0,0,0,0,0,0,0,0,45,17.12078857421875
609d0c58dc6896647089635918fdfa7b,1,1,1,1,0,0,0,0,0,0,0,0,83,15.42498779296875
60a07177727c80503031ba0b5e282436,0,0,1,1,0,0,0,0,0,0,0,1,30,14.99530029296875
60a45c851bf0385cabfa21f0208ff471,0,1,1,1,0,1,0,0,0,0,0,0,45,21.99920654296875
60a4fd4a52d41cedfd27be3db18e5c6a,0,0,1,0,0,0,0,0,0,0,0,0,25,29.64666748046875
60ac80ad5eeea38376bcf9ffcbdce23c,0,0,0,0,0,0,0,0,0,0,0,0,32,30.82928466796875
60acc686057f9b9b97423abec36caa02,0,1,1,1,0,0,0,0,0,0,0,0,67,16.91033935546875
60c6fd944f9cd1b5376d33dd83346517,0,0,1,0,0,0,0,0,0,0,0,0,24,42.54168701171875
60ce513b369948de9f3d55cb340286f1,0,1,1,1,0,0,0,0,0,0,0,0,36,16.70233154296875
60dcb2cffbe18716399639b3e973047b,0,0,0,1,0,0,0,0,0,0,0,0,16,27.73406982421875
60e204f93e822a5269fa90232a7f1b7a,0,1,1,1,0,1,0,0,0,0,0,0,25,14.20086669921875
60e31d807e3743cdd09130e2cf7c0d50,0,0,1,1,0,0,0,0,0,0,0,1,30,35.95574951171875
60ebfaa20ce62597db6b1844535bd3ef,0,0,1,1,0,0,0,0,0,0,0,1,26,24.44451904296875
60eea47d66835c22cfce9f9c0d4b721f,0,0,0,1,0,0,0,0,1,1,0,0,45,2.59197998046875
60ff7732498d65abf05888748da64a52,0,1,1,1,0,0,0,0,0,0,0,0,29,37.90447998046875
6107119c6762bc3c1f0766415cfbd565,0,0,1,1,0,0,0,0,0,0,0,1,45,45.11883544921875
6108d20ade0df1300eaf73e9fdc8498b,0,1,1,1,0,0,0,0,0,0,0,0,21,25.08856201171875
61132980ad86520c4e586647b286afb6,0,1,1,1,0,0,0,0,1,1,0,0,31,6.88983154296875
6119702cfd0ba2cb8046e6c36b3c9584,0,1,1,1,0,0,0,0,0,0,0,0,32,23.77166748046875
611b015dc27745199f00175693c40ba3,0,1,1,1,0,0,0,0,0,0,0,0,27,-4.99298095703125
611f9a118384fb6f1b39e6b8ebdb68cd,0,1,1,1,0,0,0,0,0,0,0,0,37,15.76629638671875
611f9d8b88a7646c81a632c71fee8716,0,1,1,1,0,0,1,0,0,0,0,0,37,46.52508544921875
6120c98c1a25be5ea17682d5571050d0,0,1,1,0,0,0,1,0,0,0,0,0,35,29.48114013671875
6124b23fd382b35eef5147452c112f6c,0,1,1,1,0,0,0,0,0,0,0,0,37,20.88348388671875
6127623128df4e99a971195dca3c6b0f,0,1,1,1,1,0,1,0,0,0,0,0,31,4.16229248046875
612e7647e1db45ffc8896035abe58a1e,0,1,1,1,0,1,0,0,0,0,0,0,21,9.70623779296875
6134b7f06edbfd02b34f30f8b479331c,0,1,1,1,0,0,0,0,0,0,0,0,20,9.33221435546875
613594efe577a8e84079493203a31d0a,0,0,0,1,0,0,1,0,0,0,0,0,52,20.37908935546875
6136affd1986fb2d348705d4b4fa6f2c,0,1,1,0,0,0,1,0,0,0,0,0,4,15.76922607421875
61379df5c4e229d70786d8f9b1f278fe,0,1,1,1,0,0,0,0,0,0,0,0,33,18.28143310546875
614a8ac3596091cae5c3dee66c0ce0ff,0,1,1,1,0,0,0,0,0,1,1,0,39,8.20037841796875
614b4a9592e5233730d26a2ab7e5b153,1,1,1,1,0,0,0,0,0,0,0,0,65,27.81610107421875
614d3496f258a3edbb537e7d6716e703,1,1,1,1,0,0,0,0,0,0,0,0,51,26.43768310546875
614faa31634764c5a29c8a979fd11212,0,1,1,1,0,1,0,0,0,0,0,0,46,12.16961669921875
6151aa1527348e306ab702241f8af48b,0,1,1,1,0,0,0,0,0,0,0,0,25,19.97088623046875
615f7f8242dbd9c5c4d8c936c41575f6,0,1,1,1,0,0,1,0,0,0,0,0,22,15.27996826171875
6160871b03925080debf7ee8e28ddd66,0,1,1,1,0,0,0,0,0,0,0,0,25,22.26336669921875
61629fc91652f436b5d7a6545880c93c,0,0,0,1,0,0,0,0,0,0,0,0,40,1.95135498046875
616be19af5c321bf8188c619970bc0a5,0,0,0,0,0,0,1,0,0,0,1,1,45,25.86981201171875
6175b091a1c8464fac96972c79695e89,0,1,1,1,0,0,0,0,0,0,0,0,21,14.59149169921875
618459b215b4e98c6484631ea55d5b1f,0,1,1,1,0,0,0,0,0,0,0,0,49,18.80926513671875
618762c68136fce8921fac11a5728146,0,1,1,1,0,0,0,0,0,0,0,0,39,10.28094482421875
6189d30fc2cd19073de1978e2d32b7df,0,1,1,1,0,0,0,0,0,0,0,0,28,60.76092529296875
6189f7acb20a7895203bc6ca53414447,0,1,1,0,0,0,1,0,0,1,0,0,69,43.57684326171875
618d761b6b26fbd46beb49c868688eb3,0,1,1,1,0,0,0,0,0,0,0,0,9,23.68865966796875
618db2db434c04ac30f33b3a3da3b88c,0,1,1,1,0,0,0,0,1,1,0,0,43,31.90106201171875
6191b464613be1f397b1f78413b7f445,0,0,0,1,0,0,0,0,0,0,0,0,23,17.13494873046875
6195a03d4b8ae16d6761aecc76537261,0,1,1,1,0,0,0,0,1,1,0,0,43,34.96893310546875
61a53ef7606c624f56d3babaf067c24c,0,1,1,1,0,0,0,0,0,0,0,0,26,12.25799560546875
61a77f78e8184beebc060160736d8b5c,0,0,1,1,0,0,1,0,0,0,0,0,18,32.45184326171875
61a8e07509e6cce437ce53763976f5f6,0,1,1,1,0,0,0,0,1,1,0,0,37,8.62664794921875
61b2e3c70eb4d9e9d198cae78b3f80d8,0,1,1,1,0,0,0,0,0,1,1,0,23,32.89031982421875
61b3a96da8281908cc2381d96a0849c2,0,1,1,1,0,0,1,0,0,1,0,0,36,4.10858154296875
61b71c5773803a59e26360d530679a97,0,1,1,1,0,0,1,0,0,0,0,0,37,7.64373779296875
61bbf57255c867ab3b3328d122833e2b,0,1,1,0,0,0,1,0,0,0,0,0,71,15.37030029296875
61c253ae56296fc56d2847d9ec46ad44,0,1,1,1,0,1,0,0,0,0,0,0,23,46.13250732421875
61cca8870c932aa39fda9616839fbaa5,0,1,1,1,0,0,0,0,0,0,0,0,22,10.15594482421875
61e2bf55218d97ca91474bd652921c8d,0,1,1,1,0,0,0,0,0,0,0,0,55,22.10858154296875
61ec18e463463ff6b547a671d767b4e3,0,1,1,1,0,0,0,0,1,0,0,0,30,1.03289794921875
61f3e54658057f9917976f17a19e535f,0,1,1,1,0,0,0,0,0,0,0,0,25,12.01385498046875
620271da3a9116e08e5b89d0793ea1bc,0,1,1,1,0,0,0,0,0,0,0,0,40,17.87713623046875
620ba07dd04d72a83eda683892b0bc3c,0,0,0,0,0,0,0,0,0,0,0,0,34,9.64959716796875
620db70311751b471fc0aa114d3f58f3,0,1,1,1,0,0,1,0,0,0,0,0,2,12.13543701171875
6212b8438ce36353ce10f9ea0b4ab0e8,0,0,1,0,0,1,0,1,0,0,1,0,26,15.80731201171875
6213b651a904d789da0e7fa50317d1cb,0,1,1,1,0,0,0,0,0,0,0,0,18,30.61199951171875
6214a3bb7baaf4221c9ba32b02b53cc7,0,1,1,1,0,0,0,0,0,0,0,0,22,3.79510498046875
62174599e6c5171420421388f3debf3a,0,1,1,1,0,0,0,0,0,0,0,0,32,17.09051513671875
622f0c56b578ed54f0852fc5889b02a9,0,0,0,1,0,0,0,0,1,1,0,0,27,14.94305419921875
623b47aca7d01687fe766fdb76ad55b8,0,1,1,1,0,0,0,0,0,0,0,0,30,30.18035888671875
623d66c5e24733eeea69f4cbcdc68cf5,0,1,1,1,0,0,0,0,1,1,0,0,51,23.28289794921875
623fe812055f540f1a5c62ecb8557ae4,0,1,1,1,0,0,0,0,1,0,0,0,23,5.16717529296875
6241271d293cd969d264132bc1376918,0,1,1,1,0,0,0,0,1,1,0,0,22,9.82244873046875
6241f369b5f303ff6c0e7834f6d01c04,0,0,0,1,0,0,1,0,0,0,0,0,46,14.90643310546875
6242f3e9dbc9f62795db7e1d964befec,0,0,1,1,0,0,1,0,0,0,0,1,42,29.50408935546875
62473f62ca7a702a40b205e5047a52a6,0,1,1,1,0,0,0,0,0,0,0,0,34,24.26531982421875
624c731b8423dd9e2701de0b83aa4778,0,1,1,1,0,0,0,0,0,0,0,0,45,16.11541748046875
6255f5d5d002b858880c003856730b92,0,1,1,1,0,0,0,0,0,0,0,0,22,-1.05157470703125
625789f12d40952e62af78fe505d49e1,0,1,1,1,0,0,0,0,1,1,0,0,30,15.85418701171875
62681561c493f76be77d0abb0b6fea6b,0,1,1,1,0,0,0,0,1,0,0,0,50,5.82830810546875
6270bc2c7af062b3294660016d8eef00,0,0,0,0,0,0,1,0,0,0,0,1,69,13.61053466796875
62713378accf183171676ac277282584,0,1,1,1,0,0,0,0,0,0,0,0,29,18.89080810546875
6273543fe4734bfae4c50476e26638bc,0,1,1,1,0,0,1,0,0,0,0,0,35,20.99627685546875
62849136d75adcc820b858eb05844f9d,0,1,1,1,0,0,0,0,0,0,0,0,40,11.91326904296875
6285b27404f2b2bf3df0ecaecc5c8b89,0,0,1,0,0,0,1,1,0,0,1,0,21,38.89373779296875
6292a6128525bba8d9f2b88e3382abfb,0,1,1,1,0,0,0,0,0,0,0,0,39,44.61053466796875
629629a4e0b29f4d3425f48ca8b79251,0,1,1,1,0,0,0,0,0,0,0,0,23,15.48455810546875
629dce5e656b5155c2ef9adad225f77c,0,1,1,1,0,0,0,0,0,0,0,0,2,7.39569091796875
62aa60f8336b620843c76cc72a9e4132,0,1,1,1,0,1,0,0,0,0,0,0,24,16.08416748046875
62ab66a194096927fc80487308b3f013,0,1,1,1,0,0,0,0,0,0,0,0,71,3.54949951171875
62adef5d0af9130a404f716e8231677e,0,0,0,1,0,0,0,0,0,0,0,1,34,19.73797607421875
62b24bc9c72e902e71b2912616754f12,0,0,1,1,1,0,0,0,0,0,0,1,33,28.83172607421875
62b34089882a9be3d4a55a57f64ee4e5,0,1,1,1,0,0,0,0,0,0,0,0,36,13.49139404296875
62b4539a6c4232f279390a28b8226e80,0,0,1,1,0,0,0,0,0,0,0,0,33,-0.31378173828125
62caf65e5c6ae1d881d1bb986b609011,0,1,1,1,0,0,1,0,0,0,0,0,26,22.82293701171875
62cefb1f97c3552a226333b414836fa8,0,0,0,1,0,0,0,0,0,0,0,0,48,13.60858154296875
62d213e4cfc0a0932974cdc6d177c422,0,1,1,1,0,0,0,0,0,0,0,0,72,15.44549560546875
62d49f66bbd632465a7b0ec88806b6d4,0,1,1,1,0,0,0,0,1,0,0,0,38,46.51336669921875
62d74b5f0ffac552f53e3db5c2a2dffd,0,0,1,1,0,0,0,0,0,0,0,1,5,23.67010498046875
62dcfb35a332d136320e2c9343aae464,0,0,0,1,0,0,1,0,0,0,0,0,44,5.02166748046875
62e433d3a571f8509b3f4951f0da8d6b,0,1,1,0,0,0,0,0,0,0,0,0,36,10.99237060546875
62eb9405ef4fbdd12793e22956988088,0,1,1,1,0,0,0,0,0,0,0,0,92,28.69256591796875
6304ca670a5f2584be33ad00dd67f61a,0,0,1,1,0,0,0,0,0,0,0,1,21,15.64178466796875
6306e367f895a68fdcf7b52f3260f942,0,1,1,0,0,0,0,0,0,1,0,0,38,18.71453857421875
630a4c5a6e419131e7c051120fd91ed5,0,1,1,0,0,0,1,1,0,0,1,0,18,32.92156982421875
63146344668313278a1db5459388239a,0,0,1,0,0,0,0,0,0,0,0,1,26,20.86346435546875
6321a47877c01a8aa7c4cac45b45f593,0,0,0,1,0,0,0,0,1,0,0,0,86,20.20965576171875
6322aa006010abfa543a3ac224bb3d01,0,1,1,0,0,0,0,1,0,0,1,0,24,44.23748779296875
6326f0934453d2d107dc9ac2e2660d27,0,1,1,1,0,0,0,0,0,0,0,0,45,25.69989013671875
632b649463f4121ebfc06f8d019ee8e3,0,1,1,1,0,0,0,0,0,0,0,0,22,34.77166748046875
632cb902bfe71a38c7eef39ad6c4c17c,0,1,1,1,0,0,1,0,0,0,0,0,47,31.04315185546875
63311b4e4865f9054bb26571dbf7f2fd,0,1,1,1,0,0,1,0,0,1,0,0,30,44.05145263671875
63311d2642b626805f5011b4fe0e1e79,0,1,1,1,0,0,0,0,0,0,0,0,22,16.37274169921875
633537c9040f5c93928bc8b32396b06a,0,1,1,1,0,0,0,0,0,0,0,0,31,11.94158935546875
633c82de2300147c1d3f9abdd778fe02,0,0,0,1,0,0,0,0,1,0,0,0,24,50.05291748046875
63428ff74f79507ae1ca88dddb363f9f,0,1,1,1,0,0,0,0,0,0,0,0,34,20.62713623046875
63606c32f512a4d0b5a9d216fe325e28,0,0,1,0,0,1,0,0,0,0,0,0,32,27.52606201171875
636aa86d8d88502b46eefe99f190cb3a,0,1,1,1,0,0,1,0,0,1,0,0,39,20.47039794921875
637034865cefb591c96afdb3c93c0240,0,1,1,1,0,0,0,0,1,0,0,0,60,7.93768310546875
63723561b3f46bd4b80059d3f5bb11b9,0,0,1,1,0,0,0,0,0,1,0,0,14,14.05877685546875
6385de5d36c3da5b80f58eebe5146a04,0,0,0,1,0,0,0,0,1,1,0,0,53,24.57196044921875
63947da6ef30e17cf51cbb5c71cb130d,0,0,0,0,0,0,0,0,0,0,0,0,27,4.57440185546875
63957f8cb8994784b95e9df9e8f33f95,0,0,0,1,0,0,0,0,0,0,0,0,28,41.13006591796875
639768461fe065d86db08c7d5f213281,0,1,1,1,0,0,1,0,0,0,0,0,28,14.25067138671875
63a6469b0063c3773bf72d7e285a0c6c,1,1,1,1,0,0,0,0,0,0,0,0,59,4.21893310546875
63aee125298d1959cd7aa40c954cc1b7,0,0,1,1,0,0,0,0,0,0,0,1,34,17.83758544921875
63b4511f9b9e9d788c65ef6efbb2b594,0,0,0,0,0,0,1,1,0,0,0,1,6,35.80389404296875
63bc56d35b4780c9c6174f098264bf55,0,1,1,1,0,0,0,0,1,0,0,0,26,20.16961669921875
63c15328ac9a79daa51ca045b260ddaf,0,1,1,1,0,0,0,0,0,0,0,0,25,26.20281982421875
63c81054de36a3d6bb667fcdf2bf85f2,0,0,0,1,0,0,0,0,0,0,0,0,29,12.87518310546875
63cc3669c28bf6ff02d7f0617c10888f,0,1,1,0,0,0,0,0,0,0,0,0,42,14.30194091796875
63db7aab78c542a531e1b9c68bd5187e,0,1,1,1,0,0,0,1,0,0,1,0,75,28.80877685546875
63e65babe8f767bb3ca65458ba622409,0,0,1,0,0,0,0,0,0,0,0,0,27,28.85272216796875
63eae60605d9af44a97cd5a161a1ae42,0,1,1,1,0,0,0,0,0,0,0,0,26,12.56463623046875
63ef13272bccc1e71de07805201fff93,0,1,1,1,0,0,0,0,0,0,0,0,32,18.38885498046875
63f25a433a4cb122b60558a3c60aca25,0,0,0,1,0,0,0,0,0,1,0,1,22,26.49871826171875
63f5866db020e61791757154e32cb6be,0,0,0,1,0,0,0,0,1,1,0,0,50,23.54364013671875
63f9c9cfdc1f6db45adc60e8ee3cdc05,0,1,1,1,0,0,0,0,1,0,0,0,27,5.47430419921875
64014a2a69eb6f32e5a3fd041392dd15,0,0,0,0,0,0,1,0,0,1,0,0,29,5.69891357421875
6407ac06d0fca77087818cca93d70763,0,1,1,1,0,1,0,0,0,0,0,0,28,19.86004638671875
641170a442893ecd531f6d6db091ac77,0,1,1,1,0,0,0,0,0,0,0,0,57,51.16912841796875
6411e12dd43ef887ac45984c01ebf850,0,1,1,0,0,1,0,0,0,0,0,0,38,51.29949951171875
64145db9183ae527b6725142132a2b6d,0,0,0,0,0,0,1,0,0,0,0,0,26,17.21405029296875
64238294c89664ea480d05d91b071d2d,0,0,0,1,0,0,0,0,1,1,0,0,4,13.14471435546875
642b2be98175662bf9ed3aa3b7f1440c,0,1,1,1,0,0,1,0,0,0,0,0,31,15.08905029296875
6437a822de987a4f675d61f207e4a988,0,0,0,1,0,0,0,0,0,0,0,0,26,4.38690185546875
643b656286c36b59d086af86f01831f1,0,1,1,1,0,0,0,0,1,1,0,0,40,3.88006591796875
645360ffe00f85d5b32d3a9c72447a47,0,1,1,0,0,0,0,0,0,0,0,0,27,33.09393310546875
6457a5243b11b87ca9dbb79e5e3cff9b,0,1,1,1,0,0,1,0,0,0,0,0,40,15.17840576171875
645a92a29b7f0295636bd8604caa545f,1,1,1,1,0,1,0,0,0,0,0,0,27,33.54656982421875
6461118e82ce51577018026055f2ad25,0,1,1,1,0,0,0,0,0,0,0,0,27,11.54217529296875
646348157bde211e837bea87bfe14ea2,0,1,1,1,0,0,0,0,1,1,1,0,22,23.76141357421875
647060d4f54dfc2077fb3b6fe9111a1b,0,0,1,0,0,0,0,0,0,0,0,0,27,8.93084716796875
6474be552f41c9263bb8077e8325dc6c,0,1,1,1,0,0,0,0,0,0,0,0,50,19.48846435546875
647c0b2227bacb44f78b67c07384021a,0,0,1,1,0,0,0,0,0,0,0,1,46,17.40936279296875
648025eae17aee1b4d2554a55969baff,0,1,1,1,0,0,0,0,0,0,0,0,22,9.18280029296875
648168462d64f0067cdd4ae86cc6f68b,0,1,1,1,0,0,1,0,0,0,0,0,23,19.91375732421875
64919cb6003f8b393592d6c8942beb69,0,1,1,1,0,0,1,0,0,1,0,0,7,20.70623779296875
6492eebb854de16b3939109c5064b102,0,1,1,1,0,0,0,0,0,0,0,0,46,28.19500732421875
649ab3198ec4aa900db1519f5819c3cf,0,1,1,1,0,0,0,0,0,0,0,0,27,-1.57501220703125
649f0b3b4a435bf2114032ab6b14058f,0,1,1,1,0,0,1,0,0,1,0,0,39,28.29608154296875
64a5f5cea1628c311a1fe948d6c9477c,0,1,1,1,0,0,0,0,0,0,0,0,24,27.21893310546875
64abfe850ab89002c5103767e15761f1,0,1,1,1,0,0,0,0,0,1,0,0,3,22.70526123046875
64b2003207eb486f8dd0d76acc1dc17f,0,1,1,0,0,0,1,0,0,0,0,0,47,27.23260498046875
64b30551e19a734988f2c3f54ccc29ae,0,1,1,1,0,0,0,0,0,0,0,0,30,5.54071044921875
64b63c3bfebd52db0ef55b145c0e0c99,0,1,1,1,0,1,1,0,0,1,0,0,26,11.24090576171875
64b83b74e87c084c8fc3e31a29703f52,0,1,1,1,0,0,0,0,0,0,0,0,32,14.86004638671875
64b9cc9b1d15a7828806bc4835c79e95,0,1,1,1,0,0,0,0,0,0,0,0,43,4.81414794921875
64c0d3a38b8101cf5e0ecf14877aa902,0,1,1,1,0,0,0,0,0,0,0,0,58,21.84344482421875
64cc8cc76f1edf0166af37a29376e4ff,0,1,1,1,0,0,1,0,0,0,0,0,51,19.98358154296875
64d696caf5aa666ed02397044d6d3a1b,0,0,1,1,0,0,0,0,0,0,0,0,84,12.03875732421875
64e18952e8e84454e95cf1e4b1202d04,0,1,1,1,0,0,0,0,0,1,0,0,34,21.29803466796875
64e620b4b41e63f9e24f2de535a2bd2c,0,0,1,1,0,0,0,0,0,1,0,0,15,29.58563232421875
64ef283f60d9a1a10545444731d5f6ce,0,1,1,1,0,0,0,0,0,1,0,0,39,24.47528076171875
64f18d3e7285f44c3413e576547a69dc,0,1,1,1,0,0,0,0,0,0,0,0,18,23.47479248046875
64f5370757bdf2f77ae42c80d7ca8f1b,0,1,1,1,0,0,0,0,0,0,0,0,39,6.68670654296875
6503a9c0c6fdb00c66d434a2a191df65,0,1,1,1,0,0,0,0,0,0,0,0,34,25.26873779296875
6510e409af70465a6acb1b75c8d63c54,0,1,1,0,0,0,0,0,0,0,0,0,59,21.25604248046875
65160bc9076a91d144defe671686c29f,0,1,0,1,0,0,0,0,0,0,0,0,22,21.23699951171875
651aa6f05be1a0e76754b9449c9dea31,0,1,1,1,0,0,0,0,0,0,0,0,30,12.53826904296875
651e985988f6cf9398ba7bccfabd3b4d,0,1,1,1,0,0,0,0,0,0,0,0,32,13.55291748046875
65240ccebc1aa2f3ae4d11daa6f3536d,0,0,1,1,0,0,0,0,0,0,0,0,20,6.14080810546875
65283a8510dff5b50edb890f5a2ef3c3,0,1,1,1,0,0,0,0,0,0,0,0,43,17.42840576171875
652bed839a505af5bc273573f2040289,0,1,1,0,0,0,0,0,0,0,0,0,25,20.28729248046875
652ffc53fa79bd3711bb8b712788264f,0,1,1,1,0,0,0,0,1,1,0,0,43,28.57928466796875
6530e2d804140e5fc6cda77fff85151a,0,1,1,1,0,0,1,0,0,0,0,0,34,11.11346435546875
653101d10a09f9c84303e28e60d5431e,0,1,1,1,0,0,0,0,1,1,0,0,31,5.13885498046875
6546f96d7bb5efc9a25e8b254f9f6dae,0,1,1,1,0,0,0,0,1,1,0,0,36,20.72528076171875
6548166fb3fda22b67881176397f0223,0,0,1,1,0,1,0,0,0,0,0,0,27,15.75262451171875
6553b62245faa113408e4e118601596c,0,1,1,1,0,0,0,0,0,0,0,0,37,12.04168701171875
655d2c85daed98d32e654b70d62a4ed0,0,1,1,1,0,0,0,0,0,0,0,0,34,51.74237060546875
655ee0ddd14c20e6bd9785ecfaeaff49,0,1,1,1,0,0,0,0,0,1,1,0,27,18.23553466796875
656a1d8a69d41aaebc12ee69115a378b,0,0,1,1,0,0,0,0,0,0,0,0,100,16.09979248046875
656ad875d187766a5e522b841634662a,0,1,1,1,0,0,0,0,1,0,0,0,28,14.05633544921875
65841f53bd940a068287d191ee34cad5,0,1,1,1,0,0,0,0,0,1,0,0,37,6.20281982421875
6587b8e44c42636555791373e6ba4895,0,0,0,0,0,0,1,0,0,0,0,0,42,27.25262451171875
658c0eeeaf4ceed96c628d00215e0777,0,0,0,1,0,0,1,0,0,0,1,0,79,21.39520263671875
658c305b3ac15a9f1e601d2c2972ee62,0,1,1,1,0,0,0,0,0,0,0,0,100,13.93280029296875
659e274fec664774b8c3857f709f5d05,0,1,1,1,0,0,0,0,0,0,0,0,77,41.40643310546875
65a493ae03dce3dfdeb95cd486fd2966,0,1,1,1,0,0,0,0,0,0,0,0,28,38.12762451171875
65a5b6dbf36469cebcf2a682ebc8dd14,0,1,1,1,0,0,0,0,0,0,0,0,30,14.52557373046875
65c4cd7c5c3f11de15de297cf7c9b790,0,1,1,1,0,0,0,0,0,0,0,0,33,6.37030029296875
65caeeff5316697f80e4a53056c9796e,0,1,1,1,0,0,0,1,1,1,0,0,37,27.75213623046875
65d3a345530ec14808c1f6fcbf0f5319,0,1,1,1,0,0,1,0,0,1,1,0,49,30.55535888671875
65e9c656984164e39571464cffb47b3b,0,1,1,1,0,0,0,0,0,0,0,0,37,24.29803466796875
65ee08d7b789820abf754a00d13377d8,0,1,1,1,0,0,0,0,0,0,0,0,25,31.29217529296875
65f1f20ba988bd6f84d397ab45a133fa,0,0,1,0,0,0,1,0,0,0,1,0,33,20.93817138671875
65f26ccee8ffc2946c976c5f2e85912d,0,1,1,1,0,0,1,0,0,0,0,0,15,27.35662841796875
65fec8f1b2d75bb655543d617f28417b,0,1,1,1,0,0,0,0,0,0,0,0,35,12.98455810546875
660301fe083562fd2886ec419bcdbf53,0,1,1,1,0,0,0,0,0,0,0,0,43,37.87615966796875
66074f4917e6ae06bc65e6c5e7ef3277,0,0,1,1,0,0,0,0,0,0,0,0,17,36.71795654296875
6609758689f4b271a8dc3245c8877a15,0,1,1,1,0,0,0,0,0,0,0,0,20,4.69158935546875
661ebf011434a578687e2de0d87875f2,0,0,1,1,0,1,0,0,0,0,0,0,48,26.74725341796875
6620755d7add172d67214cc6f75caa8c,0,1,1,1,0,0,0,0,0,0,0,0,18,-4.22344970703125
66222f351bf23ff0961e7b8914a3ef38,0,1,1,1,0,0,0,0,1,0,0,0,26,-3.74591064453125
6625eb75f93d769ef395323f036305b0,0,0,0,1,0,0,0,0,0,0,0,0,9,22.27508544921875
662c1c5ba7807f0a4a16df377432e188,0,1,1,1,0,0,0,0,1,0,0,0,51,7.52947998046875
662d4152c00176ee33e5327d4a734d8d,0,1,1,1,0,0,0,0,0,0,0,0,26,8.35662841796875
66356731b6c1f704e330620b7374ef19,0,0,0,1,0,0,0,0,0,0,0,0,52,65.42694091796875
6637c2065d7f20b8824b32df03dfac6f,0,1,1,1,0,1,0,0,0,0,0,0,28,25.58026123046875
66395b1d53e2d86632770a96405ad5f8,0,1,1,1,0,0,0,0,0,0,0,0,51,7.38787841796875
663f0c53db42d7075d2a1da331387911,0,1,1,1,0,0,0,0,0,0,0,0,10,8.74041748046875
6640be1825ed88a95d76b9f324916078,0,1,1,1,0,0,0,0,0,0,0,0,29,13.39373779296875
6640bfef57ed16a52e78c598c38a7d8a,0,1,1,1,0,0,0,0,0,0,0,0,51,31.79705810546875
66575f6e46929623dc4ab12b4ab592e8,0,1,1,1,0,0,0,0,1,1,0,0,47,-3.92462158203125
665d0944f1c4d2ff4dd008290a3cb8a6,0,1,1,1,0,0,1,0,0,0,0,0,38,5.27947998046875
6664e1c3809e5c94883afcf6aae9888a,0,1,1,1,0,0,0,0,0,0,0,0,27,2.61834716796875
66661fa17ed1bf88ebf9515d8d8e53b3,0,0,1,1,0,0,0,0,0,0,0,0,66,14.04461669921875
666cdaab3bfe4fea1f97e06660bdc955,0,1,1,1,0,0,1,0,0,0,0,0,22,11.29364013671875
6675e27df657c4b9c3c7b0c85d22bdaf,0,1,1,1,0,0,0,0,0,0,0,0,32,24.41424560546875
667e48bab3286f5379d2c33e1a34221a,0,1,1,1,0,0,1,0,0,0,0,0,18,41.15155029296875
667fac36df42415044f3fdce8927bdb4,0,1,1,1,0,0,0,0,0,0,0,0,20,10.99969482421875
66884eea734a0a896f66c93a007bc19e,0,1,1,1,0,0,0,0,0,0,0,0,38,41.79949951171875
668c4932a6c933016e8df8349e68d20a,0,1,1,1,0,0,0,0,0,0,0,0,61,10.56610107421875
668c640a3cbe3a3c9fd7389eb996f095,0,0,1,1,0,0,0,0,0,0,0,0,65,36.05584716796875
668cb4b6ecc563bac8ec8a5933067ea9,0,0,0,1,0,0,0,0,1,1,0,0,100,9.47186279296875
66a3675ab9746571cf9e7ad256fc9c48,0,1,1,1,0,0,0,0,0,0,0,0,33,36.04217529296875
66a5390456128efec86377dcd0adaf1f,1,1,1,1,0,1,0,0,0,0,0,0,17,12.31805419921875
66a66568463bdd60a07b488ec98e60f1,0,1,1,1,0,0,0,0,0,0,0,0,23,24.18280029296875
66a7985f13cd93cc192b1c960a79c8a0,1,1,1,1,0,0,0,0,0,0,0,0,21,0.46893310546875
66abc11eebf20718f69b8652ad327d05,0,1,1,1,0,0,0,0,0,0,0,0,26,24.67498779296875
66aff831ca6d41eece44bade2268a9f5,0,1,1,0,0,0,1,0,0,0,0,0,63,11.64031982421875
66b61256520054ab0e48c40983af43b8,0,1,1,1,0,0,0,0,0,0,0,0,20,26.74725341796875
66b6d6d47a8b71f42fc16c56311e7424,0,1,1,1,0,0,0,0,0,0,0,0,31,5.97967529296875
66b83d603b1c6fe3eee60ef0a03632c0,1,1,1,1,0,1,0,0,0,0,0,0,22,7.63201904296875
66b86c2c00f8afb6dd755b729149ed0e,0,0,0,1,0,0,0,0,0,0,0,1,13,22.33709716796875
66b89a6b1940d75cf352b00f5630917f,0,0,0,1,0,0,0,0,0,0,0,0,51,5.70037841796875
66b8f078759749700481d44626cba641,0,1,1,1,0,0,0,0,0,0,0,0,30,35.55682373046875
66bcb217353bb0ed88255064b28ceaf6,0,1,1,1,0,1,0,0,0,0,0,0,33,21.12078857421875
66cb53bdbbe8691776099cb72261ec2b,0,1,1,1,0,0,0,0,0,0,0,0,44,26.05487060546875
66df405b9b97960d50b6f1e32f1f28c7,0,1,1,0,0,0,0,0,1,1,0,0,33,13.06268310546875
66e726aa26c03cb5045569b8ad34d034,0,1,1,1,0,0,0,0,1,1,0,0,47,37.36737060546875
66ec9025d8624b75a15ee008082062e2,0,1,1,1,0,0,0,0,0,0,0,0,35,12.83709716796875
66f005563c09aee498e403b9762f23a3,0,0,1,0,0,0,1,0,0,0,0,0,41,8.29119873046875
66f885b81ec74adb94633165f23955f8,0,1,1,1,0,0,0,0,0,0,0,0,34,20.55975341796875
66fc2174ac36836f3ac30b05dd2af1fb,1,1,1,1,0,0,0,0,0,0,0,0,29,14.55194091796875
670436a4bbe91bc0d718e9ab8de27eb8,0,1,1,1,0,0,0,0,0,0,0,0,20,34.79119873046875
6705f59ae8b3051f0bc6cbbbf0c77c6e,0,1,1,1,0,1,1,0,1,1,0,0,29,10.84539794921875
67061fab89f5bf1ed1879f425581296c,0,1,1,1,0,0,0,0,0,0,0,0,22,10.95281982421875
6707c9174d0d13cc40612b44cde8804f,0,1,1,1,0,0,0,0,1,0,0,0,26,26.66961669921875
6711ebd6f5cbadf26d51be9a2fb04b1c,0,1,1,1,0,0,0,0,0,0,0,0,36,21.63153076171875
67144a2930491b6a5a0c367e83dc5506,0,1,1,1,0,0,0,0,0,0,1,0,43,25.83514404296875
67171bba8e2e15cc8b0f38acada7b788,0,0,0,0,0,0,1,0,0,0,0,0,26,10.55291748046875
671781ae989b7f43e886bd5d742746f5,0,1,1,1,0,0,0,0,0,0,0,0,22,18.87371826171875
672f95a4d7b1cb280ae1be1078af69ca,0,1,1,0,0,0,1,0,0,0,0,0,38,23.95526123046875
673743f1a6e6057b057d02f8be1955b9,0,1,1,0,0,0,0,0,1,1,0,0,36,29.56903076171875
6737ffdb56858ecefa870ca646f22059,0,1,1,0,0,0,0,1,0,0,0,0,21,23.75555419921875
673dd6c60561189e318e5fbf37efc135,0,1,1,1,0,0,0,0,0,0,0,0,25,19.62127685546875
6743208b4bb2ec53f72b6f2f7c4d76ce,0,1,1,0,0,0,0,0,0,0,0,0,24,11.33660888671875
674f64f8b2383525d0a935d2a63ae732,0,1,1,1,0,1,0,0,0,0,0,0,28,11.39080810546875
6750f25f7f8cbc631a176605cc08e593,0,1,1,0,0,0,1,0,0,0,0,0,52,5.32342529296875
67517c0015e9b2bbcb408607ee2c531f,0,0,1,1,0,0,0,0,0,0,0,1,16,20.50994873046875
675f0c22748d070df4198c6ea763a97c,0,1,1,1,0,0,0,0,1,1,0,0,29,22.83612060546875
677049d2e6d65eec766c1304502a8e5f,0,1,1,1,0,0,1,0,1,1,0,0,39,10.47576904296875
67738be112b27d94220605910ee7f03f,0,1,1,0,0,0,0,0,0,0,0,0,27,22.71112060546875
677cdb7dc715f3ee3d63d9b8abd913c3,1,1,1,1,1,0,0,0,0,0,0,0,29,14.25164794921875
678359258627d0968f43d87759401634,0,1,1,1,0,1,0,0,1,0,0,0,30,24.19842529296875
678d44afb8ee54f964319f893d50d176,0,1,1,1,0,0,0,0,0,0,0,0,19,36.03729248046875
6790c079d3cc3db836e9163369eeade9,0,1,1,1,0,0,0,0,0,0,0,0,31,15.19549560546875
67940521f7edab6d043ed99201f778c1,0,0,0,0,0,0,1,0,0,1,0,1,32,21.80145263671875
6798bb812bc76d270b60b5ffe4d1c0bf,0,1,1,1,0,0,0,0,0,0,0,0,2,27.33123779296875
679e5f4d905065789f59ebb216f4b234,0,1,1,1,0,0,0,0,1,1,0,0,36,22.28094482421875
67b2ae53cf7ccfb8a50fa86e2337da65,0,1,1,1,0,0,0,0,1,1,0,0,64,23.56072998046875
67b54e0691fe88de375c7fe68f322b10,0,1,1,1,0,0,0,0,0,0,0,0,23,19.46942138671875
67b567e393ae0d494944bb5eefed73ae,0,1,1,1,0,0,0,0,0,0,0,0,26,31.36639404296875
67b5e00cf331f3c9bb8200013a11cf81,0,1,1,1,0,0,0,0,0,0,0,0,42,28.17742919921875
67b60d72f434e24bbb9570f9f69f7906,0,1,1,1,0,1,0,1,0,0,1,0,56,-3.68927001953125
67b650e98088635c02ad5d0364f7b453,0,1,1,0,0,0,1,0,0,0,0,0,37,15.13104248046875
67ba1f78c6db15816fc74e80f4301fd4,0,1,1,1,0,0,1,0,0,0,0,0,58,13.06170654296875
67c087554562b9aa459bf083f6f83214,0,1,1,1,0,0,0,0,1,0,1,0,47,-0.68731689453125
67c2e7224ce3a9e0219ce8f8ecaa35c2,0,1,1,1,0,0,0,0,0,0,0,0,4,20.15740966796875
67c6cbafe2a259c3bc734294b27fd3b7,0,1,1,1,0,0,0,0,0,0,0,0,33,18.07342529296875
67caec1b64a9d661e96b073b70dd911c,0,1,1,1,0,0,0,0,0,0,0,0,19,31.40887451171875
67cb8d8a364397bde53e3ba2b7ef2f4c,0,1,1,1,0,0,1,0,0,0,0,0,20,2.43133544921875
67debb65c56887c4108621f85ca02658,0,1,1,1,0,1,0,0,0,0,0,0,26,3.72918701171875
67e97de8ec7ddcda59a58b027263cdcc,1,1,1,1,0,0,0,0,0,0,0,0,64,29.92401123046875
67e997ad3fc0af598fc41bf16135ec33,0,1,1,1,0,0,0,0,0,1,0,0,26,11.96160888671875
67f3ced95478486a0e48dc4a2951a058,0,1,1,1,0,0,0,0,0,0,0,0,10,32.83416748046875
68009d2c3811a30c51c63f4ac5ee98ad,0,1,1,0,0,0,1,0,0,0,0,0,32,56.79510498046875
6800d6fe08f5fed97233bd22dc9f05d6,0,1,1,1,0,0,1,0,0,1,0,0,26,20.75604248046875
680721e96fcfb8b858b012eabd1fa1ab,0,1,1,1,0,0,0,0,0,0,0,0,26,15.95819091796875
6808caeb9b20472e777a9be78d5fe711,0,1,1,1,0,1,0,0,0,0,0,0,56,40.32684326171875
68192f0b96ecdb5d67b56e7530e03b72,0,1,1,1,0,0,0,0,1,1,0,0,30,16.73846435546875
6828b2300233cbf1c95317ed36b11b80,0,1,1,1,0,0,0,0,0,0,0,0,100,8.49627685546875
68291db7341eb2b7d2dcea7ed5f4122d,0,1,1,1,0,0,0,0,0,0,0,0,90,35.91375732421875
68318a175159a206f71964e8eb465675,0,1,1,1,0,0,1,0,0,0,0,0,50,13.26287841796875
68349aeb8f624fcb73c3875848d1ffa5,0,1,1,1,0,0,1,0,0,0,0,0,17,22.81756591796875
6837fd40fa925597c987b07e81004e5e,0,1,1,1,0,0,0,0,0,0,0,0,31,13.25897216796875
68490fdfe583a6d23feb0221a20b20de,0,0,0,0,0,0,1,0,0,0,0,0,80,-1.56817626953125
6852f77256f63f9c201bc89e4b445022,0,1,1,1,0,0,0,0,0,0,0,0,33,40.87713623046875
685ef7e609e0d968b580cdc1092eb890,0,1,1,1,0,1,0,0,0,0,0,0,15,13.00994873046875
685f7da30783c5c77406bde3987a5db1,0,1,1,1,0,0,0,0,0,0,0,0,35,29.92889404296875
686500ee1321fa948327bacf87608adc,0,1,1,1,0,0,0,0,0,0,0,0,36,29.42498779296875
6865614b85e0c227a7945a69225d5984,0,1,1,1,0,0,0,0,0,0,0,0,100,19.08270263671875
6868bc817d007b61ed908aa3327a71c7,0,0,1,1,0,0,0,0,0,0,0,1,14,36.13739013671875
688dcda615a242a8003141ea7e658d6a,0,1,1,1,0,0,0,0,0,0,0,0,13,17.30194091796875
68910757dfb5f2caa40e576de75796f3,0,1,1,1,0,0,0,0,0,0,0,0,38,28.23992919921875
68921e4792c1930c1c8cf8b74d3d65d2,0,0,1,1,0,0,1,0,1,1,0,1,25,3.31121826171875
68975dacf1d6e1074a71d5cbb2f829c8,0,0,1,1,0,0,0,0,0,0,0,1,38,12.53143310546875
68988e5906b6b6829ed7a2d3805c48e7,0,0,1,0,0,0,0,1,0,0,0,1,49,14.57342529296875
68a0dc40fbab9a54b61adb3c8bd4edd5,0,0,0,0,0,0,1,0,0,0,0,1,43,13.95916748046875
68a4077113d40f70dea2393b5699b73e,0,1,1,1,0,0,0,0,0,0,0,0,26,9.19793701171875
68acf87fe639d713123948a7fcfba348,0,1,1,1,0,0,0,0,0,0,0,0,19,31.37713623046875
68b8c789a25d5cd2e97c6cd14f282bc3,0,1,1,1,0,0,0,0,0,0,0,0,25,21.95819091796875
68be0db51f04901f307c9c96273cfa56,0,1,1,1,0,0,0,0,0,0,0,0,25,25.47869873046875
68bf95338209ffec18f9857cfc2faf02,0,1,1,1,0,0,1,0,0,0,0,0,37,12.54071044921875
68bfe3981289354b515821234eeb4b30,0,0,1,1,0,0,0,0,1,1,0,1,34,33.91522216796875
68c227c909e960a0788456daca4ec73c,0,1,1,1,0,0,0,0,0,0,0,0,17,14.52752685546875
68c3c37371c0c778a1a8d810d66b8c30,0,1,1,1,0,0,0,0,0,0,0,0,35,24.72625732421875
68c45f8583d3fc22bdc313bac7f1f1d1,0,1,1,1,0,0,1,0,1,1,0,0,33,22.50506591796875
68c719abdfe835794a39c70ee514aaae,0,1,1,1,0,0,1,1,0,0,0,0,36,21.91668701171875
68d9e83cd1dfad2023aea96490261977,0,0,0,0,0,0,1,0,0,0,0,0,29,12.24725341796875
68db3878e0a313222ed7f26204641028,0,0,1,0,0,0,0,0,0,0,0,0,83,23.56903076171875
68dc80a907cebd1dcf9b0b3aa8bc77fe,0,1,1,1,0,0,0,0,0,1,0,0,51,17.79754638671875
68e07a9baa580b165a9f3db54c3ea000,0,1,1,1,0,0,0,0,0,0,0,0,53,14.45819091796875
68e27255a4d7c04416488884df414882,0,1,1,1,0,0,0,0,1,1,0,0,23,2.11541748046875
68e55574e523cf1cdc17b60ce6cc2f60,0,1,1,1,0,0,0,0,0,0,0,0,23,12.99139404296875
68fe9f2af1c3c6e86e218a787a618815,0,0,0,0,0,0,0,0,0,0,0,0,27,49.47479248046875
68ffa26f8ae39a8548fed429d16723ae,0,1,1,1,0,0,0,0,0,0,0,0,27,28.44891357421875
690577dc8b6ea2cff65d3bb4067040ed,0,1,1,1,0,0,0,0,0,0,0,0,35,40.94549560546875
6905b267172058f8eec2267b567de313,0,1,1,0,0,0,1,0,0,1,1,0,41,28.70526123046875
6909cca10c0c0caddaa2a2febfccf887,0,1,1,0,0,0,0,0,0,0,0,0,17,26.65350341796875
69169c3305adb6a80486dac0143dc7e9,0,1,1,1,0,0,0,0,0,0,0,0,56,13.62225341796875
692ca95e66031194155f92c1016bc1a7,0,1,1,0,0,0,0,0,0,0,0,0,65,33.04998779296875
692e55130b096cee9237660e3719d6d6,0,0,0,0,0,0,1,0,0,0,0,0,24,17.91912841796875
6930d0324a42383bba5cb9ac2a8bd17c,0,1,1,1,0,1,0,1,1,1,1,0,63,31.77020263671875
693a7827d437a2be5dd18a786bf76e03,0,0,1,1,0,0,0,0,1,1,0,0,67,8.42010498046875
693be160a7be19279f0aafd9ac767e94,0,1,1,1,0,1,0,0,0,1,1,0,31,9.06707763671875
6947f055e4e0ff141559bf97144efc38,0,1,1,1,0,1,0,0,1,1,0,0,23,17.19158935546875
696beb3baa43f97ae9ef44a53b2dbd42,0,1,1,1,0,0,0,0,1,0,0,0,34,16.34686279296875
6975e685a5df53d047ad0ed8d2cf92e9,0,1,1,1,0,0,0,0,1,1,0,0,100,27.70233154296875
697c4eac4b9988b943bc6274ffbd4017,0,1,1,1,0,1,0,0,0,0,0,0,64,11.11639404296875
6983a965250b8ede8e1ab7b1397792f4,1,1,1,1,0,0,0,0,0,0,0,0,50,32.56903076171875
69873f88734936e46d0ac5209d248ae2,0,1,1,1,0,0,0,0,0,0,0,0,52,17.52313232421875
699060eee79ec550606eda05635a7e78,0,1,1,1,0,0,0,0,0,0,0,0,36,13.09197998046875
699e4454d0c62cca7cc9cdff17a53386,0,1,1,1,0,0,0,0,0,0,0,0,38,13.39324951171875
69a171ad444b711b306ad8c362af1f2f,0,1,1,0,0,0,0,1,0,0,1,0,95,18.63983154296875
69a1ba5d0796265909edc9d9644ac7d9,1,1,1,1,0,0,0,0,0,0,0,0,20,47.55145263671875
69a2161ab9c7cf1a0a77d63df4f8c54f,0,1,1,0,0,0,0,0,0,0,0,0,3,9.48651123046875
69ca5b11146553a31b432f9ea2fd59ff,0,1,1,1,0,0,0,0,0,0,0,0,73,11.47869873046875
69ce8651ee80e3569e284c9d63e9d472,0,1,0,1,0,0,0,0,0,1,0,0,22,8.17694091796875
69d4e63e9ab524a95bf8830a45b3fc68,0,1,1,1,0,1,0,0,0,0,0,0,85,22.60955810546875
69d62588c7289b54c31df484fb0a3c54,0,1,1,1,0,0,0,0,0,0,0,0,44,17.33123779296875
69d7225dd78b25c1207bcf9212df1ffe,0,1,1,1,0,0,0,0,0,0,0,0,47,21.95819091796875
69d874afa61fa4856940ea5413eeb049,0,1,1,1,0,0,0,0,1,1,0,0,29,25.23651123046875
69ec29f1417e930da469ec1d3986df33,0,1,1,1,0,1,0,0,0,0,0,0,18,23.42352294921875
69eea055aae013f138cec79de61494b6,0,1,1,1,0,0,0,0,0,0,0,0,100,5.30438232421875
69f220c89b092e2f807f895ef44e406c,0,1,1,1,0,0,0,0,0,0,0,0,28,6.00701904296875
69fa8314cd2a5bb9d74c8e3522a038ed,0,1,1,1,0,0,0,0,0,0,0,0,34,8.45037841796875
6a071d4699f23d4ccfe0ef428f5d1c4a,0,1,1,1,0,0,0,0,0,0,0,0,18,64.75506591796875
6a09a75b4eca168ca1cdc76a253b9c82,0,1,1,0,0,0,0,1,0,0,0,0,46,22.63690185546875
6a0edc288bd87333a21803dd96ae0668,0,0,1,0,0,0,1,0,0,0,0,0,47,16.59295654296875
6a116198746529c8c3844106420d453c,0,1,1,1,0,0,0,0,0,0,0,0,23,15.79315185546875
6a1571f198ff6b4e4f731b97d86280f4,0,1,1,1,0,0,1,0,0,0,0,0,17,10.76434326171875
6a1d8c55e41cab984e3921db13bed463,0,1,1,1,0,0,0,0,0,0,0,0,36,8.94744873046875
6a28276ae94ee222197a6fa50f0b5899,0,1,1,1,0,0,0,0,0,0,0,0,30,17.17449951171875
6a31463c0e66a8adea2777c24233319c,0,1,1,1,0,0,0,0,0,0,0,0,56,27.03094482421875
6a367700bb1e64d88ca12a5e074b91d0,0,1,1,1,0,0,1,0,1,0,0,0,11,6.05340576171875
6a3c6f0a9a3eda369cea5e6618deb5c2,0,1,1,1,0,0,0,0,0,0,0,0,56,19.30487060546875
6a3ca90a2f088de791dfc83ccf1731e2,0,1,1,1,0,0,0,0,0,0,0,0,54,39.63348388671875
6a3eb0bb4ff8813da1470a9137f4830d,0,1,1,1,0,0,0,0,0,0,0,0,45,8.38201904296875
6a51c027c0ae54dd3d4eec1f8063e2a8,0,1,1,1,0,0,0,0,0,0,0,0,39,6.53094482421875
6a5ddeb476e04c9b399f02b1a131bd7b,0,1,1,1,0,0,0,0,0,0,0,0,27,49.56072998046875
6a601b23d765b2a7a18d35a345e723f2,0,1,1,1,0,0,0,0,0,0,0,0,23,12.49676513671875
6a61905fe78a9d8dab0410d034da40b9,0,0,0,0,0,0,0,0,0,0,0,0,55,24.87615966796875
6a668590eaac89b22c2a00592e212883,0,0,1,1,0,0,0,0,0,0,0,0,21,7.75067138671875
6a6823ecbdd6ed29d68f9c5d51b6051c,0,1,1,1,0,0,0,0,0,0,0,0,76,10.91229248046875
6a6dd1cce2924cfd6fe79b3cb9aae1a1,0,1,1,0,0,0,1,0,0,0,0,0,38,25.12615966796875
6a734925b0956b22a4c570e5b99d071b,0,1,1,0,0,0,0,1,0,1,1,0,48,33.32830810546875
6a74a5613bfebfd741708e46ff8f1d08,0,1,1,0,0,0,0,0,0,0,0,0,25,6.48358154296875
6a789f7b9d92f34c7f87dc4752365b4e,0,1,1,1,0,0,1,0,1,0,1,0,23,9.10614013671875
6a80a3260d967d565fbe92b0d32eb78d,0,1,1,1,0,1,0,0,0,0,0,0,45,23.29266357421875
6a889dae99c4c09f7b8f2f41959731c8,0,0,0,0,0,0,1,0,0,0,0,0,19,30.36248779296875
6a92855729907d29855e40f1a697b143,0,1,1,1,0,0,0,0,0,0,0,0,56,13.62908935546875
6a9d9a9fc4949915cc8d086655a731c9,0,1,1,1,0,0,0,0,0,0,0,0,27,37.64178466796875
6aa7dae08e9308c6657eea4deacc4c32,0,1,1,1,0,0,1,0,0,0,0,0,48,23.81268310546875
6aa9ea2b993dce29d0ea8423e9ff1daa,0,1,1,1,0,0,0,0,0,0,0,0,42,30.96649169921875
6ab5e01d6db1360d6a675f75f90d2efc,0,1,1,1,0,0,1,1,0,0,0,0,24,8.46209716796875
6ac397fdde24bc4bac813ed96fd97c5c,0,1,1,1,0,0,0,0,0,0,1,0,47,28.74578857421875
6acc51a421d881a16e325a37d1ecdb7a,0,0,0,1,0,0,0,0,0,0,0,0,66,7.13006591796875
6ad4b4a81f744231c5b1f9c30a94bd80,0,0,1,1,0,0,0,0,0,0,0,1,21,58.15643310546875
6ad51cc64ae0d59e5163437742cab582,0,1,1,1,0,0,0,0,1,0,0,0,25,29.98358154296875
6ad72ac98b14370a9754d0b21e518092,0,0,1,1,0,0,0,0,0,0,0,1,97,23.15496826171875
6ad90b728783d37229bc7b0029e253af,0,1,1,1,0,0,1,0,0,0,0,0,2,13.92498779296875
6ae42b731c00756ddd291fa615c822a1,0,1,1,1,0,0,0,0,0,0,0,0,21,5.97772216796875
6ae88235fb3defb332ed855052a61c96,0,1,1,1,0,0,0,0,0,1,0,0,19,21.46697998046875
6af7065779143bbf25c0f9fefc664e41,0,0,0,1,0,0,0,0,0,0,0,0,100,36.23846435546875
6af7401e6c5104e6938ec2d7a551169b,0,1,1,1,0,0,0,0,0,0,0,0,19,-0.43927001953125
6afb2c0b2e2209caa00c57aaac3e3124,0,1,1,1,0,0,0,0,0,0,0,0,40,20.73846435546875
6b0da7b0a956eb90c7d0c95d6c9e57a6,0,1,1,1,0,0,0,0,1,1,0,0,44,38.12518310546875
6b1031d24457b1a575c99d0bd516ba28,0,1,1,0,0,0,1,1,1,1,1,0,37,4.92010498046875
6b1784bae450fe3a897336d37507c851,0,1,1,1,0,0,0,0,0,0,0,0,42,16.19451904296875
6b260eec314890073e0886d2df24df1f,0,1,1,1,0,0,0,0,1,0,0,0,44,20.33074951171875
6b26d5a23be3248307ea3e74cc30c0cc,0,1,1,1,0,0,0,0,0,0,0,0,31,14.01629638671875
6b27aef2933b9e6ad8ceb07de4fa891c,0,1,1,1,0,0,0,0,0,1,0,0,2,32.35858154296875
6b3095627abbdfc50a1cd5c7dd86cec8,0,1,1,1,0,0,0,0,0,0,0,0,5,18.63494873046875
6b3111a76fbd09b4be3ce00ceaa4f786,0,1,1,1,0,0,0,0,1,0,0,0,26,30.04217529296875
6b3705c62d3622cdf487e1dc87374e8f,0,1,1,1,0,0,0,0,0,0,0,0,24,-6.23272705078125
6b398d2e7f9b42fde4b9e5ab03d066f3,0,1,1,1,1,0,0,0,0,1,0,0,63,36.41571044921875
6b3a539131ea0aa699c319f5eddedc63,0,1,1,1,0,0,1,0,0,0,1,0,82,3.95428466796875
6b3a7c2cb1ae8af7de709b78dad96848,0,1,1,1,0,0,0,0,0,0,0,0,29,20.10223388671875
6b3cd057f16174a91849a3da3c54b378,0,1,1,1,0,0,0,0,1,1,0,0,47,12.40985107421875
6b3d558edee5e0c4f30512dd71c01ebe,0,1,1,1,0,0,1,0,0,0,0,0,18,15.97430419921875
6b417633c2643af5264fc11f465f7619,0,1,1,1,0,0,0,0,1,1,0,0,9,34.95916748046875
6b456fbbe28bd23aa4b79f11761532e0,0,1,1,1,0,0,0,0,0,0,0,0,36,41.54705810546875
6b55709a2258bb8fd476bed49336496b,0,1,1,1,0,0,0,0,1,0,0,0,65,7.46600341796875
6b70e184ff8c05ea3c7cbbdfd8f2c3b3,0,1,1,1,0,0,0,0,1,1,0,0,24,-2.65216064453125
6b807488b6dec6a3d03936556a517cdb,0,1,1,1,0,0,0,0,0,0,0,0,27,10.14959716796875
6b936316bf516c204bce94b83aecff27,0,1,1,1,0,0,0,0,1,1,0,0,18,17.30194091796875
6b9512e8913255663ee7d7114e0ae694,0,1,1,1,0,0,1,0,0,0,0,0,61,13.04559326171875
6b9921e8637ee9101a33b83edb0cd792,0,1,1,1,0,0,0,0,0,0,0,0,28,21.02947998046875
6b9adfaddb17c064a6e1ae0cdfbbed50,0,1,1,1,0,0,0,0,0,0,0,0,34,12.71502685546875
6ba00c1158aa975ac8c0149bca9891a8,0,0,1,1,0,0,0,0,0,0,0,0,69,12.95623779296875
6ba44d85fc22a60b16da8ef81e18d4a4,0,1,1,1,0,0,0,0,0,0,0,0,61,20.90057373046875
6ba599ddeaf224501e08a55d5dca9d6e,0,0,0,0,0,0,0,0,0,0,0,0,49,9.10760498046875
6ba71d2afd256af651a13c77eab7892d,0,1,1,1,0,0,0,0,0,0,0,0,92,13.44842529296875
6ba7d5306053b61be881a3ccbbd1a7ae,0,0,0,0,0,0,0,0,1,1,0,0,23,10.86151123046875
6bb142e3d6e7fa0f41d0ba5925b21acd,0,1,1,1,0,0,0,0,1,1,0,0,19,3.91668701171875
6bb7f0653725b30118199fd763945713,0,0,1,1,0,0,0,0,0,0,0,1,21,11.18817138671875
6bc432d7253c41dcc2f7516b2b219232,0,1,1,1,0,0,0,0,0,0,0,0,24,4.94647216796875
6bd134de2e6172958e1365cf8d7d1867,0,1,1,1,0,0,0,0,0,0,0,0,22,23.79559326171875
6be2610e60146f56b14568a38731b055,0,1,1,0,0,0,0,0,0,0,0,0,23,6.73211669921875
6befc3ee8c68b330456e10e5eb206e40,1,1,1,0,0,0,0,0,0,0,0,0,32,6.56170654296875
6bf0b393043a3603286ae04edd17a00a,0,1,1,1,0,0,0,0,1,1,0,0,15,21.06610107421875
6bf8980fc80d4dac79636d0a6de0384d,0,1,1,1,0,0,0,0,1,0,1,0,33,1.73211669921875
6bf9ef95b240f68c0d855b3b0ce6b7b4,0,1,1,1,0,0,0,0,0,0,0,0,16,7.10858154296875
6bfa9df3ba93e8c91efaa3c0fcc7b920,0,1,1,1,0,0,0,0,0,0,0,0,21,1.27752685546875
6bff764f427a610f7bb9bd0eef3df264,0,1,1,1,0,1,0,0,0,0,0,0,39,19.93817138671875
6c01ac2c9717f4edccb1dce391f8820e,0,1,1,1,0,0,0,0,0,0,0,0,11,15.80242919921875
6c05a00d65643feb0a84220678199fe9,0,1,1,1,0,0,0,0,0,0,0,0,38,17.49578857421875
6c066920facbf4c753c88fbead6ccee0,0,1,1,1,0,0,0,0,0,0,0,0,38,48.10418701171875
6c09c66d12b2f6e2cf2967f160dfe642,0,0,0,1,0,0,0,0,0,0,0,0,16,18.39764404296875
6c14def715dc2d87059b78e9a237fbbf,0,1,1,1,0,0,0,0,0,0,0,0,39,7.64666748046875
6c159aede3df25fdbe781431aabcfc67,0,1,1,1,0,0,0,0,0,0,0,0,1,14.37274169921875
6c3903746f685dd568d7acc11b3a3b84,0,1,1,1,0,0,0,0,0,0,0,0,44,22.97283935546875
6c41e8878e611e425f9873f88cb2cd3e,0,1,1,1,0,0,0,0,1,1,0,0,19,9.86932373046875
6c4f40b027b43d60d1db1522adba8178,0,1,1,1,0,1,0,0,0,0,0,0,20,14.07733154296875
6c599fa03e97a60d11118aba06d99efa,0,1,1,0,0,0,1,0,0,0,0,0,56,16.17596435546875
6c5c1f3484c051e08d840346167e777e,0,0,0,1,0,0,1,0,0,1,1,0,40,23.14617919921875
6c5e882d03f0481531579c985c42fb81,0,1,1,1,0,0,0,0,0,0,0,0,41,27.57098388671875
6c64283d98453c299728ec48486bfb12,0,1,1,1,0,0,0,0,0,0,0,0,32,26.54998779296875
6c64e7621683aae65c579587ce4a166f,0,0,0,0,0,0,0,0,0,0,0,0,33,51.52947998046875
6c74145775e4958dae00d7114ebcafd7,0,1,1,1,0,0,0,0,0,0,0,0,45,32.75067138671875
6c76b4efcb6316c58735f073de93ddce,0,1,1,1,0,0,0,0,0,0,0,0,62,9.54852294921875
6c7727781abc78f17f6cb6d6b951e5ae,0,0,1,0,0,0,0,0,1,1,0,0,24,9.20477294921875
6c7cccacbd48914ce4ef5831c6150546,1,1,1,1,0,0,0,0,0,0,0,0,25,9.71160888671875
6c7d9ef4574b173b03abae47d977ca2a,0,1,1,0,0,0,0,0,0,1,0,0,46,7.78680419921875
6c7ee1b7ce005c69318095fde299747a,0,1,1,1,0,0,0,0,1,0,0,0,29,10.17694091796875
6c8afabc7d6d63f15d293dfbe8ce4f57,0,0,0,1,0,0,1,0,0,1,0,0,34,9.35906982421875
6c8c819974fb055c5026fa1614c42c1a,0,1,1,1,0,0,0,0,0,0,0,0,37,49.23065185546875
6c8c97fe08a2fcf41c9d8d4c41a547d8,0,1,1,1,0,0,0,0,0,0,0,0,21,24.29754638671875
6c8fec78fa49ff7a884b62c20ee9f6f7,0,1,1,1,1,0,0,0,0,0,0,0,15,24.58172607421875
6ca5173eeefb75b55ad3ecbdefd48b29,0,0,1,1,0,0,0,0,0,0,0,0,25,21.66278076171875
6cb04a2817ffe89a224d01510c462f13,0,1,1,1,0,0,1,0,0,0,0,0,24,12.13592529296875
6cb18e0936faa730077732a25c3dfb94,0,0,1,1,1,0,0,0,1,1,0,0,32,17.59490966796875
6cb35b7636e4b87c8f0425d53ba9fb21,0,1,1,1,0,0,0,0,1,0,0,0,57,22.65545654296875
6cb58ba6ce669d5307840aa5ee7eeb2d,0,1,1,1,0,0,0,0,0,0,0,0,17,29.88836669921875
6cb67d4bd2cbabb7501473f3ff8f08e9,1,1,1,1,0,0,0,0,0,0,0,0,31,31.35223388671875
6cbca73964b22d569c82180dfab46fe0,0,1,1,1,0,0,0,0,0,0,0,0,24,43.14178466796875
6cc7747002a8a310a7368fa9a4549e67,0,1,1,1,0,0,0,0,0,0,0,0,27,9.48944091796875
6cce26f97f57274edfd92a93d721ea9e,0,1,1,1,1,0,0,0,0,0,0,0,27,34.54705810546875
6cd186babdc49445bd47a40d23eac8f7,1,1,1,1,0,0,0,0,0,0,0,0,63,91.32147216796875
6cd3d0a5bb558a1a59f7fad688c9df84,0,0,0,1,0,0,0,0,0,0,0,0,98,9.12322998046875
6cdf14b34761ac73dc10c9b1e82be2a8,0,1,1,0,0,0,0,0,0,1,0,0,28,11.34735107421875
6ced2cd9ff3da0b3e56565e9eae1fbdf,0,1,1,0,0,0,0,0,0,0,0,0,63,37.57977294921875
6cf284fbd74fb0b916f279b8c9486c44,0,0,1,0,0,0,1,0,0,0,0,1,8,46.07781982421875
6cf3c085e3127d675c3774b3392808ab,0,1,1,1,0,0,0,0,0,1,1,0,44,52.47381591796875
6cfaa09adf6d30fcaa43c8a56a2da1a3,0,1,1,1,0,0,0,0,0,0,0,0,35,10.69061279296875
6cfaa7e87d6539174933ef394fb24a87,0,0,1,1,0,0,0,0,1,1,0,0,66,10.20574951171875
6d0d3fdd83bcb9832bb29158664fdb72,0,1,1,0,0,0,0,0,0,0,0,0,43,34.05291748046875
6d0d7604a33bb43a21864ad85792d84c,0,1,1,1,0,0,0,0,0,0,0,0,40,17.94451904296875
6d0f4433551e9e35b0c5c4120921ac40,0,1,1,1,0,0,0,0,0,0,0,0,39,17.05535888671875
6d11d1d203f4f67b070ca0eaf4f42b89,0,0,1,1,0,0,0,0,0,0,1,0,38,23.42401123046875
6d16906bb77cfd0fbabfb9bf7af7a048,0,1,1,1,0,1,0,0,0,0,0,0,100,2.45135498046875
6d1841dbdd1580031cccccec2cc19ca3,0,1,1,1,0,0,0,0,0,0,0,0,39,34.21356201171875
6d28f8a6941d0f2b5f1999633d44df90,0,0,1,0,0,0,0,0,0,0,0,0,63,33.06561279296875
6d2e55ece66eca203e965a577faea576,0,0,1,1,0,0,0,0,0,0,0,0,36,11.10321044921875
6d381384a61310b016d676d11801d89e,0,1,1,1,0,0,0,0,0,0,0,0,46,7.15643310546875
6d3aa2f4bf3db339cbfaada870c54675,0,1,1,1,0,0,1,0,0,0,0,0,17,7.05389404296875
6d3bd371a92d76ba0b090b40c93a37a3,0,1,1,1,0,0,0,0,0,0,0,0,22,15.30926513671875
6d3d0b5533f68a28e08286b8a7357050,0,1,1,1,0,0,0,0,1,1,1,0,56,27.17352294921875
6d4a7b30f2a294b43279d3c1e5dddb5a,0,0,0,1,0,0,1,0,0,0,0,0,49,15.39862060546875
6d57afd53b50ae7285114036a38d0e92,0,0,1,0,0,0,0,0,0,0,0,1,72,42.83172607421875
6d5ad5c28ee0a166f643dd311cc08a94,0,1,1,1,0,1,0,0,0,0,0,0,41,7.91082763671875
6d601aa751ba8e7906a869360a22e036,0,0,1,1,0,0,1,0,0,0,0,1,36,31.82391357421875
6d639fb891c8c38c0b5ce71f46bea3fc,0,0,1,1,0,0,0,0,0,0,0,0,24,27.27996826171875
6d64599f680b89231ff935a4e3a094d1,0,1,1,1,0,0,0,0,1,1,0,0,28,19.20086669921875
6d64c59d968692164266dab0a5f4f9ec,0,0,1,1,0,0,0,0,0,0,0,0,31,29.54949951171875
6d66abfff024243564764a27cb825807,0,1,1,1,0,1,0,0,0,0,0,0,49,11.59246826171875
6d6d867aa1d8def5b15d94387d09fe83,0,1,1,1,0,0,0,0,0,1,1,0,15,9.48651123046875
6d7002c6eb16b4ab8abd8009327a76b7,0,0,1,1,0,0,0,0,0,0,0,0,30,34.33758544921875
6d7ba5e8a0b67c711e56779addeefcad,0,1,1,1,0,0,0,0,0,0,0,0,63,6.79656982421875
6d7c5a39ab9c5466e997596373be5bd7,0,1,1,1,0,0,0,0,0,0,0,0,39,11.29656982421875
6d7ce5f83a2b9cff96a58d80237a54e9,0,1,1,1,0,1,0,0,0,0,0,0,81,10.98748779296875
6d84ccdcedfad4b7244af854dca7fe6f,0,0,0,0,0,0,0,0,1,1,0,0,25,11.70037841796875
6d8b087ea01c8f06beb343338d8af53e,0,1,1,1,0,0,0,0,0,0,0,0,43,34.06219482421875
6d959ccf59c17134167239323773def2,0,1,1,1,0,0,0,0,1,0,0,0,33,19.08856201171875
6d9b60bd730387a6286291cc41b9070a,0,1,1,0,0,0,0,1,0,0,1,0,29,37.38201904296875
6d9c0902fb6fc225fd4cb8aec10c928e,0,1,1,1,0,0,0,0,1,1,0,0,100,13.81072998046875
6da83f4f22dcbdae2fcf7d3dab81263b,0,1,1,1,0,0,0,0,0,0,0,0,26,15.84442138671875
6da90875b9cb601a96f3765f9794da80,0,1,1,1,0,1,0,0,0,0,0,0,41,24.44158935546875
6db171f288cce088fa0b69ac1759976e,0,1,1,1,0,0,0,0,0,0,0,0,18,24.19549560546875
6db59cac06bbed063c3fec7b5b70d108,0,1,1,1,0,0,0,0,0,0,0,0,48,5.96063232421875
6db64451738c9c2e3ab1808b9a62021a,0,0,1,1,0,0,0,0,0,0,0,1,6,23.68768310546875
6dbaac638ede2cd7d6e849f161cc12e8,0,1,1,1,0,0,0,0,0,0,0,0,49,18.91912841796875
6dbf49c514df2b820023f20e148e4226,0,1,1,1,0,0,0,0,0,0,0,0,21,27.86199951171875
6dc1ae625a3bfb50571efedc0afc297c,0,1,1,1,0,0,0,1,0,0,1,0,48,27.55828857421875
6dc2675c1c5aeda3d2138e894b041258,0,1,1,1,0,0,0,0,0,0,0,0,29,18.38787841796875
6dc36548b3986b7ef3965a4419e610d2,0,1,1,1,0,0,0,0,0,0,0,0,42,12.12176513671875
6dcb7396e06ee6a538522d2f67f017db,0,0,0,0,0,0,1,0,0,0,0,0,100,32.79803466796875
6deb37a0ae9f3f0a4107844ef3b27988,0,1,1,0,0,0,1,1,0,1,1,0,13,11.42303466796875
6df1bb69803d7608ebaa074daba2792b,0,1,1,1,0,1,1,0,0,0,0,0,33,4.55194091796875
6df67c8457418728f593d7fc043b9261,0,0,1,1,0,0,0,0,1,0,0,0,33,2.54217529296875
6dfb5b910adb5929cac883cfaf7636a5,0,0,0,0,0,0,1,0,0,0,0,0,57,10.04803466796875
6dfe690c4431ac793f709a2e63cba724,0,1,1,1,0,0,0,0,0,0,0,0,19,24.51385498046875
6e00cdc1b2b5da72b331b3a44737300f,0,1,1,1,0,0,0,0,0,0,0,0,100,17.04364013671875
6e0462e01fc0a240564a40d25ad378e4,0,1,1,1,0,0,0,0,0,0,0,0,33,13.01092529296875
6e13c58db98b59dfc108b8c36d189b6c,0,1,1,1,0,0,0,0,0,0,1,0,23,19.04315185546875
6e17488a6480401b02ef78580f2b0157,0,1,1,1,0,0,0,0,0,0,0,0,2,9.83465576171875
6e178e0efae384daf5e1ac78e0b50010,1,1,1,1,0,1,0,0,0,0,0,0,26,16.42401123046875
6e1c8d0025d32361d44f0e979f93aa0d,0,1,1,1,0,0,0,0,0,0,0,0,56,15.38690185546875
6e1fa9b9cfa55604ac7243705af0d715,0,1,1,1,0,0,0,0,1,1,0,0,34,8.48895263671875
6e23c8f22612afbd3eea7e69e199136e,0,1,1,1,0,0,0,0,0,0,0,0,21,12.98455810546875
6e247091ba75c602966c00cb96d157b8,0,1,1,1,0,0,0,0,1,1,0,0,28,31.31512451171875
6e2500c4e6b6c0f61e681509c8229018,0,1,1,0,0,1,0,0,0,0,0,0,11,22.14178466796875
6e31357bf9291f62fcd98f24db4b5750,0,0,1,1,0,0,0,0,0,0,0,0,30,20.40106201171875
6e35ef5fe303fd2dc8c3d225749b7422,0,0,1,1,0,0,0,0,0,0,0,0,56,7.66864013671875
6e3a86392a4f2d2b1547575fe4341445,0,0,1,1,0,0,0,0,0,1,0,1,31,18.22235107421875
6e3e8417c6df9bc73130cb077f48c121,0,1,1,1,0,0,0,0,0,0,0,0,42,-4.94171142578125
6e4180a9483a9666b3835241d9fbfadb,0,0,0,0,0,0,0,0,0,0,0,0,42,9.50994873046875
6e4322abd15464e3eeff5e07bbeca8cf,0,1,1,0,0,0,0,0,0,0,0,0,26,29.49920654296875
6e53a22dc13d79d0258663c3d8c24453,0,0,0,1,0,0,0,0,0,1,0,0,43,15.97137451171875
6e67c43d8245ec25bc2f434afc297a53,0,1,1,1,0,0,0,0,0,0,0,0,13,19.50311279296875
6e68570b37d05e1ee493dee059a5d3da,0,1,1,1,0,0,0,0,1,1,0,0,15,4.63299560546875
6e6f6f0e7b7fc30d73955fedb1c271dc,0,1,1,1,0,0,0,0,1,1,0,0,18,21.54315185546875
6e8f463431409a0dfbf60663c53cce72,0,0,1,1,0,0,0,0,0,0,0,1,8,47.09637451171875
6e96ca52f3411725a1d6893962094470,0,1,1,1,0,0,0,0,1,0,0,0,42,7.34442138671875
6e9b59ef8089241e74c1e7a596dd978b,0,0,0,1,0,0,0,0,1,1,0,0,12,31.50897216796875
6eac498ca903d007cb0123ec4336b2e2,0,1,1,1,0,1,0,0,0,0,0,0,33,15.42254638671875
6eadf03ea41395f63c406c272d88509e,0,1,1,1,0,0,0,0,0,0,0,0,33,63.93572998046875
6eb430273ca835f82c585d6926f88b70,0,0,1,1,0,1,0,0,0,0,0,0,15,39.01141357421875
6eb5150422f8288b9350cefaa2ca349d,0,1,1,1,0,0,1,0,0,0,0,0,26,28.44500732421875
6eb5212fdf90ec3ca9beac9107b73d7e,0,1,1,1,0,0,0,0,0,0,0,0,72,32.44207763671875
6eb856c8cf987fa0c62c5b1d7c42882f,0,0,1,1,0,0,0,0,0,0,0,1,34,29.34344482421875
6ebb9e515e8dfcc84a26503be343c6bc,0,0,1,1,0,0,0,0,0,0,0,1,24,17.98211669921875
6ec2e2489197138114f5fa9dc02a686d,0,1,1,1,0,0,0,0,0,0,0,0,34,10.65350341796875
6ec49ac5bb2d6c09136229ab58f6f88c,0,0,0,1,0,0,0,0,0,0,0,0,28,24.81463623046875
6ed87db3f1a0db34213f22187a4396ce,0,0,0,1,0,0,0,0,0,1,0,1,40,15.84002685546875
6ed983f5b09e50be6b778175c0f74d98,0,1,1,1,0,0,0,0,1,1,0,0,38,10.42938232421875
6ee407bf29c9aecc83e315570450cf79,0,1,1,0,0,0,0,0,0,0,0,0,32,24.99920654296875
6ee6d90bb62b8b34c67c12d231147917,0,1,1,1,0,0,0,0,1,0,0,0,26,40.76141357421875
6eeb8175eac03012a9c50b4c742db55f,0,1,1,1,0,0,0,0,0,0,0,0,22,24.94989013671875
6eef2309c7d196d92c1fb33b20359b93,0,1,1,1,0,0,0,0,1,1,0,0,37,46.56463623046875
6efa8228efefbabc26cd68b09f4b965f,0,1,1,1,0,0,0,0,0,0,0,0,32,36.57147216796875
6efc6fb37465b04f50c5118c8c8791ea,0,1,1,1,0,0,0,0,0,0,0,0,13,12.36151123046875
6f01b8443ce73266d19465616f96a938,0,1,1,1,0,0,0,0,1,1,0,0,28,16.37127685546875
6f0af5c6bb824a12d0b8366a362f7d0e,0,1,1,1,0,0,0,0,0,0,0,0,32,20.16326904296875
6f0faef0f59424d2f48855c9ce5a1e10,0,1,1,1,0,0,0,0,1,0,0,0,32,7.27606201171875
6f111cd99f8a3dd9edb0fb7a7f2b2cd4,0,1,1,1,0,0,0,0,0,0,0,0,43,21.59051513671875
6f1912a847e9365e695ff71fc75bac93,0,1,1,0,0,0,0,0,0,0,0,0,34,24.70965576171875
6f1d0928b9e9836ce85ac4622b703a80,0,0,0,1,0,0,0,0,0,0,0,0,35,19.30389404296875
6f207e3b381a2c362a3a78e520d832f6,0,1,1,1,0,1,0,0,0,0,0,0,39,40.47625732421875
6f21f0d6b3548e963be46aec29f6331a,0,1,1,1,0,0,0,0,0,0,0,0,64,19.75799560546875
6f28ca866279bbf722b7874951ad33c4,0,0,0,1,0,0,1,0,0,1,0,0,44,-1.09552001953125
6f343ab5a102fb05cc1f425420372d10,0,0,1,1,0,0,0,0,1,0,0,1,30,27.47772216796875
6f383b872f8881f6c82c9449842ba081,0,1,1,1,0,0,0,0,0,0,0,0,24,14.85467529296875
6f3d7b269710321c1f5dbd9d1b7784b7,0,1,1,1,0,1,0,0,0,0,0,0,18,13.68133544921875
6f46cb8192d335aece3d11ac8e7b1cf8,0,0,1,1,0,0,0,0,0,0,0,1,11,24.99237060546875
6f4849e66b003e34be5065fea4dce653,0,1,1,1,0,0,0,0,1,0,0,0,22,1.77264404296875
6f4c804a2daf0b0ff03aa3c13c066fb4,0,1,1,1,0,0,0,0,0,0,0,0,100,27.21990966796875
6f6643eb51f6a9a5c81a1f04a6895041,0,1,1,1,0,0,0,0,0,0,0,0,48,4.37225341796875
6f6835ebda8ddd575a59498ad0091ca1,0,1,1,1,0,0,1,0,0,0,0,0,37,21.18035888671875
6f74890e457b6130549eba37863fbad4,0,1,1,1,0,1,0,0,0,0,0,0,52,20.02362060546875
6f794fe3c5729a414664b4dc88a67fef,0,0,1,1,0,0,0,0,0,0,0,1,24,12.76873779296875
6f85f3fb76ba51e750fac2ecb921f6cb,0,1,1,1,0,0,0,0,0,0,0,0,36,15.33319091796875
6f8cdaeac1c54a4f6586a2adbfa0cde7,0,0,0,0,0,0,1,0,0,0,0,0,40,12.34100341796875
6f8ffa69ab20704845d1669e840aef9f,0,1,1,1,0,0,0,0,0,0,0,0,100,12.81365966796875
6f9953e3fca147aed6c1427330ed6a2a,0,1,1,1,0,0,0,1,0,0,0,0,43,13.67303466796875
6f9f0cc786833513672553cb203a3033,0,1,1,1,0,0,0,0,0,0,0,0,32,15.68426513671875
6fa61a4d7b0262c37d12eebcc5178c64,0,0,0,0,0,0,1,0,0,0,0,0,54,25.38983154296875
6fb6c9d1477344254274320a7f5309e8,0,1,1,1,0,1,0,0,0,0,0,0,89,22.12567138671875
6fbfbb7602dfa549adaac0b71918dd38,0,1,1,1,0,0,1,0,0,0,0,0,32,31.19451904296875
6fc96264a63a2daf2ffacbbcb2f26b7f,0,1,1,1,0,0,0,0,1,1,0,0,35,25.98358154296875
6fc9a11c24842ced7fbcda02689694b4,0,1,1,0,0,0,0,1,1,0,0,0,70,8.98602294921875
6fdac4bf17d86ce3561694ce1739efc8,0,1,1,1,0,0,0,0,1,1,0,0,85,19.47576904296875
6fee2bcf70d2f458719e337ec5e0d087,0,0,1,1,0,0,0,0,0,0,0,1,13,42.44940185546875
6ff12cb9b54f1513593a6748411de1c0,0,1,1,1,0,0,0,0,0,0,0,0,6,17.67352294921875
6ff850d7e976afa06aef12f3a860b743,0,1,1,1,0,1,0,0,0,0,0,0,50,18.13201904296875
6ffbae72a33918217eb05e6c9fac05be,0,1,1,1,0,0,0,0,1,1,0,0,12,18.11395263671875
6ffe6b0d89c331f7cc27a9fe25249724,0,1,1,1,0,0,0,0,0,0,0,0,25,11.78143310546875
6fff633ed94d80dd7591361c5a14924e,0,0,1,1,0,0,0,0,1,1,0,1,26,34.25946044921875
70037b175994ff7c417ed2d81c6b538e,0,1,1,0,0,0,1,1,0,0,0,0,27,10.30780029296875
700db4fae0b34f8648ce3d96852232dc,0,1,1,1,0,0,0,0,0,0,0,0,35,9.68035888671875
700ef9116389f3e5551d6449a59f9f34,0,0,1,1,0,0,1,0,0,0,1,1,45,-0.88995361328125
70118e072ea135f1287e99d3f32bfa3f,0,1,1,1,0,0,0,0,1,1,0,0,48,13.48651123046875
70169624b1986f6e7ecf048ba96fc1ba,0,0,1,1,0,0,0,0,0,0,0,0,49,12.12127685546875
703575314c23b299e45b5fc4f3fcd357,0,1,1,1,0,0,0,0,0,0,0,0,76,28.18084716796875
70367305947c741f591e4b29a6470fdc,0,1,1,1,0,1,0,0,0,0,1,0,44,20.81854248046875
7038d25ea0c5a519bb341a32750c783f,0,1,1,1,0,0,0,0,0,0,0,0,81,18.94354248046875
70457c8ed4ce53fa71f5250f36b54558,0,1,1,1,0,0,0,0,0,0,0,0,27,11.42303466796875
70498b41f4bc22e2958b04b7c397f199,0,1,1,1,0,0,0,0,0,0,0,0,45,10.25311279296875
704fd9ed255d8843b7f1329ba9116001,0,1,1,1,0,0,1,0,0,0,0,0,55,12.42449951171875
705332503dcbc6ebf7dd322ec10580a7,0,1,1,1,0,0,0,0,0,0,0,0,13,21.23602294921875
705d4cbde24cbcba61c02f1108e373d8,0,1,1,1,0,0,0,0,1,1,0,0,32,20.21453857421875
705d74ca53f7d38baced3c5a9673ea23,0,1,1,1,0,0,1,0,0,0,0,0,77,23.25115966796875
705e30eae8553aa28395166a06c29152,0,1,1,1,0,0,0,0,0,0,0,0,52,7.43084716796875
7063b4b8fa4a85a86439b1b89d2237bd,0,1,1,1,0,0,0,0,0,0,0,0,64,16.48455810546875
7069e25708e9580a49a7e0f286342cf7,0,0,1,1,0,0,0,0,0,0,0,1,30,9.05487060546875
706dfb3b161f83142f7e288e89c53dd4,0,1,1,0,0,0,0,1,1,1,0,0,23,19.72869873046875
70708e35ee24679314624f79f8fae059,1,1,1,1,0,0,0,0,0,0,0,0,58,11.03387451171875
707adfa02bdaa55e10857fa684c840b9,0,1,1,0,0,0,0,0,0,0,0,0,24,39.10223388671875
707b0fe32e715bdc26047c82a1927a2f,0,1,1,1,0,0,0,0,0,0,0,0,24,27.25115966796875
7092c6d25cacf355b7e560239b255c5e,0,0,1,1,0,0,1,0,0,0,0,0,56,13.96795654296875
70959ab53e22eba5ff99c07b7bb52eab,0,1,1,1,0,0,0,0,0,0,0,0,18,14.67059326171875
709acf2879ab3f19e6e44586425f9aea,0,1,1,1,0,0,0,0,1,1,0,0,82,8.67352294921875
709aea1370fe4bc076506b7616a81ca0,0,1,0,0,0,0,0,0,0,0,0,0,28,20.11248779296875
70a4625b37354fc4464d2ef185fa2843,0,1,1,1,0,0,1,0,0,0,0,0,38,39.64031982421875
70ac2770371c791f51302b7ce2fd7308,0,1,1,1,0,0,0,0,1,1,0,0,34,12.31561279296875
70ae495881c399edb1e3300fad8a88b4,0,1,1,0,0,0,1,1,0,1,1,0,29,23.04315185546875
70b3340d024f77a06b12dffab2e51029,0,1,1,1,0,0,0,0,0,0,0,0,41,49.15594482421875
70ccd8d9c406a1246a607ecb8888e9cb,0,1,1,1,0,0,0,0,1,1,0,0,64,12.91424560546875
70ce65174e91ecbd4aa3e1352613775c,1,1,1,1,0,0,0,0,0,0,0,0,30,6.06951904296875
70d1c830a5282f3fc0103548d360b9ef,0,0,0,0,0,0,1,0,1,1,0,1,38,0.34442138671875
70d35485c8196fa26efd0e9f7bf91f1d,0,1,1,1,0,0,0,0,0,0,0,0,47,28.17694091796875
70d84af95038db3f409e519fdc25686b,0,1,1,1,0,0,0,0,0,0,0,0,58,33.29559326171875
70e3a82f092bf5d07b4743230008cfbf,0,1,1,1,0,0,1,0,0,0,0,0,49,18.64422607421875
70ee7d5d4626e063351135a46a2f4798,0,0,0,1,0,0,0,0,0,0,0,0,52,30.57586669921875
70f00096a8c4486df365e28bc4f1845e,0,1,1,1,0,0,0,0,0,0,0,0,23,9.62274169921875
70f8311b59a18dec55d9d15ca7344d25,0,1,1,1,0,0,0,0,0,0,0,0,35,7.82391357421875
70fb4e11b1a42d9079b14305ffad6b2e,0,1,1,1,0,0,0,0,0,0,0,0,26,12.61004638671875
711273c4c6c03b8edc6531713f8d1b0c,0,1,1,1,0,0,0,0,0,0,0,0,31,9.51678466796875
7114436eac271faac844afddb4169f13,0,1,1,1,1,1,0,0,0,0,0,0,37,20.44842529296875
712b6f2e29311baa83526fc1fce86456,0,1,1,1,0,0,0,0,0,1,1,0,20,17.17108154296875
713387f0041daa87210efdc6510fb1dc,0,1,1,1,0,0,0,1,0,0,0,0,3,28.89813232421875
713d5fcff4cbcbfb759661bfbd950d72,0,1,1,1,0,0,0,0,0,0,0,0,47,34.33612060546875
714baf3c1003cf62c9c11905dac059da,0,1,1,1,0,0,0,0,0,0,0,0,29,50.44012451171875
71557a9442c1bc589807ed4299800d39,0,1,1,1,0,0,0,0,0,0,0,0,30,8.21502685546875
7158c16d2568ef6e437e4cee1daaddd8,0,1,1,0,0,0,1,1,0,1,1,0,83,13.71746826171875
716ef13d8f31db759136f855f1210575,0,1,1,1,0,0,0,0,0,0,0,0,64,21.27166748046875
717cbda6038d5173c5a85169432a4b7b,0,1,1,1,0,0,0,0,1,0,0,0,52,32.76287841796875
717f79483f42d551d3a67f69a287fbf3,0,1,1,1,0,0,0,0,1,1,0,0,30,16.18670654296875
71809cd7016bcb28303e4dcae88a886e,0,0,0,1,0,0,0,0,0,0,0,0,26,12.00799560546875
71842617a64fc39157269ad88796d753,0,1,1,1,0,0,0,0,0,0,0,0,29,12.63885498046875
7188ee36ba85c73cac43f4f11dc2fbb1,0,1,1,1,0,0,0,0,0,0,0,0,31,23.35174560546875
718d3cfafb4f1fd6958b04438a964a3f,0,1,0,0,0,1,0,1,0,0,1,0,33,22.88250732421875
718e2f21d25e919c07bb60588e79eb6a,0,1,1,1,0,0,1,0,1,0,0,0,25,17.75506591796875
718f0b6e65759c71e29a938c6b933d02,0,1,1,1,0,1,0,0,0,0,0,0,55,16.83709716796875
719a57ed1567ddf9ab7407274920db8a,0,1,1,1,0,0,0,0,0,0,0,0,50,3.34979248046875
71a754b095975265485cc7d4ed74ec6b,0,1,1,1,0,0,0,0,0,0,0,0,33,40.02752685546875
71af8a1e9cd0d87bfb777a4e4a31851d,0,1,1,1,0,0,0,0,0,0,0,0,21,28.87908935546875
71b14aa8e51c79efc31940047e6fc9fa,0,0,1,1,0,0,0,0,0,0,0,0,56,19.15936279296875
71c43ce344ddb41341c7f4d1f34dd5b8,0,1,1,1,0,0,0,0,1,1,0,0,36,24.36053466796875
71cc7847cd73328e22f60a36d65e3adb,0,1,1,0,0,0,0,0,0,0,0,0,24,25.06414794921875
71d9cf5f53cc0a5fae0d006398a9b341,0,0,1,1,0,0,0,0,0,0,0,1,32,32.68035888671875
71da625923f88f4ce05e4680c29e61f1,0,0,1,1,0,0,0,1,1,1,1,0,71,25.62713623046875
71daa33b3a3c310bbdcd2d98d1243d90,0,1,1,1,0,0,0,0,0,0,0,0,60,17.41571044921875
71dab37e707c62c7a06c9335119ac050,0,1,1,1,0,1,0,0,0,0,0,0,41,32.15936279296875
71e07ac0669a0486b088edcda5cfaaf2,0,1,1,0,0,0,1,0,0,0,0,0,57,20.82928466796875
71e5e5292d640befd4115ef54d136622,0,1,1,1,0,0,0,0,0,0,0,0,27,20.77850341796875
71ea5446f8b14684f14539faab3ed993,0,1,1,1,0,0,0,0,0,0,0,0,26,24.63690185546875
71ea9a19d08a4705ba4b8e50f6272b34,0,1,1,1,0,0,0,0,0,0,0,0,74,42.69598388671875
71f15759ae02e17cfaae7904d527fa5d,0,1,1,1,0,0,0,0,0,0,0,0,68,27.51434326171875
71f4580a5125fe00c845503265baa6c0,0,1,1,1,0,0,0,0,0,0,0,0,30,117.95379638671875
71f518d929d1994e495ace36056e6a9e,0,1,1,1,0,0,0,0,1,0,0,0,44,8.36248779296875
71fa4d85742ba547591ffc91736c1f29,0,1,1,1,0,0,1,0,0,0,0,0,100,18.17791748046875
71fd3274741e369f39c95aad22edaa27,0,1,1,1,0,0,0,0,0,0,0,0,31,14.29022216796875
7203fe6220d41c147ce56185fe1e2262,0,1,1,1,0,0,0,0,0,1,0,0,41,31.49774169921875
720d8f582c3527b1641ff3391747dd15,0,1,1,1,0,0,0,0,0,0,0,0,53,13.91424560546875
720eef19631a1ca24755804370111b85,0,0,0,1,0,0,0,0,0,0,0,0,28,22.38592529296875
721096811f3e8b6667ff7153252866d5,0,1,1,1,0,0,1,0,0,0,0,0,44,29.12322998046875
7212367cef8aeb4a821aa3d9651d580b,0,1,1,1,0,0,0,0,1,1,0,0,31,13.20574951171875
721d316084ff00ac1e81124d021357ee,0,0,1,1,0,0,0,0,0,0,0,1,26,38.02117919921875
721f7039d9c5928e9a2c9a65bfeaa125,0,1,1,1,0,0,0,0,0,0,0,0,24,40.79071044921875
722e10d13f8b241bcd40b01733f7c3cb,0,0,0,1,0,0,0,0,0,0,0,0,26,33.21258544921875
722f9f87c38c62c5d0500e81413ba6e5,0,1,1,0,0,0,1,1,0,0,0,0,42,10.82391357421875
723a21d091e9f5c50f6399ebbd15415e,0,1,1,1,0,0,0,0,0,0,0,0,27,8.39862060546875
723a4045e4085ff0a12b43d8a0f34c54,0,1,1,1,0,0,0,0,0,0,0,0,29,27.32586669921875
723cf6fc73b3cd56d777b3595383d2b0,0,1,1,1,0,0,0,0,0,0,0,0,30,22.13934326171875
72561ce1373b2956ea571af24b9393cd,0,0,1,1,0,0,1,0,0,0,0,1,19,28.61346435546875
72566b27234abc99928f7a38009ff0cf,0,0,1,1,0,0,0,0,0,0,0,1,23,13.05926513671875
7259273caf25ba909013b953bb63076c,0,1,1,1,0,0,0,1,1,1,1,0,45,34.01727294921875
725a18ab58fc5c276a8c424d4be0dac1,0,0,1,1,0,0,0,0,0,0,0,1,29,26.31317138671875
725c9974b74258a5f1dccd8631feae59,0,1,1,1,0,0,0,0,0,0,0,0,41,21.47186279296875
725eadd7a7673c25460743352a46c641,0,1,1,0,0,0,0,0,0,0,0,0,30,58.02899169921875
726f589971edff773dd3dfd9303d4aa3,0,1,1,1,0,0,0,0,0,0,0,0,35,13.14129638671875
72797a88541d398a61c0fe85a0308df0,0,1,1,0,0,0,0,0,0,0,0,0,25,30.07635498046875
7279df64b5cc81da8e1ed86dbf2ef013,0,0,1,1,0,0,1,0,0,1,0,1,100,23.02215576171875
72878e96e29d43c6f0d5f32eccf494a8,0,1,1,1,0,0,0,0,0,1,0,0,25,17.11541748046875
72895d2a6f1e73686d5fb0630b742b17,0,1,1,0,0,0,0,0,0,0,1,0,21,11.37176513671875
72899fd479f3df76e9af9dbb0eec2a06,0,1,1,1,0,0,0,0,0,0,0,0,51,7.76922607421875
728bba055173f18dc9008593ff2a4766,0,1,1,1,0,0,0,0,1,1,0,0,3,18.63201904296875
728c8841df2b2b6589ea1a7bd5f8f775,0,1,1,1,0,0,0,0,0,0,0,0,43,32.35711669921875
729200801df548d84f27a63beb20344b,0,0,1,1,0,0,0,0,0,0,0,1,21,34.62567138671875
7296bd19e75e300ea1f815b454382517,0,1,1,1,0,0,0,0,0,0,0,0,41,29.32391357421875
72b33c9c368d86648b756143ab19baeb,0,1,1,1,0,0,0,0,0,0,0,0,19,28.38201904296875
72ba27091186d142c629921c55d11d66,0,1,1,1,0,1,0,0,0,0,0,0,53,12.96209716796875
72bfd1aa52ebdc4fcb16efd8ea6b7b50,0,1,1,0,0,0,1,0,0,0,0,0,35,16.23651123046875
72c16d672632032ad7460391b1f9d087,0,1,1,1,0,0,0,0,0,0,0,0,18,29.39862060546875
72c6432b12de1584e272d5e05c92ff66,0,1,1,1,0,0,0,0,0,0,0,0,53,22.95623779296875
72c998c6c958925757d16b8a13bc6558,0,0,1,1,0,0,0,0,1,0,0,1,28,3.09930419921875
72c9baf6307a8f1a94783197510814d3,0,0,1,1,0,0,0,0,0,0,0,1,63,26.58465576171875
72cd1cd9b7558049086a0f12d16cad55,0,1,1,1,0,0,0,0,1,1,0,0,19,11.05633544921875
72d5750213926a524a34aef116a663ef,0,1,1,0,0,0,0,0,0,0,0,0,30,42.63299560546875
72d957112b49a0dc0532c9c0e3d205a4,0,1,1,1,0,0,0,0,0,0,0,0,34,38.11444091796875
72eac1589fd15f6de1c20c1de654188e,0,0,1,1,0,0,0,0,0,0,0,0,49,28.37860107421875
730579c18a1a7ed3f8a53ce34f168a7e,0,1,1,1,0,0,0,0,0,0,1,0,53,16.06854248046875
73081589e58eb4e91ba8d516b2eab818,0,1,1,1,0,0,0,0,0,0,0,0,9,13.86053466796875
730b1d801c9731bd679d2789fa648726,0,0,1,1,0,0,0,0,0,0,0,0,32,5.92059326171875
730c5f05912dae6d790bf611069a5935,0,1,1,1,0,0,0,0,0,0,0,0,35,26.68084716796875
732053e77ce8dbc84af0b0ffd3f51297,0,1,1,0,0,0,0,0,0,0,0,0,26,22.56610107421875
7324e8db1732aea4c905251724821a7f,0,1,1,1,1,0,0,0,0,0,0,0,31,14.46893310546875
7339432826a552c24acceb664066d173,0,1,1,1,0,0,0,0,0,0,0,0,63,3.86688232421875
733a827b0d04f612c166e5defd27b4ae,0,1,1,1,0,0,0,0,0,0,1,0,41,40.26629638671875
734625dd6353128d606f074e4e3ce8f9,0,0,1,1,0,0,0,0,0,0,0,0,18,15.74920654296875
734ab5178a0a4df74c546df5bd45487d,0,1,1,1,0,0,0,0,1,1,0,0,100,21.56903076171875
734e4b50f605931aaf0a821f02484958,0,0,1,0,0,0,1,0,0,0,0,0,65,7.70819091796875
734f87c71ec301e638e2716f6a044d18,0,1,1,1,0,0,0,0,0,0,0,0,28,12.65057373046875
7350d50427f5b78f2169bea2cbdc160a,0,0,0,0,0,0,1,0,0,0,0,1,90,17.49578857421875
735dc0f3c6764854c5f26dc32be1c199,0,0,1,0,1,0,0,0,1,1,0,0,74,6.70428466796875
736593afb3b532ba4b50cddc28eff2b3,0,1,1,1,0,0,0,0,0,0,0,0,31,10.73260498046875
73688bda3add176b89a9f6ed71912026,0,0,1,1,0,0,0,0,0,0,0,1,28,17.90594482421875
736d9fbe239fcfe424cbc4cb6131a788,0,0,0,0,0,0,0,0,0,0,0,0,41,21.89715576171875
7374d17965f12edf7d2c8bddfad243e6,0,1,1,1,0,0,0,0,0,0,0,0,100,27.69549560546875
737c7a82e6829f178182f9530fee744b,0,1,1,1,0,0,0,0,0,0,0,0,20,23.45379638671875
737d4ccb9b2b523ca9fec00420e22c50,0,1,1,1,0,1,0,0,0,0,0,0,67,26.68280029296875
7383963f13a454c843afc888bb2ad7b3,0,1,1,1,0,1,1,1,0,0,1,0,34,7.44647216796875
738a02cd0b3845dd6fc9b1982163cfc4,0,1,1,1,0,0,1,0,0,0,0,0,49,24.61346435546875
739650d74c58a173af7121df13ddd8d1,0,1,1,1,0,0,0,0,0,0,0,0,77,16.78436279296875
7398cb06ae730e370d7985aae45db974,0,1,1,1,0,0,0,0,0,0,0,0,35,21.35955810546875
739cba9185af52d0c75622311576a7cb,0,1,1,1,0,0,0,0,0,0,0,0,32,13.05535888671875
73a3ee2aaefcf02dac27973b536d51b5,0,1,1,1,0,0,0,0,0,0,0,0,55,11.80096435546875
73a7d3bd6ab8bff0b8b937a5f8ae603a,0,1,1,1,0,0,0,0,0,0,0,0,32,13.11444091796875
73ae37656baaeae5fe4bc697a354ef53,0,1,1,0,0,0,1,0,0,1,0,0,30,13.35418701171875
73b1610f0764c93d024e6433340d51c0,0,1,1,1,0,0,0,0,0,1,0,0,63,25.12322998046875
73ca4fd4d05f4a644a81a5be58a7b8d2,0,1,1,1,0,0,0,0,0,0,0,0,22,15.72723388671875
73d05b1291236967afae9610405cf922,0,1,1,1,0,0,0,0,0,0,0,0,60,34.71893310546875
73d123d01c5e4722854a2718042464f4,0,1,1,1,0,0,0,0,1,1,0,0,19,34.82733154296875
73e0f1ad086334bb338d18f827803ec0,0,1,1,0,0,0,0,0,0,0,0,0,24,38.62420654296875
73e5eec192a19041e6d37b90c802cac3,0,1,1,1,0,0,0,0,0,0,0,0,43,11.27850341796875
73ed58a341bd92eea421661ad2062bf0,0,1,1,1,0,0,0,0,0,0,0,0,31,37.59051513671875
73f9e8a6d0926f7c5201f034406d986d,0,0,0,1,0,0,1,1,0,0,1,0,100,38.86590576171875
7416ca83f02ad1bf701dfeafb58508aa,0,0,1,0,0,0,1,0,0,0,0,0,29,5.13739013671875
74179c3f0a8efb4a2ccec5951c96917f,0,1,1,1,0,0,0,0,1,1,0,0,30,8.84979248046875
742e00c57fae409a46e1d9d2b8443edb,0,0,0,1,0,0,0,0,0,0,0,0,42,13.89666748046875
74399c514c3262d9ac05fb97c886c5c2,0,0,1,1,0,0,0,0,1,1,0,0,28,11.63983154296875
743e0dd34de02f9400279d54fb81c150,0,1,1,1,0,0,0,0,0,0,0,0,43,6.66082763671875
74486b1b8e445941c10cf35a5ff86b63,0,1,1,0,0,0,0,1,0,0,0,0,48,12.73260498046875
74496e0136966cf22cc39185a98ede92,1,1,1,1,0,1,0,0,0,0,0,0,22,5.90301513671875
74611d9e53a16b6bc0c101b49310d3a9,0,1,1,1,0,0,0,0,0,0,0,0,23,2.98406982421875
7473a90c0f7b640d3cb80f14b6a7bf9e,0,1,1,1,0,1,0,0,1,0,0,0,63,8.66717529296875
74744b5a74313fe11acfb439ca0bb33e,0,1,1,1,0,0,0,0,0,1,0,0,25,12.54998779296875
748207dee144c43cffe948e942ec8693,0,1,1,1,0,0,0,0,0,0,0,0,38,12.58074951171875
7487a5b5fa5f9a1d9ac2c9521c7dfaa0,0,0,1,1,0,0,0,0,0,0,0,0,39,11.92156982421875
7487d18c75f5f8eec9b171231bfe616f,0,1,1,1,0,0,0,0,0,0,0,0,29,24.65594482421875
748d4d5545a04b50513f74476422ddc5,0,1,1,1,0,0,0,0,0,0,0,0,32,16.82733154296875
7492ef3b832425a230a199547a28395d,0,0,0,1,0,0,0,0,0,0,0,0,48,28.94354248046875
7493eaca3423850f4d67c7ad3749de08,0,1,1,1,0,0,0,0,0,0,0,0,25,29.06610107421875
74990cbcaf8148e9a6ac407d18a5e94d,0,1,1,1,0,0,0,0,1,0,0,0,17,13.68426513671875
74a1c4f7b145201ccfceda0a530bee62,0,0,0,1,0,0,0,0,0,0,0,1,13,36.49627685546875
74a535e5b6c1020864c1bc0d5ca3ff8a,1,1,1,1,0,0,0,0,0,0,0,0,39,36.10516357421875
74ca20ae6cf0531976efdaf4401fe85d,0,1,1,1,0,0,0,0,1,1,0,0,26,11.32098388671875
74ce953b950e4e6b8ddfcce939ad27e3,0,0,0,1,0,0,0,0,0,0,0,0,33,5.27703857421875
74da8ea6cb3f4df4458408fd8c7f7d8e,0,0,0,1,0,0,0,0,0,0,0,0,44,17.09442138671875
74de0e6e23b17471e08c667bcf17ae1a,0,0,1,1,0,0,0,0,0,0,0,1,18,26.93963623046875
74e41a94f4b96eace97323b7634e9060,0,1,1,1,0,0,1,0,0,0,0,0,95,4.25067138671875
74e5984f0ccdd7ab89fb79a6b88d7ccd,0,1,1,1,0,0,0,0,0,0,0,0,27,31.28240966796875
74ec528de95a0b75fd71a4a0d0309dfe,0,1,1,1,0,0,0,0,0,0,0,0,34,4.25750732421875
74fd033e5d9e8be039b6f52704884576,0,0,1,1,0,0,0,0,0,0,0,0,95,8.10321044921875
750974a96b7f5e6234afa8dae151941b,0,0,1,0,0,0,1,0,0,0,0,0,34,20.89569091796875
750dba6d672dd27bf035f78703a48fc8,0,1,1,0,1,0,0,1,0,0,1,0,46,29.29754638671875
751810cd9844b685df870370fe30efe3,0,1,1,1,0,0,0,0,0,0,0,0,39,12.72772216796875
7519e0d3fec71f972d4012e84433bc83,0,0,1,0,0,0,0,0,0,1,0,0,19,20.60321044921875
75271e3f533fb1b1d0c6fd3b1c2a0444,0,1,1,1,0,0,0,0,0,0,0,0,25,7.98358154296875
75273eb40ee020d344afd1030c289fa5,0,1,1,1,0,1,0,0,0,0,0,0,28,10.03533935546875
752a539fa67b36b27900db17144a97af,0,1,1,1,0,1,0,0,0,0,0,0,20,22.50555419921875
752b8ea52a9107a201d991acd4a0007c,0,0,1,1,0,0,0,0,1,0,0,0,56,26.14080810546875
752d94e1aac4bd1b61916afe7ce40745,0,1,1,1,0,0,0,0,0,0,0,0,31,16.27166748046875
75319020ccd3340a9924eadfa042ff07,0,1,1,1,0,0,0,0,0,0,0,0,40,21.72576904296875
7538317e6a3c84208aa408a467b4c171,0,0,1,1,0,0,0,0,0,0,0,0,31,33.53289794921875
753ee51f839673e9ffc4e3e9dfc54091,0,1,1,1,0,0,0,0,0,0,0,0,32,17.50750732421875
7540f69e338fe56b1330f88c042d453b,0,1,1,1,0,0,0,0,0,0,0,0,50,36.87274169921875
754410deef95b3b5da4111aefa3aad37,0,1,1,1,0,0,0,0,1,1,0,0,23,11.70428466796875
75503d74a990a8c6b54d161858f7f9b9,0,1,1,1,0,0,0,0,0,0,0,0,26,16.83807373046875
7550fac99f357d3f540fe15e9ed50e20,0,0,1,1,0,0,0,0,0,1,0,1,100,12.83123779296875
7554ff0fa3619164c5ac739f11ff0f1c,0,1,1,1,0,0,0,0,1,1,0,0,34,26.61883544921875
755716da853558b1b02035eed9dc6765,0,0,1,1,0,0,0,0,0,0,0,0,48,22.59100341796875
7566ce655fdf9370586002d569793303,0,1,1,0,0,0,0,0,0,0,0,0,27,13.05291748046875
756e59c04643bcc7f7a734b79005fcc2,0,1,1,0,0,0,0,1,0,0,0,0,15,19.79022216796875
756fdd054ae0d47456bb35f2eec991a2,0,1,1,1,0,0,0,0,0,0,0,0,29,6.22723388671875
7577bf284829c1d0045cddf9c56ffa9f,0,1,1,0,0,0,1,0,0,1,0,0,47,26.06463623046875
757c0e2d901a9b4f5353ed082e7b666e,0,1,1,0,0,0,1,1,0,1,1,0,56,25.33807373046875
757e81d97174c6cfb164b0a785756609,0,1,1,1,0,0,0,0,1,1,0,0,8,6.27996826171875
75871b719e3b15d3064962876b6c5190,0,1,1,1,0,1,0,0,0,0,0,0,70,19.81512451171875
758cceb612eae9fe5db0bb47c6374176,0,1,1,1,0,0,0,0,0,0,0,0,11,19.61199951171875
75949bdfb06047bb48a13a4832c573a5,0,0,1,1,0,0,0,0,0,0,0,1,40,32.92987060546875
75a157dd761d0ef59df32583d3e0cd33,0,1,1,1,0,0,0,0,0,1,0,0,39,27.44598388671875
75af5627670c3c6f5009f7b19fb2aa58,0,1,1,1,0,0,0,0,0,1,0,0,76,27.55047607421875
75b1af6cfbab3f89ce78bb6502092fe7,0,1,1,1,0,0,0,0,1,1,0,0,46,-1.53594970703125
75bbc4cb2239912d7ee1bfeff8e29e9a,0,1,1,1,0,0,0,0,0,0,0,0,29,17.58221435546875
75c2165e3168a00852562fdb25e0e8e9,0,1,1,1,0,0,0,0,0,0,0,0,44,19.08416748046875
75c5f50baea5caa346dd5d77906aaeb5,0,1,0,1,0,0,0,0,0,0,0,0,4,6.50067138671875
75c657b362d28b89607c538205d7071b,0,1,1,1,0,0,0,0,0,0,0,0,12,23.15350341796875
75cd7f99e954a20861e8cfe5ae51af47,0,1,1,1,0,0,0,0,1,1,0,0,28,13.90106201171875
75d1bacdfdc827ff34dcfb809ad36615,0,1,1,1,0,0,0,0,1,0,0,0,40,7.32342529296875
75ea8affbfa0cd6c10154bc0a8f734c1,0,1,1,1,0,0,0,0,0,0,0,0,42,17.38153076171875
75fe1261102680756e2100d42ebce240,0,1,1,1,0,0,0,0,0,0,0,0,47,2.49041748046875
75fea3609428ffa2c92b8842fa003da8,0,0,0,0,0,0,1,0,0,1,0,0,37,31.80389404296875
76086f4b38e57d9f15b642ec21ef0295,0,1,1,1,0,0,0,0,1,1,0,0,36,11.60174560546875
760e820174313ac0129717104927f466,0,1,1,1,0,0,0,0,0,0,0,0,31,20.50018310546875
761d1f569772b0e277f0be2995395184,0,1,1,1,0,0,0,0,0,0,0,0,39,11.08758544921875
76246a76f183239ba991139cf2383a7b,0,0,0,1,0,0,0,0,0,0,0,0,32,11.59295654296875
76290394517408a842dcd19bbc24b1dd,0,1,1,1,1,0,0,0,0,0,0,0,44,11.71405029296875
762fc0db8d6af02bd0efe2961fe8af5b,0,1,1,0,0,1,0,0,0,0,0,0,64,9.43328857421875
763c0fbfd75593c2911a33603c28dc45,0,0,0,0,0,0,1,0,0,0,0,0,18,8.27947998046875
763d66b9cf01069602a968e573feb334,0,1,1,1,0,0,0,0,0,0,0,0,46,27.06317138671875
76420f02afab76d2a6eab95efc816347,1,1,1,1,0,0,0,0,0,0,0,0,29,21.41326904296875
764494ca3030656328990db142c14255,0,0,0,1,0,0,0,0,0,0,0,0,33,38.49432373046875
76581ecde950a9da274bbbefe4c3cdb4,0,1,1,1,0,0,0,0,0,0,0,0,39,12.10418701171875
7659b2106984d209bad6d4ee6c53a99f,0,1,1,0,0,0,0,1,1,0,1,0,22,29.43865966796875
76620872c8555aa86b2f28121bebf0f0,0,1,1,1,0,0,0,0,0,0,0,0,34,17.95574951171875
76732a0418b481b2f85212e27624c467,0,1,1,1,0,0,0,0,0,0,0,0,46,26.80584716796875
76769dbee1699e04ae1befa3128db7d6,0,0,0,1,0,0,0,0,0,0,0,0,100,9.64324951171875
767747e49dd0d32d08e3bdc574f6a5c6,0,1,1,1,0,0,0,0,0,0,0,0,28,16.59100341796875
7678f82b5d3c1313a5344cfb2d1e71e3,0,1,1,1,0,0,0,0,1,1,0,0,11,12.86004638671875
76816abc2116fb6baaa740a63d2417b9,0,0,1,1,0,0,0,0,0,0,0,0,44,15.80633544921875
76835180a7a7418f60d04e6cec588996,0,0,0,0,0,0,0,0,0,0,0,0,30,14.38397216796875
768592681e734c377a3f56dbc1cb56f4,0,1,1,1,0,0,0,0,0,1,0,0,23,14.96893310546875
7698362f7f59512504635070521d3494,0,1,1,1,0,1,0,0,0,0,0,0,27,11.83465576171875
76b2af70c38318f0229a3f9afc376135,0,0,1,1,0,0,0,0,1,0,0,0,56,26.61639404296875
76b49ec9e93679193ead2bc697978a31,0,1,1,1,0,0,0,0,0,0,0,0,40,6.66717529296875
76c0ed01ac344a1009d8fb228b25c431,0,1,1,1,0,0,0,0,1,1,0,0,2,23.14276123046875
76c8a6dfb60a15cbe2f6c73ba1517318,0,0,1,1,0,0,0,0,0,0,0,1,40,39.08416748046875
76e3988dd37d391f24104285a177b30f,0,0,1,1,0,0,0,0,0,0,0,1,34,19.25750732421875
76e68d02a303a3c13cb2ba6caaffb9a3,0,1,1,1,0,0,0,0,0,0,0,0,31,20.90936279296875
76e93d0b23a8c656283fe56edd77b8b6,0,0,0,0,0,0,1,0,0,1,0,0,18,25.68572998046875
76eb039bd235e7a69a8f4f1590b60cff,0,1,1,0,0,0,1,1,0,0,1,0,35,7.54998779296875
76eea156482f85e1bf068251427e6b35,0,1,1,1,0,0,0,0,0,0,0,0,26,18.17840576171875
76efe30b722f01c8ea700876c71ff974,0,0,1,0,0,0,1,0,0,0,0,1,44,39.20428466796875
76f2ec5a058049988b2db6ee2b4f6e0a,0,1,1,1,0,0,1,0,0,0,0,0,19,31.09979248046875
76fe0f92dda40ebe05e5c81cc8d340d5,0,0,0,1,0,0,0,0,0,0,0,0,25,14.65740966796875
77041f99e81e0d0fc6000e1050f0f477,0,1,1,1,0,0,0,0,1,1,0,0,26,12.47674560546875
771453d6944eeb1602086dd62aa7b619,0,0,1,1,0,0,0,0,0,0,0,0,85,26.84246826171875
7715a3aa3e5555abe79017cc645a8f32,0,1,1,1,0,0,0,0,0,1,0,0,67,43.48602294921875
7717f6498bf663249a2cd116c7574ce2,0,1,1,1,0,0,0,0,0,0,0,0,27,32.52508544921875
771faad9f05775c4eff77a4be1a4dc1d,0,1,1,1,0,0,0,0,0,0,0,0,83,2.22772216796875
771fed3dfe69b556234ab4748c880d3d,0,1,1,1,0,0,0,0,0,0,0,0,21,23.98260498046875
7722d31833fab3e08594459694753489,0,1,1,1,0,0,0,0,0,0,0,0,31,4.22625732421875
77230a6c1f84bf591858f0ff8c90c5ba,0,1,1,1,0,0,0,0,0,0,0,0,100,37.48797607421875
772c5680646d3a5635a2e242776f9202,0,1,1,1,0,0,1,0,0,0,0,0,69,-8.27227783203125
773279d78aa336fce6975ad9787b06fc,0,1,1,1,0,1,0,0,0,0,0,0,40,22.30780029296875
7732b3e8b1732af17d07dcd904ad4453,0,0,0,1,0,0,0,0,0,0,0,0,25,30.22869873046875
77364a67ce5dfe7f1143069f21150959,0,1,1,1,0,0,1,0,1,0,0,0,29,34.95965576171875
775cd8b0f25292846f5c14f8cf94d7fc,0,1,1,0,0,0,0,0,0,0,0,0,54,22.31170654296875
77633616a0fc67bc28c569f57e37f2f9,0,1,1,1,0,0,0,0,0,0,0,0,64,17.06951904296875
7765120d9956807236112a744c80c0c9,0,1,1,1,0,0,0,0,1,1,0,0,43,9.86395263671875
776d7ed84385d8538fd9d01f7b8ba3c7,0,1,1,1,0,0,0,0,0,0,0,0,31,26.13739013671875
776d92567e4d173093527335741f49c6,0,1,1,1,0,0,0,0,1,1,0,0,23,18.50946044921875
7775c9259560eb4af94d4d32107c9ae4,0,1,1,1,0,0,1,0,0,1,1,0,61,48.71844482421875
7781d297a8834048d730f82cadcfd8bb,0,1,1,1,0,0,0,0,1,1,0,0,20,5.41717529296875
778360d45f7a49ea4989e85a48ee7c3a,0,0,1,1,0,0,0,0,1,1,0,1,43,15.05877685546875
778a486cb130acbf2345343e3e8c619b,0,0,0,1,0,1,0,1,0,0,1,0,30,24.63885498046875
77943932db23d3a6f1dfa380dc8724a4,0,1,1,1,0,0,0,0,0,1,0,0,45,16.48895263671875
77996f2b49057e6ae279a21a5be33604,0,0,0,1,0,0,0,0,0,0,0,1,20,10.14862060546875
77b3de670f75fafc044de65089a99bae,0,1,1,1,0,0,0,0,0,0,0,0,38,13.20379638671875
77c4053e877f9019526b0cbe9de9eb7c,0,1,1,1,0,0,0,0,0,1,0,0,14,10.28143310546875
77db05e643591bc3599addd5a2898166,0,1,1,1,0,0,0,1,1,1,1,0,28,6.94061279296875
780ef19ef5cb6b2421365b7d36d8d70d,0,1,1,1,0,0,0,0,0,0,0,0,50,17.77020263671875
781467467eb65cfae6c90eb5c9b9be90,0,1,1,1,0,0,0,0,0,0,0,0,25,20.79315185546875
781819e4933a988aa8f83680edcb7578,0,1,1,1,0,0,0,0,1,1,0,0,22,9.99237060546875
7822c1f967388476955def2567734a4d,0,1,1,1,0,0,0,1,0,0,1,0,89,51.20965576171875
78264c2ed568e64acb23c7d7c4db0e00,0,0,1,1,0,0,0,0,0,0,0,1,48,18.92938232421875
7828376e521a338c9be5215ae500de92,0,1,1,1,0,0,0,0,0,0,0,0,35,14.13348388671875
782ff00b80b8b564c0cbd79167f928cb,1,1,1,1,0,0,0,0,0,0,0,0,36,14.43280029296875
783a54fba1f9930911bb4b40743eeac2,0,1,1,1,0,0,1,0,0,0,0,0,39,15.42303466796875
7845e854ba35597be2a5e78802d22dc8,0,1,1,1,0,0,0,0,1,1,0,0,18,17.97821044921875
7848373a117379029ae236655ebf939c,1,1,1,1,0,0,0,0,0,0,0,0,50,25.48846435546875
7852acde2aee2217d0a05d64e90fd642,0,1,1,1,0,0,0,0,0,0,0,0,47,10.37420654296875
78552b541a523acf470dd01d3e0db230,0,1,1,0,0,0,1,0,0,0,0,0,37,23.11395263671875
7860ba1688a0d73302d432d8c69b53da,0,1,1,0,0,0,0,0,1,0,0,0,80,20.30145263671875
786186a27ca2f07054cd1a50b5ae0af4,0,0,1,0,0,0,0,0,1,0,0,0,16,2.26287841796875
78624bfd0298c5a5eae43349ec6d168c,0,1,1,1,0,0,0,0,0,0,0,0,39,11.41375732421875
786a35ac0e6f8c2a7216ea7e551b23b4,0,1,1,1,0,0,1,1,0,0,1,0,5,8.11639404296875
786d4fdf14a947b073aeb1afe800e960,0,1,1,1,0,1,0,0,0,0,0,0,22,20.31854248046875
786d78699da322151513b05188e69d68,0,1,1,1,0,0,0,0,1,0,0,0,79,10.54998779296875
787311a4ff53886328687aa6cdc9bebf,0,1,1,1,0,0,0,0,0,0,0,0,32,13.64373779296875
7879fc5cd7c0e2859b0ca72347ae7953,0,1,1,1,0,0,0,0,0,0,0,0,31,35.12469482421875
787c7fbcc03f72bb4f9500d82e84d2eb,0,1,1,0,0,0,0,0,0,0,0,0,76,19.93670654296875
788d64caf1582c14af234778f6f85244,0,1,1,1,0,0,0,0,0,0,0,0,41,33.45086669921875
78a02b3cb6ed38b2772215c0c0a7f78e,0,1,1,1,0,0,1,0,0,0,0,0,5,19.75897216796875
78aa76b997774d4fb90bdc14d170639d,0,1,1,1,0,0,0,0,0,0,0,0,41,25.66229248046875
78b5cf7622e0b81e161b008d525b355e,0,1,1,1,0,0,0,0,0,0,0,0,46,14.69500732421875
78bafb32f2f22c07994b213ad87d961c,0,1,1,1,0,0,0,0,0,0,0,0,49,17.92156982421875
78c090320f0d5c140cc1f0ea69102893,0,0,0,0,0,0,0,0,1,0,0,0,37,10.40301513671875
78c0c654e78ee1ec9fb67deba52ae422,0,1,1,1,0,0,0,0,0,0,0,0,38,18.18280029296875
78c0fc23d8d4cbb116b2825891298c0f,0,1,1,1,0,1,0,0,0,0,0,0,44,14.13739013671875
78c31b2b5f385b9d16db97ed6516c5c5,0,1,1,1,0,0,0,0,0,1,0,0,16,18.43914794921875
78c987a6049c1cdd0b1a3c21cfa7b635,0,1,1,0,0,0,1,1,0,0,1,0,37,24.56365966796875
78dd218688ddab73802ad8b921da9b7e,0,1,1,1,0,0,0,0,1,1,0,0,59,47.57977294921875
78de7e6e09bec460ce89e6a49e6da509,0,1,1,0,0,0,0,0,0,0,0,0,59,9.67742919921875
78e8eadbc0e9113de305474ea46e466a,0,1,1,1,0,0,0,0,0,0,0,0,37,14.17449951171875
78ed8f081f15fa4d685981de05fdb7b4,1,1,1,1,0,1,1,0,0,0,0,0,43,14.18084716796875
78f25bcf9441a4330797bbf0ff8f207b,0,1,1,1,0,0,0,0,0,0,0,0,33,44.14422607421875
78f6e357abe29c4d67b3bf6cbe625367,0,1,1,1,0,0,0,0,0,0,0,0,44,16.58123779296875
78fb4b0ed77cefc75843df370b2f11aa,0,1,1,0,0,0,1,1,0,0,1,0,46,28.73455810546875
78fc5fe902adf38030eb21061b5d2c27,0,1,1,1,0,0,0,0,1,1,0,0,27,12.18182373046875
7902e1334658f22efd44ce495bb0d698,0,0,0,0,0,0,0,0,0,0,0,1,6,18.21112060546875
790d29026989f4dfaf096eca5fce34d2,0,1,1,1,0,0,1,0,0,0,0,0,18,15.38885498046875
79106bd64f751fcdee25a78bb8c59063,0,1,1,1,0,0,0,0,0,0,0,0,41,31.03436279296875
7917260fc15e6ee1e08e999d12139dbe,0,0,0,0,0,0,0,1,0,0,1,1,30,44.68328857421875
792d280441f23736d79c816cbd53f77b,0,1,1,1,0,0,0,0,1,1,0,0,33,11.13299560546875
79364b9aed773cc5a830318efdae5da8,0,1,1,1,0,1,0,0,0,0,0,0,46,13.41229248046875
79382403a5d9b7342632f6d59088aa5e,0,1,1,1,0,0,0,0,0,0,0,0,89,8.12518310546875
7939ed9480224278677f31840965b0fd,0,1,1,1,0,0,0,0,1,1,0,0,25,11.05487060546875
793f9168f5c88f23ca2d42cc42e6bc8e,0,0,0,0,0,0,1,0,0,0,0,0,66,8.65008544921875
79424b028111eecc894703f1c3085951,0,1,1,1,0,0,0,0,0,0,0,0,23,8.52459716796875
7944616467681c15726dcc3c67ef4ef1,0,1,1,1,0,0,0,0,0,0,0,0,50,10.86883544921875
794b64b46efa91f829fb3a730d6c2f6e,0,1,1,1,0,0,0,0,0,0,0,0,29,46.72576904296875
7954ebb5c90d9618e34959df0ad5f062,0,1,1,1,0,0,0,0,0,0,0,0,38,25.94451904296875
79567546f83ee9dc6fbf2422d2ab589e,0,0,1,0,0,0,0,0,0,1,1,0,29,29.76385498046875
795d13dffddff5117508f9be34b4334b,0,1,1,1,0,0,0,0,1,1,0,0,36,23.04998779296875
796a61f17861bd0f6a3481689235271c,0,1,1,1,0,1,0,0,0,0,0,0,55,13.88787841796875
796ef0fc0b6e4cddea6baf47eb085687,0,0,0,0,0,0,1,0,0,0,0,0,71,34.72186279296875
797df3217446c7e00215da9b7181044e,0,1,1,1,0,0,0,0,0,0,0,0,36,19.61737060546875
7991d99f9009fcd9dde5eec4cc4214f1,1,1,1,1,0,0,0,0,0,0,0,0,26,6.64569091796875
7991e8647e0e3335b629d89c4f07cfdb,0,0,1,0,0,0,0,0,0,0,0,1,23,11.18865966796875
799440bc194ea9fd0247e272716ca174,0,1,1,1,0,0,0,0,0,0,0,0,37,9.10565185546875
7999b09c9634ae0341e4fe22db4f7500,0,1,1,1,0,0,0,0,0,0,0,0,25,44.42645263671875
79a09eb82db47db64ada90c9d2a8fea8,0,0,0,0,0,0,1,0,0,1,0,0,29,10.98602294921875
79a1e271d616d36e192d210f2fa533a5,0,0,0,1,0,0,0,0,0,0,0,0,63,4.49334716796875
79a74730fb5746a11773aab17a584daf,0,1,1,1,0,0,0,0,0,0,0,0,42,37.96746826171875
79ad50002156d86a1b5b9d814470ced7,0,1,1,1,0,0,0,0,0,0,0,0,30,26.57781982421875
79b49ea93a8fe2d281414c4e56351973,0,1,1,1,0,1,0,0,1,1,0,0,69,12.49432373046875
79b6c7d6437d23ecf2a93a82c7ca9649,0,1,1,1,0,0,0,0,1,1,0,0,18,11.64080810546875
79b81ded47ff20fb3680088ba18177ae,0,1,1,1,0,0,0,0,0,0,0,0,27,28.40301513671875
79c27c7882258b0b171838166fe18ce4,0,1,1,1,0,0,0,0,0,0,0,0,54,17.80780029296875
79c4152a95ca04745ea2e593add52f3b,0,1,1,1,0,0,0,0,0,0,0,0,22,28.31756591796875
79c4c8a60770561bedc286e04084f14b,0,1,1,1,0,0,0,0,1,1,0,0,18,11.50555419921875
79d29f5a8ef92e243fc1683e106a33b9,0,1,1,1,0,0,0,0,0,0,0,0,23,14.67254638671875
79e5d0c5f3c73130b3fd0f9070f1e4b6,0,1,1,1,0,0,0,0,0,0,0,0,67,13.44354248046875
79e6b2a1f4a0d2849554e169ca14c5b3,0,1,1,1,0,0,0,0,0,0,0,0,28,2.99090576171875
79e8cb84ee7ce3cb16797df18e05b642,0,1,1,1,0,0,0,0,0,0,0,0,40,6.82391357421875
79ede6eb99f623c17adbd9ba7117c113,0,0,1,1,0,0,0,0,1,1,0,0,52,7.27117919921875
79f25d37998332323ba28f1ab31e90dc,0,0,1,1,0,0,0,0,0,0,0,0,49,16.45721435546875
79f4816b0262872e87d074af8d4cff6a,1,1,1,1,0,0,0,0,0,0,0,0,21,4.03924560546875
79fcfb6f841fbb81358a3bfad2cd8551,0,1,1,0,0,0,0,1,0,0,1,0,12,20.56463623046875
7a00a5d89e16ed2c1833886f869dd8f6,0,1,1,0,0,0,0,0,0,0,0,0,26,5.26483154296875
7a021cd2584f110cdde805cc6a07d2cf,0,1,1,1,0,1,0,0,0,0,0,0,26,5.58123779296875
7a0b1392582a43d8e3157db15d876242,0,0,1,1,0,0,0,0,0,0,1,1,20,44.52215576171875
7a0e6749781a1f273dc668bee8f48224,0,1,1,1,0,0,0,0,0,0,0,0,63,20.32733154296875
7a0e70fc3610419bc0b2763e65f43ca6,0,0,1,0,0,0,0,0,0,0,0,0,30,17.48992919921875
7a2e3dad6d651397b42527948545e2f0,0,0,0,1,0,0,1,0,0,0,0,0,34,5.00555419921875
7a344495e871b3ca4fc1a4b13c8e0a2b,0,0,1,0,0,0,0,0,0,0,0,0,46,9.44256591796875
7a41ed51ec75e5ac5d1010e42a14a32e,0,0,0,1,0,0,0,0,0,0,0,0,49,21.58123779296875
7a4d9010801d745798255051430a3cb7,0,1,1,1,0,0,0,0,0,0,0,0,22,56.50506591796875
7a5d49a9ffcaeaba88eda51865f977f3,0,1,1,0,0,0,1,1,0,1,1,0,33,23.18817138671875
7a5f8536ae38374c021fc9b39e4c0d68,0,0,1,0,0,0,1,1,0,0,1,0,71,18.32928466796875
7a645c8fb8066b5c26dfb46e28ea4eec,0,1,1,1,0,0,0,0,0,0,0,0,24,8.45233154296875
7a651cbc37807c25f557b53ae0968140,0,1,1,1,0,0,0,0,0,0,0,0,87,16.40106201171875
7a6963139dfe7bad4652e5dd560c5b31,0,1,1,1,0,0,0,0,1,1,0,0,30,43.33709716796875
7a7c061631b8c1704037be94c70d0b85,0,0,1,1,0,0,1,0,0,0,0,0,29,3.73553466796875
7a82140f85c43dd97e5547bc3d90e58e,0,1,1,1,0,0,1,0,0,0,0,0,23,32.05975341796875
7a8e6ee0d706003833bc6b9218395162,0,0,1,0,0,0,0,0,1,1,0,0,83,5.17205810546875
7aa177e751764d35062e62b695ee6296,0,1,1,0,0,0,0,0,0,0,0,0,17,21.58221435546875
7aa86df3d5d23a1ff465555874d85e70,0,1,1,1,0,0,0,0,0,0,0,0,28,20.36395263671875
7ab7b845968f6908c17b4ea708a02359,0,1,1,1,0,0,1,0,0,1,1,0,52,37.56854248046875
7ac1608c5eede70fecb239d8b3c64abd,0,1,1,1,0,0,1,0,1,1,0,0,34,8.85272216796875
7ac42de38b53682fce62c8afa34dc2bd,0,1,1,0,0,0,0,0,0,0,0,0,14,29.49578857421875
7ac67ce95bd088c0dc78147cff931fe4,1,1,1,1,0,0,0,0,0,0,0,0,21,6.76678466796875
7acccb66ca6c9a67731ff01d7923da0f,0,0,0,1,0,0,1,0,0,0,0,0,75,9.65740966796875
7acdee56781ed31a12ce98714dd902d9,0,1,1,0,0,1,0,1,0,0,0,0,44,12.87762451171875
7ad11c3e4d4a926b957a5940d0bc57b4,0,0,1,0,0,0,0,0,0,1,0,0,79,16.51043701171875
7ad53e9873c7a08b0c19abcc1e20c1d7,0,1,1,1,0,0,0,0,0,0,0,0,29,17.44842529296875
7ad98a4834b5fbe22a1de335462fa299,0,1,1,1,0,0,0,0,0,0,0,0,41,5.38983154296875
7ae6ec5f7d1f7707d5f20b7219731827,1,1,1,1,0,0,0,0,0,0,0,0,36,31.27166748046875
7aeb6d587317171a50f8c598c09141dd,0,0,0,1,0,0,0,0,0,0,0,0,34,45.65057373046875
7af48bb7190c236d8876fe529b449c3f,0,1,1,1,0,0,0,0,1,1,0,0,59,26.94256591796875
7af7070edddee81f511dd9abfe517c21,0,0,0,1,0,0,0,0,0,0,0,1,32,28.97283935546875
7afb8fd8b86db3ff7a61bffbe380fe3d,0,1,1,1,0,0,0,0,0,0,0,0,35,27.61053466796875
7b0411b22e791a712af41140c7f29dfd,0,0,0,0,0,0,0,0,0,0,0,0,39,1.10174560546875
7b0b22f45bc34374d008f3949aa3bd6d,0,1,1,1,0,0,0,0,0,0,0,0,17,24.42645263671875
7b0c2fccb60a43375c4dc1108d05be34,0,0,0,1,0,0,0,0,0,0,0,0,32,15.87713623046875
7b17abe6ce87ad23d81cf88d1bb81ec2,0,1,1,1,0,1,0,0,0,0,0,0,22,35.91668701171875
7b191a7aba2e259b97987b9d0827731b,1,0,0,1,0,0,0,0,0,0,0,0,53,28.36346435546875
7b2a921cc744aecdd5d4a77ebf3a3d9c,0,1,1,1,0,0,0,0,1,1,0,0,42,23.75994873046875
7b2e8d29e86b29302ad4910a6dc1c9fa,0,1,1,1,0,0,0,0,1,0,0,0,60,12.52947998046875
7b364e839afd0c6d5d7ddad79345b9bf,0,1,1,1,0,0,0,0,0,0,0,0,11,31.97137451171875
7b424a288d2ebd54bc983da75c680308,0,1,1,1,0,0,0,0,0,0,0,0,7,22.84344482421875
7b46a2e00b8b6a980d248a2ec333890d,0,1,1,0,0,0,1,0,0,0,0,0,80,96.24041748046875
7b4c408fa4ad8bc1d1a720dc0417c8b6,0,1,1,1,0,0,0,0,0,0,0,0,25,2.34393310546875
7b4f8a8d9ad9920e5143d0e4c71aaa87,0,1,1,1,0,0,0,0,0,0,0,0,39,23.19207763671875
7b54416912627d76e2baa8778fd4b582,0,1,1,1,0,0,1,0,0,0,0,0,44,3.37860107421875
7b55e5927709c4ddb3cad58a9af0098b,0,1,1,1,0,0,0,0,0,0,0,0,33,14.33856201171875
7b569e003118bb6ebb4cfcb17230bcab,0,1,1,1,0,0,0,0,0,0,0,0,22,39.55682373046875
7b688b582fe645c430ba6d7ab6891f16,0,0,1,1,0,0,0,0,0,0,0,0,100,12.72430419921875
7b6897906f827a400070270cb1cc9a01,0,0,1,1,0,0,0,0,0,0,0,0,17,42.56561279296875
7b70b67d4387390155913efc251b4d2d,0,1,1,1,1,1,0,0,0,0,1,0,32,30.16326904296875
7b77e1a6d93667b575d57db83facd860,0,1,1,1,0,0,0,1,0,0,0,0,27,21.76287841796875
7b79f94fa631062d89b4517bcd10bd36,0,1,1,1,0,0,0,0,1,1,0,0,44,16.86004638671875
7b7abc41b4912f1bb56a76b51ddb72a0,0,1,1,1,0,0,0,0,0,0,0,0,53,7.81463623046875
7b831a895a8bd9871ea1283e35b443ee,0,1,1,1,0,0,0,0,0,0,0,0,16,21.74969482421875
7b83f3aae30a67c0aa7cb51d0aa846a9,0,1,1,1,0,0,0,0,0,0,0,0,63,15.46209716796875
7b8c0626f805588242dcdab569af63c0,0,1,1,1,0,0,0,0,0,0,0,0,29,23.61444091796875
7b95421836eb0029ff757e05bb77256f,0,1,1,1,0,0,0,0,0,0,0,0,23,9.81219482421875
7ba10254b64e21dad13f08311bd288b7,0,1,1,1,0,0,0,0,0,0,0,0,9,47.55926513671875
7ba18b83a89a747fcd20540736a39644,0,1,1,1,0,0,0,0,1,1,0,0,75,11.78045654296875
7ba2acdfd739bb6ae5e4f84003b4e946,0,1,1,1,0,1,1,0,0,0,0,0,87,4.47869873046875
7bbb9f710fe5bb76ad8a62cc805167d9,0,1,1,1,0,0,0,0,1,1,0,0,54,17.23944091796875
7bc10db33f175731c499fc1342feef62,0,1,1,1,0,0,0,0,0,0,0,0,27,10.57830810546875
7bc760d9698682938a7a0017b2a0b951,0,1,1,1,0,0,0,0,1,1,0,0,22,13.07440185546875
7bc80bd3f9f64f2ae1910de970812cd4,0,1,1,1,0,0,0,0,0,0,0,0,62,29.67059326171875
7bcacb71569fcee7bc9c290521494d8f,0,1,1,1,0,0,0,0,0,0,0,0,23,12.26580810546875
7bd60a11bea75fc5c291dce39ea8a2ba,0,1,1,0,0,0,0,0,1,0,0,0,39,18.16815185546875
7bd8e3df5ce91d4cf12c138b67ec8200,0,1,1,1,0,1,0,0,0,0,0,0,60,40.51922607421875
7bdee06ba59433029e28d0a8bdb089d2,0,1,1,1,0,0,0,0,0,0,0,0,35,17.22967529296875
7be98be04c9b82b4e699c375f9835e52,0,1,1,1,0,0,0,0,1,1,0,0,14,8.77459716796875
7beadc78baaf1ecdb028037255ccf3ba,1,1,1,1,0,1,0,0,0,0,0,0,39,68.68133544921875
7c030012d916f77f860a1f33f4c05f0c,0,1,1,1,0,0,0,0,0,0,0,0,50,15.80047607421875
7c041fd9ed4c83ac88a3e9e0487a02ec,0,1,1,1,0,0,0,0,1,0,0,0,47,12.24334716796875
7c0653c3898abe6a69d8b12e43c7b309,0,1,1,1,0,0,0,0,0,0,0,0,91,21.11346435546875
7c0664ccdad96a139992764877626bdf,0,1,1,1,0,0,0,0,1,1,0,0,38,28.66619873046875
7c0823a883cd0bd4dd10dde7d232853b,0,1,1,1,0,0,0,0,0,0,0,0,31,14.65838623046875
7c09a00a06593b328e45784d0243a7c5,0,1,1,1,0,1,0,0,0,0,0,0,67,8.54803466796875
7c0f44d7ebca6a7b7c1a57fd0ccd6fd3,0,1,1,1,0,0,1,0,0,0,0,0,25,19.95037841796875
7c15f7e48627357464dad8097ba65b9e,0,0,0,0,0,0,1,0,0,0,0,1,17,37.74432373046875
7c1ac48473361fd79fc10538202d7d3c,0,1,1,1,0,0,0,0,1,0,0,0,30,16.08123779296875
7c22839381dc61c3f5e4e763911efb51,0,1,1,1,0,0,0,0,1,1,0,0,38,18.33807373046875
7c27966b5e4eaba1d81b45cc0bcb1ea4,0,1,1,1,0,0,0,0,1,1,0,0,67,10.86834716796875
7c2d6da4877e3cf578b768aeaa96fbb4,0,1,1,1,0,0,0,0,1,0,0,0,100,9.46405029296875
7c2f4251a8e1b1e626f6fed0eee85fbb,0,1,1,1,0,0,0,0,0,0,0,0,71,15.64617919921875
7c2feefe44074ca186e9e406f215fd40,0,0,1,1,0,0,0,0,0,0,0,1,22,17.74627685546875
7c33ba5a3893b2279735cd1a9390e5bb,0,0,1,1,0,0,0,0,0,0,0,0,42,6.72967529296875
7c3f45746449b467639de7ee01435900,0,0,1,1,0,0,0,0,0,0,0,1,16,31.43182373046875
7c422a6a65763675c93df17366f481ea,1,1,1,1,0,0,0,0,0,0,0,0,73,16.95233154296875
7c44a21e96f915dad9d34a89c88f6e87,0,1,1,0,0,0,0,0,0,0,0,0,15,16.49530029296875
7c4a6d18505f404f985a18b2e9841073,0,1,1,1,0,0,0,0,0,0,0,0,28,25.68963623046875
7c58a3861afde87271e79cbc3759251c,0,1,1,1,0,0,0,0,0,0,0,0,37,40.44549560546875
7c5bb869ebdd55911ba1cee387e6861a,0,1,1,1,0,0,0,0,0,0,0,0,21,10.33758544921875
7c625739d4edc72650b47c7969d68709,0,1,1,1,0,0,0,0,0,0,0,0,38,20.04559326171875
7c628ec3f5f8c70f0de38c560c38e969,0,1,1,1,0,0,0,0,0,0,0,0,13,21.37908935546875
7c6f4e7195cfe6303f849bb48b1d835b,0,1,1,1,0,0,0,0,0,0,0,0,36,10.35467529296875
7c76cbe42c3e5e7b3b154a6d7a5bcaa8,0,1,1,0,0,0,0,0,0,0,0,0,51,39.12567138671875
7c7d6527dbf61551225ba2e18e12d49c,0,1,1,1,0,0,0,0,0,0,0,0,37,27.38397216796875
7c8407e16da429e09750b32bcab54e7f,0,0,0,1,0,0,0,0,1,0,0,0,28,16.79559326171875
7c89fb3aa355c96db3f0281618185fb6,0,1,1,1,0,0,1,0,0,0,0,0,2,9.55340576171875
7c8ab3f26ff7104abc7e008b8d51b1e9,0,1,1,1,0,0,1,1,0,0,1,0,34,6.25213623046875
7c8fece20a3366e596f26bed98a144da,0,1,1,1,0,1,0,0,0,0,0,0,29,21.60174560546875
7c99b8e1c098f361bcbbce98c11d096f,0,1,1,1,0,0,0,0,0,0,0,0,40,6.79510498046875
7caa3b8a267e4539a3d5e382dfaeb736,0,1,1,1,0,1,0,0,0,0,0,0,26,14.80682373046875
7cadc06d108b22539659623f92449593,0,0,1,1,0,0,0,0,0,0,0,0,19,26.63787841796875
7cb88ae176833abcd2a019fbb97c6c14,0,0,0,1,0,0,1,0,0,0,0,0,70,7.55584716796875
7cbecd9d2421bd1a7aa2a2553c93c7f9,0,0,0,1,0,0,0,0,0,0,0,0,24,13.98114013671875
7cca4f745ae9e2f23b89028d3a6fb1ef,0,0,1,1,0,1,0,0,0,0,0,1,43,42.42938232421875
7cd21ca032aba6f4ac5f4555b8381782,0,1,1,0,0,0,0,0,0,0,0,0,27,23.57489013671875
7cd2a220e484e77150bfe9ec02925ded,0,1,1,1,0,0,0,0,0,0,0,0,14,16.25897216796875
7cd4881006acd4d1d003dd5e2dbd862a,0,1,1,1,0,0,0,0,0,0,0,0,68,50.29022216796875
7cd90348ea343336cf913fafeadc3b71,0,1,1,1,0,0,0,0,0,0,0,0,26,40.30389404296875
7ce6d4d3bd21bcdca35ba35af63d2757,1,1,1,1,0,0,0,0,0,0,0,0,41,15.86199951171875
7cf13d655a8d0d6a1d636c3920d49e86,0,0,1,1,0,0,0,0,0,0,0,0,33,20.35711669921875
7cfbf378b9004a3f6e8d50a0847a8e2e,0,1,1,1,0,1,0,0,0,0,0,0,100,9.49725341796875
7cfc6702873d260e8c3819eb0dace2b0,0,1,1,1,0,0,0,0,0,0,0,0,57,43.28240966796875
7d038222dfc0c6965216b8014171421b,0,1,1,1,0,0,0,0,0,0,0,0,74,31.26092529296875
7d04cb58a691fcb78a96a061d80ac2e8,0,1,1,1,1,0,0,0,0,0,0,0,43,14.17303466796875
7d08147b4ea2cb472eb5243ca99244d2,0,1,1,1,0,0,0,0,0,0,0,0,26,17.78631591796875
7d094bf6103910ab01794e48e33dc1de,0,1,1,1,0,0,0,0,0,0,0,0,47,14.31756591796875
7d0db98439c2130b75986fdec4c6e9cb,0,1,1,1,0,0,0,0,0,0,0,0,32,11.73992919921875
7d0e1f98e31cdb4572ca54d1f6f6a2aa,0,1,1,1,0,0,0,0,0,0,0,0,63,15.20819091796875
7d0f66a9846de9cd2f2031a8a5f17df2,0,1,1,1,0,0,0,0,1,1,0,0,42,37.45770263671875
7d11b96646e71ae29ee7266eef9b8ee1,0,0,0,1,0,0,0,0,0,0,0,0,41,11.50408935546875
7d12b1110072d91db3ace8f4eae7fbcb,0,1,1,1,0,0,0,0,0,0,0,0,25,14.25848388671875
7d1c4750aae2721a847c3f927074e132,0,0,1,1,0,0,0,0,0,0,0,0,26,-11.34796142578125
7d1f655640045fd826688182e1d01478,0,1,1,1,0,0,0,1,1,1,1,0,73,27.97772216796875
7d21364cacbe6b9700ca590fd864bf9e,0,0,0,0,0,0,1,0,0,0,0,0,49,28.75897216796875
7d2682432573974b88c076a0aad2a331,1,1,1,1,0,0,0,0,0,0,0,0,25,23.63397216796875
7d29062f1d26d65791ddd3590dabfa5f,0,0,1,1,0,1,0,0,0,0,0,0,37,15.89373779296875
7d3174fa969ad47439f514638fd9241f,0,1,1,1,0,0,0,0,0,0,0,0,33,5.21600341796875
7d38f1676260dbe4abb921f585a502a5,0,0,0,1,0,0,0,0,0,0,0,0,25,17.02801513671875
7d3e97b0f41537d872f4fa617d0cbf05,0,1,1,1,0,0,0,0,1,0,0,0,2,16.82342529296875
7d4305835416b6d44ecc7090d19ab587,0,1,1,1,0,0,0,0,0,0,0,0,20,21.18084716796875
7d47157bc08044ae8bee90e581db907b,0,1,1,1,0,0,0,0,0,0,0,0,23,8.38250732421875
7d498d7ec2d92d4e36a02b33e42e5a46,0,0,0,1,0,0,0,0,0,0,0,0,36,18.35369873046875
7d4c5ec8b917645aeb82f2d262da554e,0,1,1,1,0,0,0,0,0,0,0,0,33,7.41522216796875
7d5f4030d1c23c2009d42fec3018072e,0,1,1,1,0,0,0,0,1,1,0,0,31,31.52606201171875
7d6b8333ed660f94ddc49efaff211144,0,1,1,1,0,0,0,0,0,0,0,0,27,15.12176513671875
7d6c4c2c3889b7c24843042a4d907c7c,0,1,1,1,0,0,0,0,0,0,0,0,43,9.60955810546875
7d6d67f9252dfe1096eeb9e9981a9de9,0,1,1,1,0,0,0,0,1,1,0,0,28,25.48016357421875
7d7bb3292d851c2aae4492b4d4efc313,0,1,1,0,0,0,1,0,0,0,0,0,17,16.99334716796875
7d8c8997566df6c19754aaed54861d17,0,1,1,1,0,0,0,0,0,0,0,0,3,16.39813232421875
7d928b8407072c4c09af468904f628a1,0,1,1,1,0,0,0,0,1,1,0,0,46,13.37615966796875
7d9d5a8560371d99c5b891e577796841,0,1,1,1,0,0,0,0,0,0,0,0,23,29.63104248046875
7d9daa4b58801a62ed7dd9272a7249a5,0,1,1,1,0,0,0,0,0,0,0,0,25,14.19793701171875
7d9dd8f380a3bfd488ba8c43ca4f52b1,0,1,1,1,0,0,0,0,0,0,0,0,41,8.66766357421875
7da94573bf17e9af3d9875e47fbc0c29,0,1,1,1,0,0,0,0,1,1,0,0,37,19.18182373046875
7daf79a78d7de57ea8355f0a81728e37,0,0,0,0,0,0,1,0,0,0,1,0,19,10.67205810546875
7dba6357b70122c49f1ec4f163c71e2d,0,1,1,1,0,0,1,0,0,1,0,0,24,12.34002685546875
7dbc8b4b0e898b8d909ece3cd930c8aa,0,0,1,0,0,0,1,0,0,0,0,0,45,14.65252685546875
7dc4de0daaae6095c8f68b24ae543a53,0,1,1,0,0,0,1,0,0,1,0,0,48,33.86834716796875
7dc6a737fc15a78a820e14c00692cfc9,0,1,1,0,0,0,0,0,0,0,0,0,91,16.87957763671875
7dca41e137eab5abdba413d359b1160d,0,0,1,1,0,0,1,0,0,0,0,0,81,21.40399169921875
7dcf4e243e18ff049e5989b10d6fa58c,0,0,0,1,0,0,0,0,0,1,1,0,24,22.72772216796875
7dd5b209f46a790d79ac3e8a11fd643a,0,1,1,1,0,0,0,0,0,1,0,0,19,20.46551513671875
7dd949718a6e4b136ac2322bf35f3c4d,1,1,1,1,0,0,0,0,0,0,0,0,11,12.94744873046875
7ddbcd828933d1872f08a79d99f92e73,0,0,0,1,0,0,0,0,0,0,0,0,20,8.36932373046875
7de8778b21c5bd74f2c1826ed6c48d43,0,1,1,0,0,0,0,0,0,0,0,0,22,6.89276123046875
7dea94db1ec7d8e8f8c682ec2cf75e60,0,1,1,1,0,0,0,0,0,0,0,0,76,27.25018310546875
7df1092592a907991eba741b19e687ae,0,0,0,1,0,0,1,0,0,0,0,1,23,17.30389404296875
7df96ba5da6d7dbbb68a2ee0543f5bf0,0,1,1,1,0,0,0,0,0,0,0,0,26,17.19012451171875
7e0560ab8a783e601f9218df38a760a4,0,1,1,1,0,0,0,0,0,0,0,0,20,8.92205810546875
7e12fec922a9c72079639ec1e70e10d9,0,1,1,1,0,0,0,0,0,0,0,0,41,23.59783935546875
7e16f0f7e11be74776cc3d9df2b5be58,0,1,1,1,0,0,0,0,0,0,0,0,34,29.66717529296875
7e2cf61a45c0161b4c61e584a2f11952,0,1,1,1,0,0,0,0,0,0,0,0,64,16.84344482421875
7e3d6d03218db540c6125630572aa7cd,0,1,1,1,0,0,0,1,0,0,0,0,19,16.24822998046875
7e51d9305ec464c1f77cfee35ceb1b4f,0,1,1,1,0,0,0,0,0,0,0,0,18,14.36199951171875
7e56aa71d1e091e004703283323e8e7f,0,1,1,1,0,0,0,0,0,0,0,0,25,33.76141357421875
7e5d1650d5cda4d68f2ee8ce17c29b25,0,0,1,1,0,0,0,0,0,0,0,0,27,21.43768310546875
7e601feb12f2fb03c2d342e54cd47b1e,0,1,1,1,0,0,0,0,0,0,0,0,100,9.51824951171875
7e6ca633d2a751af58e1cc220ca519b3,0,1,1,1,0,0,0,0,0,0,0,0,25,6.68377685546875
7e717923c22053e51861a24aae701fb0,0,1,1,1,0,0,0,0,0,1,0,0,38,11.76385498046875
7e761f47cc1e3038a431f9f196234ab9,0,1,1,1,0,0,0,0,0,1,0,0,100,10.51043701171875
7e7921ed945c3c863882340360c9157d,0,1,1,1,0,0,0,0,0,0,0,0,19,25.87860107421875
7e8763e28a01c059b7a8d119c5ae0dc0,0,1,1,1,0,0,0,0,1,1,0,0,20,16.85174560546875
7e93691bef9bc381590cf004358ee11a,0,0,1,1,0,0,0,0,1,1,0,1,62,53.71893310546875
7e947e83394b6d74f1ec4f5b596bed6a,0,1,1,1,0,0,0,0,0,0,0,0,35,29.02996826171875
7e9d46bd87849a49ada5f2c336c9d929,0,1,1,1,0,0,0,0,0,0,0,0,29,17.55780029296875
7e9df6c36fd06411ce717d0ce761af35,0,1,1,0,0,0,1,0,0,1,0,0,19,26.76141357421875
7ea78b0c0bb036b1bbb76b99ec0b731c,0,1,1,1,0,0,0,0,0,0,1,0,16,11.35662841796875
7ead412443b3b7f598c53fbf9335caac,0,0,1,1,0,0,0,0,0,0,0,0,27,12.59197998046875
7ebc00bdcf3101c2f270c309fee0e8db,0,1,1,1,0,0,0,0,0,0,1,0,36,25.15789794921875
7ec3ce65d3cd31e2f94b5631b7b36269,0,1,1,1,0,0,0,0,0,0,0,0,64,20.86346435546875
7ed7fcecc7525b46ea035053ffdbb8d1,0,1,1,1,0,0,0,0,0,0,0,0,41,10.58514404296875
7edbf87e8f86e5f7d5ff516fb22cc6cc,0,1,1,1,0,0,0,0,0,0,0,0,45,14.87762451171875
7ede49445a993940ca73f80e30b72f62,0,0,1,1,0,0,0,0,0,0,0,0,24,32.84539794921875
7ee35b83aeae89bfe0fa2b3135d4093d,0,1,1,1,0,1,0,0,0,0,0,0,23,22.02459716796875
7ee884b74aa7494a3e3bc81eec288179,0,1,1,0,0,0,0,0,0,0,0,0,13,32.78680419921875
7eec0c691c2ab9dbc323d02705ed007a,0,1,1,1,0,0,0,0,0,0,0,0,60,11.24041748046875
7ef02470415d7e947fdf77bd735430e0,0,1,1,0,0,0,1,0,0,0,0,0,23,14.56268310546875
7ef592803c8d99fc52eece62a96d1b0b,0,1,1,1,0,0,0,0,0,0,0,0,47,14.40106201171875
7efc1fcb12fb54f80d34562c85f81e72,0,0,0,1,0,1,0,0,1,1,0,0,40,16.39862060546875
7f03ac2d6c6b57ef728e1d884a127608,0,0,1,1,0,0,1,1,0,0,0,1,40,24.37518310546875
7f04d8216c0586c8dba67206b719d142,0,1,1,1,0,0,0,0,1,1,0,0,37,12.35174560546875
7f09ff2d440b5a8d70bcb28a46e2673c,0,1,1,1,0,0,0,0,0,0,0,0,29,-2.18341064453125
7f0c2fb59564c5d7e819abc746444935,0,1,1,1,0,0,0,0,0,0,0,0,23,11.01678466796875
7f0d60e63067d71624a57102ee473ab4,0,0,1,1,0,0,0,0,0,0,0,1,20,43.86541748046875
7f18162c81ef0e4921efef44a3585c6c,0,0,1,1,0,0,0,0,0,0,0,0,100,27.10809326171875
7f3583a21d03cbc6b705f71f57a1a8d1,0,1,1,1,0,1,0,0,0,0,0,0,33,-3.02423095703125
7f37109195b2a5a07902aacdc93c1664,0,1,1,1,0,0,0,0,0,0,0,0,81,27.90399169921875
7f3a546f1ab910b786639f82aba6052b,0,1,1,1,0,0,0,0,0,0,0,0,35,21.91229248046875
7f3c58cebed583077c17a67ff267026b,0,1,1,1,0,0,0,0,1,1,0,0,48,20.31317138671875
7f4bf4f299a2cc610f7650dbad3189fe,0,1,1,0,0,0,1,1,0,0,1,0,42,17.32537841796875
7f4ee41b84fe83cb55100f8fffad1320,0,1,1,1,0,0,0,0,1,1,0,0,43,2.02459716796875
7f5727b6404a35c8e587676f0b03db8f,0,1,1,1,0,1,0,0,0,0,0,0,61,0.99627685546875
7f6c759bc836e8c7334c515b4fce24f8,0,1,1,1,0,0,0,0,0,0,0,0,33,13.92449951171875
7f6d1ab5310bfe6f6b327e9b07428b69,0,1,1,1,0,0,0,0,0,0,0,0,29,27.80389404296875
7f6ddf2437724fa4281fc6b80482392c,0,1,1,1,0,0,0,0,1,1,0,0,43,0.57098388671875
7f8a62852be9ab41efa3678eb54f9ee2,0,0,1,1,0,0,1,0,0,0,0,1,54,22.16424560546875
7f9c19acd1d490cd52d62fe9acd47e69,0,0,0,1,0,0,0,0,1,0,0,0,27,43.15643310546875
7fae17e282ab5ceaa43ddbdbe0695665,0,1,1,1,0,0,0,0,0,0,0,0,25,0.70037841796875
7fb2c315000a6e3dc62816c899bf04b2,0,1,1,1,0,0,0,0,0,0,0,0,14,4.85565185546875
7fb3916ad59a1f87da25b758e0112ec4,0,1,1,1,0,0,0,0,0,0,0,0,34,9.83514404296875
7fb924732056466e563163bd49702f25,0,1,1,1,0,0,0,0,0,0,0,0,14,6.98309326171875
7fc2eb40d7d6582bb4005476c68fd4bd,0,1,1,1,0,0,0,0,0,0,0,0,3,8.57684326171875
7fc4c3c2f368b6b514caf42d1aca63f0,0,0,1,1,0,0,0,0,1,1,0,0,26,15.25360107421875
7fc71b8da143721939715b1cfe22122f,1,1,1,1,0,0,0,0,0,0,0,0,19,24.62176513671875
7fe2ad2b04ae41462d21f234f4985792,0,1,1,1,0,0,0,0,0,0,0,0,21,6.75018310546875
7fe699229fa9791b9a02acfd5cce1c08,0,0,0,1,0,0,0,0,0,0,0,0,18,3.15447998046875
7ff344ae45b79b175cb7431891613137,0,1,1,1,0,1,0,0,0,0,0,0,41,15.71990966796875
7ff580be49ee1a2a36fb1fe1c663da8b,0,0,0,0,0,0,1,0,0,0,0,0,23,23.08709716796875
800a3820599a37b84d31a01813689e66,0,1,1,1,0,0,0,0,0,0,0,0,41,6.96697998046875
801119ab22c7fa337c1e0186ea05419f,0,1,1,1,0,0,0,0,0,0,0,0,62,0.70867919921875
8015d9571102d281efc567c76055f7a4,0,1,1,1,0,1,0,0,0,0,0,0,36,33.29119873046875
8021dd93ca97635ecb360584e1ff21be,0,0,0,1,0,0,0,0,0,0,0,0,76,9.45721435546875
802cc0a2bc726c0b3b7b0469b4678d74,0,1,1,1,0,0,0,0,1,0,1,0,20,10.83905029296875
80343c67dce7506b83b106948672cbba,0,1,1,1,0,0,0,0,0,0,0,0,50,17.24432373046875
8036d7c5d74c67ce7432b47c53e59d37,0,0,1,1,0,0,0,0,0,0,0,0,35,14.40887451171875
803bb1db4f00079a0be91f3319de78f9,0,1,1,1,0,0,0,0,0,0,0,0,20,28.33905029296875
803ea4a2eb7c9837ce934e6b87895562,0,1,1,1,0,0,0,0,1,1,0,0,47,19.27362060546875
804592ce4d44b843ac4a00e3206e77a2,0,1,1,1,0,0,0,0,0,0,0,0,20,14.44403076171875
804a36e8abe417625194b7a37e2b33c7,0,1,1,1,0,1,0,0,0,0,0,0,32,19.15301513671875
804f6629de49f04a011b2635d070603c,0,1,1,1,0,0,1,0,0,0,0,0,33,7.84051513671875
805ea31b7a3e4b84728e6e16caab3cfb,0,0,0,1,0,0,0,0,0,0,1,0,43,18.16326904296875
8064261ce5f7197fdc849641b3192eef,0,1,1,1,0,0,0,0,0,1,0,0,48,27.14422607421875
806a520746336a1844549368df4c7eca,0,1,1,1,0,0,0,0,0,0,0,0,29,91.79217529296875
80764b6de6f6554b8ac0363e88b4d064,0,1,1,0,0,0,0,0,0,1,1,0,48,5.71014404296875
8077c1a9f491ecf8a391b7db7e77ba76,0,1,1,1,0,0,0,0,0,0,1,0,58,39.45184326171875
8081656aaf0a3baaad983ef0454ed6f2,0,1,1,1,0,0,0,0,1,1,0,0,58,22.65545654296875
8083be674e7062d652b4c13f3e71bb91,0,1,1,1,0,0,0,0,0,0,0,0,27,35.20623779296875
8099bdad656b35fe7d7759498cfcd525,0,1,1,1,0,0,0,0,1,1,0,0,34,20.47430419921875
809a2db95f6f3717cc87146ee0b7ade4,0,0,1,1,0,0,1,0,0,0,0,0,55,13.93280029296875
809d652b8f2ab724e58cb8c42045daba,0,0,1,1,0,0,0,0,0,0,0,1,20,20.93572998046875
809faf56ea106090875893cbd1e5e2b6,0,0,0,1,0,0,0,0,0,0,0,0,96,71.21160888671875
80a94ec805cc5cd579c787d24216cadb,0,1,1,1,0,0,0,0,0,0,0,0,32,12.77215576171875
80b0f307169532e5a0c851841de79130,0,1,1,1,0,0,0,0,0,0,0,0,27,3.92987060546875
80b564fd08b047e40545d01251cde416,0,1,1,1,0,0,0,0,0,0,0,0,27,14.41912841796875
80c3d16adf89acf149579aac3530beec,0,1,1,0,0,0,1,1,0,0,0,0,27,6.18963623046875
80c66aaa3a5933863e28a0c93f8acc7b,0,1,1,1,0,0,0,0,0,0,0,0,56,26.81805419921875
80cd4540f8b51cd485e17b31ae92bca2,0,1,1,0,0,0,0,0,1,0,0,0,74,14.84246826171875
80ce1670473e637074610383aa855b5f,0,1,1,1,0,0,0,0,0,0,0,0,2,-0.29278564453125
80ced65ece6a4dd4ad36a63f73da98df,0,1,1,1,0,0,0,0,0,0,0,0,26,24.72039794921875
80d89e6ad7e6e343b4861dd5af3b2cc8,0,1,1,1,0,0,1,0,0,0,0,0,29,17.60272216796875
80d938f9dc3844b35b93b2568ba666ee,0,0,1,1,0,0,0,0,0,0,0,1,38,34.93621826171875
80d9672a03328903e28e761a0b0fae80,0,1,1,0,0,0,0,0,0,0,0,0,30,19.77166748046875
80dccbb602ac26bb3ea3c8bb3c3b9766,0,1,1,1,0,0,0,0,0,0,0,0,28,19.84979248046875
80e0d0256c244b4d8a2136fc9d904918,0,1,1,1,0,0,0,0,1,1,0,0,52,19.46014404296875
80f0877e358d3bdc1f12e0457345aa84,0,0,1,1,0,0,0,0,1,1,0,1,31,31.75701904296875
80fa3710f5983babba885c124a6beeb3,0,0,1,1,0,0,0,0,0,0,0,0,30,12.74139404296875
80fefdaf088a47eeea3d67d30ecf5f2c,0,1,1,1,0,0,1,0,0,0,0,0,33,16.52752685546875
8102c387fe7d5b23a1ed6c8fc87c79e1,0,1,1,1,0,0,0,1,1,1,0,0,42,5.85321044921875
810a93f3ca6b479d821a6608c40c3bd5,0,0,0,1,0,0,1,0,1,1,0,0,40,4.46990966796875
810f137f823e1f893b439b5f3bd0adde,0,1,1,1,0,0,0,0,1,0,0,0,24,9.30535888671875
810fe789f92714e1465f2913a638e349,0,1,1,0,0,0,1,0,0,0,0,0,50,12.36395263671875
811115675391b865932a68ba4eda4095,0,1,1,1,0,0,0,0,0,0,0,0,30,5.23065185546875
811d4ef61b99cc218f6beace0ab10067,0,1,1,1,0,0,0,0,0,0,0,0,24,19.28094482421875
812cece02be2b28a199e047e58ad9871,0,1,1,1,0,0,1,0,0,0,0,0,34,4.29852294921875
8135484044485a645bdb500c74cfb895,0,1,1,0,0,0,0,0,1,0,0,0,100,15.91473388671875
81400d8d080ea98ffd8713df384e2fe7,0,1,1,1,0,0,0,0,0,0,0,0,19,14.96990966796875
814506fe6389d6dc1f6b1bdafe4d491c,0,1,1,1,0,0,0,0,0,0,0,0,32,33.41668701171875
815335a19b91d823aa1530ac73bb22f2,0,1,1,1,0,0,0,0,1,1,0,0,14,30.33856201171875
81583933c4f5e42e014897d7ea433b79,0,1,1,1,0,0,0,0,1,1,0,0,100,37.06219482421875
81685e1cf27918e522dac8643a2853e2,0,1,1,1,0,0,0,0,1,1,0,0,78,3.61590576171875
8169f92edfbd9998ccb8f122ab2a4a5b,0,0,1,1,0,0,0,0,0,0,0,1,14,10.98846435546875
816b9b6919cd8a7896c5f91609c67655,0,1,1,1,0,0,0,0,0,0,0,0,39,29.67156982421875
8185f46097e0c9e56f82e14dc6cd6b51,0,1,1,1,0,0,0,0,0,0,0,0,17,10.98797607421875
81970246cb7b582938370b707fb2dc4c,0,1,1,0,0,0,0,1,0,0,1,0,32,6.00555419921875
819fa3d591dce53925610a0ccf89cd6e,0,1,1,1,0,0,0,0,0,0,0,0,29,9.58563232421875
81a2c07dbc8c35fe33cb173dee59973b,0,1,1,1,0,0,0,0,0,0,0,0,77,70.57293701171875
81b0dabf309c7152b20f24191f6b9b24,0,0,0,1,0,0,0,0,0,0,0,0,63,22.11151123046875
81b76792ca3e407c6c23f6317eef05be,0,1,1,1,0,0,0,0,0,0,0,0,44,26.45916748046875
81bcf19fea8c7eb637f80aa86e8466ac,0,1,1,0,0,0,1,0,0,0,0,0,24,40.04559326171875
81c1989e84a2a9ac55a811356de4bf47,0,1,1,1,0,0,0,0,0,0,0,0,21,21.91619873046875
81c60841a0283c64af2aebf1de982514,0,1,1,1,0,0,1,0,0,0,0,0,32,27.44744873046875
81c6445e5a245a7392cfc4eb8ca6bf7b,0,1,1,1,0,0,0,0,0,0,0,0,32,23.45721435546875
81d4e988f84c5d7a6f2b7b40ca9c5626,0,1,1,1,0,1,0,0,0,0,0,0,70,5.70330810546875
81df8d16c678cf6ff1c652f406917d82,0,1,1,1,0,1,0,0,0,0,0,0,25,81.48016357421875
81e62c6538a57fa646bb2c3e6b2a322c,0,1,1,0,0,0,1,0,0,0,0,0,31,22.01434326171875
81e6fbfb00082eca5748e689e17f41be,0,1,1,1,0,0,0,0,0,0,0,0,25,23.76483154296875
81ea0b23304059bdefcd6ef2c6648f47,0,0,1,1,0,0,1,0,0,0,0,1,85,19.87957763671875
81ec50c1714c2f5d6a433bed98b2fcaa,0,1,1,1,0,0,0,0,0,0,0,0,23,4.67596435546875
81f0bc05bf5846e0a2a554fad8156805,0,1,1,1,0,0,0,0,0,0,0,0,31,39.27020263671875
81f2393ad09dbbb404269ee8a43a30f6,0,0,0,1,0,0,0,0,0,0,0,0,25,31.29705810546875
81f2a27332e3aee014c6f40166e3b43f,0,1,1,1,0,0,0,0,0,0,0,0,29,18.06756591796875
8208e593e8d9659173bd4e7d1a72fc28,0,1,1,1,0,0,0,0,0,0,0,0,35,21.49920654296875
820c3ffd08023ffa55663fc1df139f6f,0,1,1,1,0,0,0,0,0,0,0,0,32,10.92987060546875
820d945d8f44fb03f8bb277dc67ee31d,0,0,1,0,0,0,0,0,0,1,0,1,37,35.46453857421875
8215bf00fc1d7d8a9e49a1aa42596ef1,0,0,0,1,0,0,0,0,0,0,0,0,24,30.10565185546875
8216a24ac77a2c9c11657b228a3e7ff7,0,1,1,0,0,0,1,1,0,0,1,0,31,16.62078857421875
821b77dee521fcf9d5bfdf97e5d8a0b0,0,1,1,1,0,0,0,0,0,0,0,0,100,16.18084716796875
821b8af594f4c62bde51b26e06bdb91f,0,1,1,1,0,0,0,0,0,0,0,0,41,-5.04473876953125
821fef56fb26a3568b8af06ce5aae15d,0,0,1,1,0,0,0,0,0,0,0,1,28,52.45037841796875
8228197d3308f02d923c9990778781a9,0,1,1,1,0,0,0,0,1,1,0,0,26,24.12908935546875
8229dda02a6993a5db2995d69a1dc680,0,1,1,1,0,0,0,0,0,0,0,0,28,39.31658935546875
822cce823136992584cc7cf01145e20a,0,1,1,1,0,0,0,0,0,0,0,0,93,29.25604248046875
822da1072f063b66e0fd5cca8b074586,0,1,1,1,0,0,0,0,0,0,0,0,93,13.28729248046875
8232144d1a98b3c1a64a345401a59450,0,1,1,1,0,0,0,0,1,1,1,0,20,5.79364013671875
8235f9608f9fa066fa17c33a572e2963,0,1,1,1,0,0,0,0,0,0,0,0,48,16.92694091796875
8240caad9865ed24082cb18ad95a1705,0,0,0,1,0,0,0,0,0,0,0,0,41,10.36492919921875
824a01be9ba73f256d815648d87039a7,0,1,1,1,0,1,0,0,0,0,0,0,40,9.16033935546875
824f5e28fcf4e08dd58d7ef1abbbf4f0,0,1,1,1,0,0,0,0,0,0,0,0,59,35.68035888671875
826cff0d715327a4d08e9c5cab54210e,0,1,1,0,0,0,0,0,0,0,0,0,25,14.13983154296875
82721204a4ff92f9bda18c01dcfd7001,0,1,1,1,0,0,0,0,0,0,0,0,50,19.54754638671875
82723f78092c5eb662e449a925d44235,0,1,1,1,0,0,0,0,0,0,0,0,30,6.32293701171875
82735baa5a66cb05026dddc973a61eda,0,1,1,1,0,0,1,0,0,0,0,0,27,7.99481201171875
8275922a4f5104a4d78d163e8b84634e,0,1,1,0,0,0,0,0,0,0,0,0,32,11.22088623046875
8279ef03c6dcadc5a742c948cee2b1a6,0,1,1,1,0,0,0,0,0,0,0,0,42,8.87664794921875
829b6188400b0e76e886ad990d258cff,0,1,1,0,0,0,0,0,0,0,0,0,79,22.59100341796875
829f03b98ce1bdd1b2826b64fb49dc15,0,1,1,1,0,0,0,0,0,0,0,0,88,23.57049560546875
82a0ed619e3fb0b99c8f0279d5313ec9,0,1,1,1,0,0,0,0,0,0,0,0,25,18.30438232421875
82a786d5cc302343413923fcdcbc1317,0,1,1,1,0,0,0,0,0,0,0,0,11,23.90203857421875
82a83bcf067f7115cd5c57ff76334fd7,0,1,1,1,0,1,0,0,0,0,0,0,34,20.19891357421875
82adb65d77cb7ecf18557aa0ef536083,0,1,1,1,0,0,0,0,0,0,0,0,37,4.19451904296875
82b079948ec15982a62e8727a8e516e5,0,1,1,1,0,1,0,0,0,0,0,0,27,1.42596435546875
82bbc355065237549c4900ae37b02a2c,0,1,1,1,0,0,1,0,0,0,0,0,100,52.14129638671875
82be2008e0f51144a936ad69e052be78,0,1,1,0,0,0,0,0,0,0,0,0,28,16.75213623046875
82c8b586ddf2a571abd6ad5f7d7cc813,0,1,1,0,0,0,1,0,0,0,0,0,12,10.41815185546875
82c994fa8a442f8a15abb494cd1c9352,0,1,1,1,0,0,0,0,0,0,0,0,30,10.21893310546875
82cd0bee4809535e7107d29575e3fdfe,0,1,1,1,0,1,0,0,0,0,0,0,36,39.76483154296875
82db0074642ab73b34b0c631455e8a45,0,1,1,1,0,0,0,0,0,0,0,0,37,15.90203857421875
82dc870cdd0c6f0e8178fe1076dd1b2c,0,1,1,1,0,0,0,0,0,0,0,0,59,15.42205810546875
82dd6e8e83590674a43ade61484cb858,0,1,1,1,0,0,0,0,0,0,0,0,13,19.32586669921875
82dd92ed7c45fc5020cf89ac4a564d1c,0,1,1,1,0,0,0,0,0,0,0,0,88,33.67547607421875
82e22aaa3b21538a8ef4b37101cb3140,0,1,1,1,0,0,0,0,1,0,0,0,55,19.83416748046875
82e51d0ead705357f211e589a1efecbe,0,1,1,1,0,0,0,0,0,0,0,0,59,42.35272216796875
82fc8030410dd199525c956a82fd7489,0,1,1,1,0,0,0,0,0,0,0,0,26,10.32147216796875
8302ae4282fd2b0cee49bdc90b89acf9,0,0,1,1,0,0,0,0,0,0,0,1,35,49.08172607421875
8308088adb3c77b6d165f645242cf6c7,0,0,1,1,0,0,0,0,0,0,0,0,31,36.55633544921875
830c21ab4dc831ab8f84e94a678e3fbd,0,1,1,1,0,0,0,0,0,0,0,0,23,25.97723388671875
830c4273c2122e663e9621785c78cde4,0,0,0,1,0,0,0,0,0,0,0,0,33,15.93280029296875
830d5f41f1bc55692f49013090cc56d7,0,0,1,1,0,0,1,0,0,0,0,0,67,20.87518310546875
830f2d620e7dcbee431915d4f9a9e00b,0,1,1,1,0,0,0,0,0,0,0,0,52,5.05877685546875
83193b6e7aca395543ea7698f4a9fc77,0,1,1,0,0,0,0,0,1,1,0,0,35,1.62127685546875
831cd8506ff84dc4d3e65da2cc5505e1,0,1,1,0,0,0,0,0,0,0,0,0,23,26.02362060546875
831e5474a5927c8c661d8fe62bdb293a,0,0,0,1,0,0,0,0,1,1,0,0,2,34.67547607421875
83278faf093a759faea3ff11163b1981,0,0,1,1,0,0,1,0,0,0,0,0,41,38.96063232421875
833d99dc11c0316bbe13840937e64050,0,1,1,0,0,0,0,1,1,1,1,0,4,25.77850341796875
833dcb716c2f95170cc1eab53078df22,0,1,1,1,0,0,0,0,0,1,1,0,15,8.88153076171875
833e5f389e6a84d63ed4ab19b5f6c65e,0,1,1,1,0,0,0,0,0,0,0,0,76,11.78338623046875
8350debd2a08ee461287c58f54d63f35,0,1,1,1,0,0,1,0,0,0,0,0,46,12.07489013671875
835c6f45c43a30c30222e21d87d80582,0,0,1,1,0,0,0,0,0,0,0,0,37,13.67791748046875
835dcf3f522997a03f237ce5c0a4cd05,0,1,1,1,0,0,0,0,0,1,0,0,12,28.81756591796875
836549899c1c330ec52d1826c34f3d81,0,1,1,1,0,0,0,0,0,0,0,0,41,17.45672607421875
8367873dcc1f284fc5db5a695d787df9,0,1,1,1,0,0,0,0,1,1,0,0,16,35.18914794921875
83769afff76d8598e2c606d2acf24bc3,0,1,1,1,0,0,0,0,1,0,0,0,39,6.11297607421875
837d8da74557feafabaaeb48d94a2304,0,1,1,1,0,0,0,0,0,0,0,0,39,7.34881591796875
83800cde42d134f82e0ccd8787727cf5,0,1,1,1,0,0,0,0,0,0,0,0,22,7.42010498046875
838317ca42c66652983babf0b4389965,0,1,1,1,0,0,0,0,1,1,0,0,15,20.61541748046875
838423990ade167c09dcbcb2f0df7d5b,0,0,0,1,0,0,0,0,0,0,0,0,28,28.57196044921875
838d42b6d9e524c8980c99c72e4c86c3,0,0,0,1,0,0,0,0,0,0,0,0,28,7.54705810546875
839087a28fa67bf97cdcaf4c8db458ef,0,1,1,1,0,1,0,0,0,0,0,0,51,35.86297607421875
83916d9d8b6df340446592aa1cd5965d,0,1,1,1,0,1,0,0,0,0,0,0,71,40.71697998046875
83a1a7b5e81998a2e0d7864697131a1a,0,1,1,1,0,0,0,0,0,0,0,0,35,6.51190185546875
83c9a63f5de2ed7a9b361d0ca2ec2596,0,1,1,1,0,0,0,0,0,0,0,0,44,20.90252685546875
83cbd41c6a606fececdc7dbe04fb95ee,0,1,1,1,0,0,0,0,0,0,0,0,35,11.58709716796875
83cd8638d21980e383fc1763b78773cd,0,1,1,1,0,0,0,0,0,1,0,0,28,24.71209716796875
83ce5dc1f8d565f016af4e6373e329e3,0,1,1,1,0,0,0,0,0,0,0,0,63,32.17449951171875
83e110796799d35a7fe75572332932ec,0,1,1,1,0,0,0,0,0,0,0,0,16,13.67059326171875
83f213c33ad2fbf2a59e57529ee6f0e0,0,1,1,1,0,0,0,0,1,1,0,0,32,7.80096435546875
83f23fef7f862ed3e69c97e71f22688b,0,1,1,0,0,0,0,0,0,0,0,0,30,69.60174560546875
83fb8ba7f44ff0512ed39fbae3a270e0,0,1,1,1,0,0,0,0,0,0,0,0,72,36.12127685546875
83fe342b3d1f365f8b62272319890cf9,0,0,1,0,0,0,1,0,0,0,0,1,100,23.35760498046875
83ffc3a217289c40605c8bdc21e05939,0,0,1,1,0,0,0,0,0,1,1,1,31,30.96112060546875
84051b9ba8364faf017fe930575ef8eb,0,1,1,1,0,0,0,0,0,0,0,0,54,16.28680419921875
8425b1380d8d5d49c310cb3a56d0a732,0,1,1,1,0,0,1,0,0,0,0,0,56,9.41473388671875
84275168da92fb79d57e1dc8eb27dc51,0,1,1,1,0,0,0,0,0,0,0,0,29,46.39276123046875
8429556349347b5f6aa4f287c660ad7e,0,1,1,1,0,0,0,0,1,1,0,0,46,7.17938232421875
84306223a3e0d1d0921c71386b5182cb,0,1,1,1,0,0,0,0,0,1,0,0,37,29.66522216796875
8431a5cac2e1931a18c6fc9940adfe24,0,0,1,0,0,0,1,0,0,0,0,1,52,25.02166748046875
843960f8bffefa34041cd577a2925ddb,0,0,1,1,0,0,0,0,0,0,0,1,35,41.87371826171875
843fcb1b045f24e232960eda8583e38a,0,1,1,1,0,0,0,0,1,1,0,0,34,18.92889404296875
8442cd5657e69826cbf0abd9191bbd21,0,1,1,1,0,0,0,0,0,0,0,0,59,18.12908935546875
84473d1ef6320370719a8810a0dfac4b,0,1,1,1,0,0,0,0,0,0,0,0,35,35.70672607421875
84476a02a8d1a4e7457b7883dd01aac8,0,1,1,1,0,0,1,0,1,1,0,0,3,7.08612060546875
844a6f5846e27e598c8e5ac7f7a39164,0,1,1,1,0,0,0,0,0,0,0,0,9,-3.52178955078125
8452dd238b94aa62c51bb4bddcfed3b5,0,0,1,1,0,0,0,0,0,0,0,1,100,22.21258544921875
845bce2a0ef28d4f8b8a17af8d38e5d4,0,1,1,1,0,0,0,0,0,0,0,0,21,6.63006591796875
8471d24532abdb9959e26784ddc50287,1,1,1,1,0,0,0,0,0,0,0,0,26,1.90057373046875
8483dbf4d76e7e8e68322d8f46d8fa9e,0,0,0,1,0,0,0,0,1,0,0,0,8,14.41522216796875
848457f514fc5677b55e8ec2591871d1,0,1,1,1,0,0,0,0,0,0,0,0,34,17.16082763671875
8486e959d13127a6f4c5921d1bf561c8,0,1,1,1,0,0,0,0,0,0,0,0,100,21.15008544921875
8499d2a06181040138c7ca882bf88e1b,0,1,1,1,0,0,0,0,0,0,0,0,39,24.89471435546875
849e033f33b200fc56efa89f2f8edb3a,0,1,1,0,0,0,0,0,0,0,0,0,33,25.43328857421875
84ad669cc66a0b1481d5adc09510c07a,0,0,1,1,0,0,0,0,0,0,0,1,23,23.12567138671875
84b3e81c5545c2d43c3763ce0320c977,0,0,1,1,0,0,0,0,1,1,0,1,22,41.34393310546875
84b893af0f09a94a84ac0c23b6d5bcfa,0,0,1,0,0,0,1,0,0,0,0,1,58,25.54559326171875
84bef4da0cb484d9bab2752e58e75d7c,0,1,1,1,0,1,0,0,0,0,0,0,23,-1.49053955078125
84c8929e4745e70f8e2e6aa0cb81ea04,0,0,0,1,0,0,0,0,0,0,0,0,26,66.76092529296875
84cab761081a5ec6aeb154ec4244dd55,0,1,1,1,0,0,0,0,0,0,0,0,36,17.38787841796875
84d2e9df78f1748dccb58013578ffb33,0,0,1,1,0,0,0,0,0,0,0,1,31,23.38739013671875
84d8fb8ade36244b2b6e3659413f4c83,0,1,1,1,0,0,0,1,1,1,1,0,35,44.11102294921875
84dfa6b838ccb101298bd68bb42e7c86,0,1,1,1,0,0,1,0,0,0,0,0,28,4.93621826171875
84e3e1bb2db80aa8299e085ea69b6745,0,1,1,0,0,0,0,0,0,0,0,0,39,35.11346435546875
84e84339331e9c5893f0033cbc773a18,0,1,1,1,0,0,0,0,0,0,0,0,18,45.17694091796875
84f871e306e9c5c9d88a274ae693ced1,0,1,1,1,0,0,0,0,0,0,0,0,30,-2.24298095703125
84fe321fc8918e7d197f072b541a9961,0,1,1,1,0,0,1,0,0,0,0,0,49,23.73406982421875
84fe535c75dfb7abf9947bcfbf679558,0,1,1,0,0,0,1,0,0,0,0,0,38,12.75408935546875
850bde217ba8191484bf6f6815d86dd8,0,1,1,1,0,0,0,0,0,0,0,0,54,16.55584716796875
850ca18dfc54464d4b1275131e527896,0,1,1,1,0,1,0,0,0,0,0,0,62,4.91082763671875
8515fdb9b92c99ebd1e93b0720a454fb,0,0,1,1,0,0,0,0,0,0,0,0,21,4.62322998046875
8516e2a3b77f8cd7d303849fc34e59c3,0,1,1,1,0,0,1,0,0,0,0,0,9,48.34930419921875
851c7427071afd2eaf38af0def360987,0,1,1,1,0,0,0,0,1,1,0,0,25,28.63836669921875
85282236b19a84f09c8f0dfe2e94f8cd,0,1,1,1,0,0,0,0,0,0,0,0,25,2.77117919921875
852a955cc2d6b865ed2ad5703f80872d,0,1,1,1,0,0,0,0,0,0,0,0,26,2.50799560546875
852f1ecbd6c2bafb6d8ae94916dbd079,0,1,1,1,0,0,0,0,0,0,0,0,33,16.50311279296875
85376a410601b2e36a390df12f01fbca,0,1,1,0,0,0,1,0,0,0,0,0,47,18.50994873046875
85386daccf182b7cebc6c634efaa0765,1,1,1,1,0,0,0,0,0,0,0,0,68,3.86053466796875
853e2f755ef373dfc5f28f617d4c9adf,0,0,0,1,0,0,0,0,0,0,0,0,5,21.50311279296875
853f3dd131be6fd5151122df5dafce28,0,1,1,1,0,0,0,0,0,0,0,0,25,10.82489013671875
85437d28feeaf198e93bab328fe61027,0,0,1,1,0,0,0,0,1,1,0,1,16,35.53485107421875
854856a7c136b5805bf8b16671c2bc2c,0,1,1,1,0,0,0,0,1,1,0,0,31,22.33172607421875
85521d5765d2d1474e92ff63ed620d8d,0,1,1,1,0,0,0,0,0,0,0,0,25,10.90496826171875
85544472859566d530b1c33578fb02f9,0,1,1,1,0,0,0,0,0,0,0,0,19,13.91668701171875
855d9fa63e7c5c65a6b54668d7a0bd26,0,1,1,1,0,1,0,1,0,0,1,0,100,16.96649169921875
856ada3b94e4a35b6bf74aa140b2aee1,0,1,1,0,0,1,0,0,0,0,0,0,55,10.70037841796875
856b90b8ad6a0037ca2ee6cfe60e84e9,0,1,1,1,0,0,0,0,0,0,0,0,31,3.33758544921875
856fd884bc8ab3f9a943478e28ee049e,0,1,1,1,0,0,0,0,1,0,0,0,18,-3.86700439453125
8574345d1aa7e03d5f7c4700b8868d87,0,1,1,1,0,0,0,0,0,1,0,0,41,12.54510498046875
857c9e1422631fbd440135e9287e0ab6,0,0,1,1,0,0,0,0,0,0,0,1,10,24.48211669921875
858617295b04adef1c0225c15ed66359,0,1,1,1,0,0,0,0,0,0,0,0,24,20.45428466796875
85870e052339388632fd20d5bcd5e1b4,0,1,1,1,0,0,0,0,0,0,0,0,34,77.00555419921875
858bc210dd309ad5bf89e6829824dc17,0,0,1,0,0,0,0,0,0,0,0,0,32,19.81024169921875
8594666e9d06588e7e59eca33be3240d,0,0,1,1,0,0,0,0,0,0,0,1,26,66.47918701171875
85a0551941dfc54792ab671ef0159c3c,0,1,1,0,0,0,1,0,0,0,0,0,36,51.07781982421875
85a1f0a7e14024d892f52c82d9f5cac6,0,1,1,0,0,0,0,0,0,0,0,0,2,24.13397216796875
85b2ad7175efdf1ed9089df47e11224e,0,0,0,0,0,0,0,0,0,0,0,0,2,12.54754638671875
85b53e99602e1daa27266deec84ea13f,0,1,1,1,0,0,0,0,0,0,0,0,39,34.02899169921875
85b6875a08156554362ed9da5c2b3a74,0,1,1,1,0,0,0,0,0,0,0,0,16,49.79364013671875
85c497d7e585eebdc325966e7da697a6,0,0,1,1,0,0,0,0,0,0,0,1,76,44.81365966796875
85c507e7c9f17face1a8b0b3b9dc20e0,0,1,1,1,0,0,1,0,1,1,0,0,37,8.52752685546875
85d1cc69e27cac5953041a9ba9bf9aa1,0,1,1,1,0,0,0,0,0,0,0,0,54,26.49725341796875
85d2b9e0d2373a6e7de76d4339158588,0,1,1,1,0,0,0,0,0,0,0,0,73,-1.58624267578125
85d5d76b8e62d236d3bdc1cec815a3c7,0,1,1,1,0,0,0,0,0,0,0,0,100,28.29412841796875
85df3ecaf4b6f30224c5a5fb794111e9,0,1,1,1,0,0,0,0,0,1,0,0,64,13.87762451171875
85e7146eeb13644b1bac74b684ccf51f,0,1,1,1,0,0,0,0,0,0,0,0,25,-1.52325439453125
85f2035497058ca800224bbe2c267801,0,1,1,1,0,0,0,0,0,0,0,0,36,13.33709716796875
860006220c0465c1da20650d3e3cdcfe,0,0,0,0,0,0,0,0,0,0,0,0,83,36.58074951171875
860756f4fc4b043ecd5b5218299aae67,0,0,0,1,0,0,1,0,0,0,0,0,35,11.15740966796875
860a7402da4f9b34494b67d07c890de6,0,1,1,1,0,0,0,0,1,1,0,0,42,20.99090576171875
860aef364b0ec35971219650f1f384b5,0,0,0,1,0,0,0,0,0,0,0,0,18,24.33074951171875
860dbac0dcfe2ca4c871141a47c34311,0,0,0,1,0,0,0,0,0,0,1,0,25,19.59002685546875
861d5486f57142a9983bbc26959066c5,0,1,1,1,0,0,0,0,0,0,0,0,22,4.37469482421875
8622a5b37fa499b8a7e80eb052c2c79e,0,1,1,1,0,0,0,0,1,1,0,0,38,11.58612060546875
8623da7c8bfa2e84a6d71373e61be0c5,0,1,1,1,0,0,0,0,1,1,0,0,29,17.20086669921875
862b8ae7cf827bbe32ac3f0e6796d237,0,1,1,1,0,0,1,1,0,0,0,0,100,7.73114013671875
862d234ab02d9d88c55103040537c3ae,0,0,0,1,0,0,0,0,0,0,0,1,25,14.17449951171875
862d3b265c546b455770b742666ce43a,0,1,1,1,0,0,1,0,0,0,0,0,41,10.70184326171875
862ee56abf610a67cc8c439510bec9cc,0,1,1,1,0,0,0,0,0,0,0,0,32,22.52410888671875
862f3943593e36e26bf7347d79f69045,0,1,1,1,0,0,0,0,0,0,0,0,28,13.98504638671875
863308ba4f778933e3198cdb6d05635a,0,1,1,1,0,0,0,0,1,1,0,0,31,9.54901123046875
863a7c9ab373caab3fcbe4c3d8cba52c,0,0,1,1,0,0,0,0,0,0,0,1,55,17.44158935546875
863d5885232585dd5304756631d39db4,0,1,1,1,0,0,0,0,0,1,0,0,41,25.02801513671875
863e06b7f7dc1f62f0e60bf549858774,0,1,1,1,0,0,1,0,0,0,0,0,29,21.89862060546875
8649e46b545da01cdb2200f7e2e24620,0,1,1,1,0,0,0,0,0,0,0,0,19,12.68865966796875
8649ee490a007992b9987b46d983b4c2,0,1,1,1,0,0,0,0,0,0,0,0,42,14.91131591796875
8651cf4502323ebf50be1dc877d930bf,0,1,1,1,0,0,0,0,0,0,0,0,31,37.43328857421875
86547ebc49a622ef1ebb814f3fe93327,0,1,1,1,0,0,0,0,1,1,0,0,28,11.57830810546875
8659171f2eee12872472243fc7923a7f,0,1,1,1,0,0,0,0,0,0,0,0,43,10.11444091796875
865f88aea3c1ddfc73f220e9bbe508ea,0,1,1,1,0,0,0,0,0,0,0,0,26,11.72576904296875
8662f5aff94ad0e70ec4f302246fdd00,0,1,1,0,0,0,0,0,0,0,1,0,10,17.61541748046875
86661b8140264e1d6dc0fe26e5b095fd,0,1,1,1,0,0,0,0,0,0,0,0,18,36.77069091796875
866a387a9058e603051ceca844edc3c1,0,0,1,1,0,0,0,0,0,0,0,0,52,23.69842529296875
866cc4ce614ca90361f3d9944c48cb17,0,1,1,1,0,0,0,0,0,0,0,0,11,1.58807373046875
8674b6933dd8a5ffbefaf9adb7b7a5a4,0,1,1,1,0,0,0,0,0,0,0,0,28,10.20135498046875
867eba5630d1ebcd6addc32c2c481670,0,1,1,1,0,0,1,0,0,0,0,0,80,-2.00860595703125
8687474a0aabddf824d297816e83db05,0,0,0,0,0,0,0,0,0,1,0,0,31,26.94012451171875
869326d56a88de6e4983d90883c0e09c,0,1,1,1,0,0,0,0,0,0,0,0,100,15.20330810546875
8695b0b5d0621842defbc3ef702e82fd,0,1,1,1,0,0,0,0,1,0,0,0,28,10.18280029296875
869c219d89007768b99a457c4cd94372,0,1,1,0,0,0,1,0,0,0,0,0,3,17.22869873046875
869c96be012c1d93d3ecb7e8a6b691c2,0,1,1,1,0,0,0,0,0,0,0,0,48,3.36004638671875
869f3a7fb1cd244ad9d5a5a4d9560573,0,1,1,1,0,0,0,0,0,0,0,0,29,25.40399169921875
86a71a412f662212fe8dcd40fdaee8e6,0,1,1,1,0,0,0,0,0,0,0,0,28,56.20526123046875
86acbbeaf7b2ff031b671d0ede37e0db,0,1,1,1,0,0,0,0,1,1,0,0,75,45.95233154296875
86ae7232c73c4c9053e71b12346417c3,0,1,1,1,0,0,0,0,0,0,0,0,42,27.88885498046875
86b3ec08b4b82e723f9667c1d0b899dc,0,1,1,1,0,0,0,1,1,0,1,0,35,16.76336669921875
86b4494fb68955f7e0ea689a69abb162,0,1,1,1,0,0,0,0,0,0,0,0,36,20.27410888671875
86ba4325b60e6c854a45b961a4c659c7,0,1,1,1,0,1,0,0,0,0,0,0,29,10.77655029296875
86bd505849832f4665bf1f3c5995515f,0,1,1,1,0,0,1,0,0,0,0,0,28,20.94598388671875
86c1bd1967a48b7673ee1c95dfdc950d,0,1,1,1,0,0,0,0,1,1,0,0,55,4.64178466796875
86c6ba8d25c40cfcfabe70806090326a,0,0,1,1,0,0,0,0,0,0,0,0,19,25.91180419921875
86c751877a761a12920b659572693d09,0,0,0,0,0,0,1,0,0,1,0,0,24,49.47479248046875
86c895cbf83113935bd9f90cee2275c5,0,1,1,1,0,0,0,0,0,0,0,0,77,18.97381591796875
86cb2ecc402f995f081cdc2c6a3b6665,0,1,1,1,0,0,0,0,0,0,0,0,18,18.06707763671875
86ccbbb4eee306d37ac4c41c031ffce5,1,1,1,1,0,0,0,0,0,0,0,0,29,39.68914794921875
86d6cbd3d1b80a4c6cfbddd23b2b6641,0,1,1,1,0,0,0,0,1,0,0,0,32,8.15399169921875
86dc72614860ed5ef152b3bb5b5ed928,0,1,1,1,0,0,0,0,0,0,0,0,21,19.03533935546875
86f749ecdf1539d0c4692602b075ba5e,0,1,1,1,0,0,0,0,0,0,0,0,10,17.17547607421875
86f93a90e0226cca940ca5a9a785e5f8,0,1,1,1,0,0,0,0,0,0,0,0,20,16.99725341796875
86fab913d9c347b9ec9c187443a5de76,0,0,1,1,0,0,0,0,0,0,0,0,51,24.41961669921875
87026c16e89f0d04011b90bfb827ad90,0,1,1,1,0,0,0,0,0,0,0,0,34,9.47723388671875
87082c7c94227cbaa6cc0e8ece8f49fd,0,0,1,1,0,0,0,0,0,0,0,1,23,9.59832763671875
8708c8c2154b77b914c13b7dd37fdddf,0,0,1,0,0,0,1,0,0,0,0,0,48,11.91571044921875
8709a42752f142d4e446783ce341ee92,0,1,1,1,0,0,1,0,0,0,0,0,29,17.80194091796875
870a59031a0588b2e91fa0ef8c8b8f7e,0,1,1,0,0,0,0,0,0,0,1,0,29,18.94744873046875
871bb3cbdf48bd3bfd5a6779e752613e,0,0,0,1,0,0,0,0,0,0,0,0,19,16.40496826171875
872560f4cc515c1f2c169fa2a141cf69,0,1,1,1,0,0,0,0,0,0,1,0,43,20.06561279296875
872587b5db26e4d66903f17a6597ad66,0,0,1,1,0,0,1,0,0,0,0,1,25,51.86395263671875
872c03b176a057bcdaa39829f91e25cf,0,1,1,1,0,0,0,0,1,1,0,0,24,14.21453857421875
872c3643ef186b382eb2bffc759513ce,0,1,1,1,0,0,1,0,0,0,0,0,53,27.37030029296875
872f0bf89a5c98f86fdd6d575a0168fc,0,0,1,1,0,0,0,0,0,1,0,0,18,8.32879638671875
8731c67467934e0dccb391205fe5a92b,0,1,1,1,0,0,0,0,0,0,0,0,15,16.53485107421875
873247922341befdb74debb9b190ea41,0,0,1,0,0,0,1,1,0,1,1,1,34,24.07879638671875
873288c30ec64b0212311eee6ae7ce09,0,1,1,1,0,0,0,0,0,0,0,0,37,12.87469482421875
873353d8bf4e6b9379c2321b4c7e748a,0,0,1,1,0,0,0,0,0,0,0,0,40,30.04754638671875
8736f0bced85cb0f0145c4509e3a6ac8,0,1,1,1,0,0,0,0,1,0,0,0,19,15.16717529296875
87372bdd29891a3bf3c4c8c450683b50,0,1,1,1,0,0,0,0,1,1,0,0,23,19.05535888671875
873ea1816fda293098f8decec677cd0d,0,1,1,1,0,0,0,0,0,0,0,0,36,24.19598388671875
874476d1929aff73c29132245169067b,0,1,1,0,0,0,1,1,0,0,0,0,83,26.14276123046875
874605f64bce7a2dddc620f382c93ed8,0,1,1,1,0,0,0,0,0,0,0,0,100,5.38299560546875
8762e10dcbc7676ad3938e19eb0cebb4,0,0,0,1,0,0,0,0,0,0,0,0,10,11.30340576171875
87646b91db62ccd78b9c09e21316cf79,0,1,1,1,0,0,0,0,0,0,0,0,52,24.69989013671875
876a303b4e70e83486cb7f3e3dcff8cb,0,1,1,1,0,0,1,0,0,0,0,0,60,41.20623779296875
87719046e99d1ed9d5dafacaacdc268a,0,0,1,1,0,0,0,0,0,0,0,1,55,12.13739013671875
87835814af94fc74fac10571a6dc1071,0,1,1,1,0,0,0,0,0,0,0,0,28,3.55389404296875
87840d66ebe623af5b34acdf71a8609e,0,0,1,1,0,0,0,0,0,0,0,0,94,18.59881591796875
878556bc2b64d78d77a8f40b2853f667,0,1,1,1,0,0,0,0,1,0,0,0,42,5.23846435546875
878dbfd022bfd06342c024374fc7a777,0,1,1,1,0,0,0,0,0,0,0,0,32,19.72967529296875
87976127375b5b05201c5abfaff024f7,0,1,1,1,0,0,1,0,0,0,0,0,31,10.96600341796875
87a49bf098bd98094954482d392b5101,0,1,1,1,1,0,0,0,0,0,0,0,24,43.90350341796875
87abac899ef38e21df16edab73e05307,0,1,1,1,0,0,0,0,1,0,0,0,16,30.20819091796875
87b019627d9583788606ba92f47a61c4,0,1,1,1,0,0,0,0,0,0,0,0,19,21.96307373046875
87b2c3b51b57ccd06b1e308982c2ead1,0,1,1,1,0,0,0,0,0,0,0,0,30,35.04949951171875
87c6a8f85af93b84594a36f8ffd5d6b8,0,1,1,1,0,0,0,0,0,0,0,0,56,10.09783935546875
87cf58ddc52a2ffb9359e04588860d7c,0,1,1,1,0,0,0,0,0,0,0,0,18,10.86151123046875
87d5b5343737cfd261d8c02b8a7dd6f2,0,1,1,1,0,0,0,0,0,1,0,0,48,29.31463623046875
87d80382c3f1ae2fb85e09e1a1aec443,0,1,1,1,0,0,0,0,1,0,0,0,17,24.82293701171875
87da91a7b1d7e6aff1c97d0aefc2e409,0,1,1,1,0,0,0,0,0,0,0,0,24,8.03143310546875
87ed21b3ddc02f00bdd9ad5f25728fca,0,1,1,1,0,0,0,0,0,0,0,0,95,10.10858154296875
87f153f4de8c6183c514f52c7aa91503,0,1,1,1,0,0,0,0,1,0,0,0,34,11.45037841796875
87fb09d33e25a96aa7a59dd915360f29,0,1,1,1,0,1,1,0,0,1,1,0,31,14.81854248046875
87fdc8d98ea15e934f84bf2a11458559,0,1,1,1,0,0,0,0,0,0,1,0,50,21.74383544921875
8807d9f904931feab63e992d01d6b344,0,1,1,1,0,0,0,0,0,0,0,0,31,46.30535888671875
880822d3bcb7145eb395b59dc2e22781,0,0,1,1,0,1,0,0,0,0,0,0,47,2.34735107421875
880d366b63afd3ceaa3a367557a7185a,1,1,1,1,0,0,0,0,0,0,0,0,34,1.14422607421875
8810e6decf94bed3658d4c4032475f65,0,1,1,1,0,0,0,0,0,0,0,0,72,59.19451904296875
88126bf4a6564a2e78ab3479f091126a,0,1,1,1,0,0,0,0,0,0,0,0,100,15.55340576171875
88239f3a2b0290a08a6af594b70f8424,0,1,1,1,0,0,0,0,0,0,0,0,44,15.77947998046875
882468a83b25741a8d6bda21a61ab287,0,1,1,1,0,0,0,0,0,0,0,0,37,16.90545654296875
8825e52e2a1dd78a920ee57e90660cd9,0,1,1,1,0,0,0,0,0,0,0,0,33,16.97332763671875
8826ce12fd62cabed93db92677df658b,0,1,1,0,0,0,0,0,0,1,1,0,32,52.96600341796875
8837e722ef6b86c80454b8c5c17466e3,0,0,1,1,0,0,0,0,0,0,0,0,100,48.37371826171875
8845499ad8cc0612e466b76fb66b88c2,0,0,0,1,0,0,0,0,0,0,0,0,45,31.34002685546875
8847d73d493c8588dcccec41e07ccf34,0,1,1,1,0,0,0,0,0,0,0,0,39,18.40936279296875
8848cf4cd5a02e8d44899338d0fbfed0,0,0,0,1,0,0,0,0,0,0,0,0,18,28.66864013671875
8851524916af1600488fd5f342ea6276,0,1,1,1,0,0,0,0,1,1,0,0,31,20.87860107421875
885fd420169fb173ebfd2b1018311275,0,0,1,1,0,0,0,0,1,0,0,1,38,14.18426513671875
8863a411da70d201db3e09010b8294cf,0,0,1,0,0,0,1,0,0,0,0,1,10,17.48797607421875
88661536b4aada2d43da8f61064848e2,0,1,1,0,0,1,1,1,0,1,1,0,2,25.56903076171875
8877ecad760450992b39c7b67292f02a,0,1,1,1,0,0,0,0,0,0,0,0,44,28.49530029296875
8878c0f170e1e8ab36018ec2ec0afb40,0,1,1,1,0,0,0,0,1,1,0,0,30,35.55535888671875
8878f72382fd3f151c54ddfa8513e4e4,0,1,1,1,0,0,0,0,1,1,0,0,24,43.76385498046875
887b666244ffffc2a387169f132e7a30,0,1,1,1,0,0,0,0,0,0,0,0,35,20.03826904296875
88830e923e14369db2afa5777b6f0290,0,0,1,1,0,0,1,0,0,0,0,1,79,67.50604248046875
8886f0a09a4835fb5d8c10bc7a09ac5b,0,1,1,1,0,0,0,0,0,0,0,0,55,17.95819091796875
888ad569e8cbfb4cb23d04362fac83c0,0,1,1,1,0,0,0,0,0,1,1,0,39,19.96990966796875
888f65a79c130546b4f560cbbe54ab36,0,1,1,0,0,0,0,0,0,0,0,0,30,43.71258544921875
8898d4dbc779f9315e5d77b77a745543,0,1,1,1,0,0,0,0,0,0,0,0,26,5.18377685546875
88a61bcd568fb47878c5f97d88ddb22d,0,0,1,1,0,1,0,0,0,0,0,0,42,20.61737060546875
88a780f1bc26f6c4ca6560cbd951cb9b,1,1,1,1,0,0,0,0,0,0,0,0,43,-1.47637939453125
88af52e1ee55363f1c4526a6f029c33e,0,1,1,1,0,0,0,0,1,0,0,0,27,7.23260498046875
88b5df3088ed82e0b882df7d70266dfa,0,1,1,1,0,0,0,0,0,0,0,0,20,29.88592529296875
88ba736b9bbe6a26ee19f6c9cedd875d,0,0,0,1,0,0,0,0,0,0,0,0,25,14.60760498046875
88bac0297f74d49804fad17b33438419,0,1,1,1,0,0,0,0,0,0,0,0,32,-0.04180908203125
88bec777ce5c9f8ca7c250fda28a1070,0,0,0,1,0,0,1,0,0,1,0,0,23,14.32244873046875
88bf2a1e656ae3eb4751a9085e280d0b,0,1,1,1,0,0,0,0,0,0,0,0,22,16.84930419921875
88c0954b2e5efc0d77f4135cb2630f24,0,0,1,1,0,0,0,0,0,0,0,1,71,36.33172607421875
88c7146af97b6327a353d97a8c8861bd,0,1,1,1,0,0,0,0,0,0,0,0,24,36.65985107421875
88c8deff972c781f541d0dd15f9b6b32,0,1,1,1,0,0,0,0,0,0,0,0,40,4.62908935546875
88de5b56dd283caacb4ee2d73ed591ea,0,1,1,1,0,0,0,0,1,1,0,0,43,19.69158935546875
88de5fd303fe927a985ae7d288c7eeed,0,1,1,0,0,0,1,0,0,0,0,0,27,23.50506591796875
88e843485e9dcff9d723ce086e4e026b,0,1,1,1,0,0,0,0,0,0,0,0,100,16.07977294921875
88ea45ed4a1e2bc6311d93755166c699,0,1,1,1,0,0,0,0,0,0,0,0,50,37.82196044921875
88ed510bfabfe22c01ae5c4b6503392a,0,0,1,1,0,0,0,0,0,0,0,0,100,8.26092529296875
88ef22ed4098723d8f405f76804c2c94,0,1,1,1,0,0,0,0,0,0,0,0,48,17.35858154296875
89030d2ca843acbd0cee642202c5589f,0,1,1,1,0,0,0,0,1,1,1,0,20,27.02313232421875
8907ad9e3b3ae39a5bcf8be30dec340f,0,1,1,1,0,1,0,0,0,0,0,0,17,21.76287841796875
89098e45a76825443bf292c873dff1dd,0,0,1,0,0,0,0,0,0,0,0,0,16,29.92742919921875
890adea291143a74919b7cdaa90f9e4e,0,1,1,1,0,0,0,0,0,0,0,0,40,31.33563232421875
893c30100f3c63b8b647defa02f7f577,0,1,1,1,0,0,0,0,0,0,0,0,31,24.19207763671875
8946595ac0df84cf48b8c2231bc0236c,0,1,1,1,0,0,0,0,0,0,0,0,66,16.38397216796875
894c2322d021abed11c563ac62615073,0,0,0,0,0,0,1,0,0,1,0,1,40,18.71405029296875
894d985212373679ed4d548718f3eb00,0,1,1,1,0,0,0,0,0,0,0,0,62,14.46551513671875
8953602a534855966226fdbb49636624,0,0,1,1,0,0,0,0,0,0,0,0,36,13.11639404296875
89585c3e6b6587c75abe54e756ae8a33,0,1,1,0,0,0,0,0,0,0,0,0,44,21.22772216796875
895ac108ee9e91fdd2b055bcab39b5c8,0,1,1,1,0,0,0,0,0,0,0,0,24,25.40740966796875
895d33f1cfb62eba2ce20b376e6647fb,0,1,1,1,0,0,0,0,0,0,0,0,4,12.33221435546875
89601db861e3b61311d333a6e59a7f4c,0,0,0,0,0,0,1,0,0,0,0,0,28,49.57196044921875
8963d1b06804525bc71d8343623bc355,0,0,0,0,0,1,0,0,0,0,0,0,30,51.34881591796875
897229ddb2ce616d4cefbc7a03aa0b06,0,1,1,1,0,0,0,0,0,1,0,0,38,33.84490966796875
897d48a702c10e831811a780509342b6,0,1,1,1,0,0,0,0,0,0,0,0,25,22.96844482421875
897f3fd5a6138a18988b3db6a7f01fc7,0,1,0,0,0,0,0,0,0,0,0,0,39,17.21893310546875
897fb21b7475ba6a586a8b46ac20f63c,0,0,0,0,1,0,0,0,0,0,0,0,27,27.96356201171875
8982c3fce52f51f7d6cb45b6e9408890,0,1,1,1,0,0,0,0,0,0,0,0,51,33.54754638671875
898bc7d9bd38596c45cc5503a24d814f,0,1,1,0,0,0,0,0,0,0,0,0,100,55.50067138671875
8994f9681ad1bf7b6f200d8440e42f2a,0,1,1,1,0,0,0,0,0,0,0,0,48,56.88934326171875
8996876391d4aed27bc80823e656c0ed,0,1,1,1,0,0,0,0,0,0,0,0,3,11.84295654296875
899e3ed1742adb578a188df2d6e40562,0,1,1,1,0,0,0,0,0,0,0,0,33,13.69647216796875
899f8780990acf5351f56cb7f69ffe2f,0,1,1,1,0,0,0,0,0,1,0,0,24,25.75799560546875
89a0b49aad4ce34c978b9a9c74cc95bd,0,1,1,1,0,0,0,0,0,0,0,0,22,1.74676513671875
89aab9007666d6aec17b189f8e8814bc,0,1,1,1,0,0,0,0,1,1,0,0,28,8.59149169921875
89b5a17540d6e2302a4272b5d9ec99d6,0,1,1,1,0,0,0,0,0,0,0,0,7,5.11834716796875
89ba79c216e9563863ca79811b5a56b3,0,1,1,1,0,0,0,0,0,0,0,0,15,15.12127685546875
89c6d3bb72f478a8df010d8abfece3bb,0,0,0,0,1,0,0,0,0,0,0,0,33,32.33905029296875
89c7391b0dd4babbab49d36e80da5a71,0,1,1,1,0,1,0,0,0,0,0,0,74,31.49188232421875
89d0d5c93df85d6a18491c5fc798fc11,0,1,1,1,0,0,0,0,0,0,0,0,59,22.69940185546875
89d8754221623ebd1af04a7bac6ef554,0,1,1,1,0,0,0,0,0,0,0,0,3,36.59295654296875
89e474c4194b529bfd75e4ce69112837,1,1,1,1,0,0,0,0,0,0,0,0,5,18.84490966796875
89eb14234c45a6bc736ba82c78e74e9c,0,0,0,0,0,0,1,0,0,0,0,0,36,11.23944091796875
89f43c59e77fe9b87ccd617a0f27a062,1,1,1,1,0,0,0,0,0,0,0,0,37,11.35467529296875
8a12d4f4f068b697e98eec4697e26c7a,0,1,1,0,1,0,1,0,0,1,0,0,23,23.31219482421875
8a218d384f86d1767fa525b44b2c7854,0,1,1,1,0,0,0,0,1,1,0,0,28,10.35174560546875
8a22c1de080bd8b0339240e80244e971,0,0,0,1,0,0,0,0,0,0,0,0,73,11.18035888671875
8a3ecbddc06dc66cd6dd10a0a72d84c4,0,1,1,1,0,0,1,0,0,0,0,0,14,38.88201904296875
8a451c3169268f02313f80eab6ab744c,0,0,1,1,0,0,0,0,0,0,0,1,4,4.42254638671875
8a45babc029ede170e3866ecfa019ba2,0,0,1,1,0,0,0,0,0,0,0,1,26,0.82147216796875
8a644cdf3aff25b9cd5c1aa9b066f609,0,0,0,1,0,0,1,0,0,0,0,0,82,-2.51983642578125
8a6861a386c1f2cfc1cd56726540f494,0,1,1,1,0,0,0,0,0,0,0,0,35,34.02947998046875
8a7fc7c5077087a53839aaddc2958b73,0,0,0,0,0,0,0,0,0,0,0,0,22,8.09295654296875
8a8866954ae1acd8b022c7cce4d2d012,0,0,1,1,0,0,0,0,0,0,1,0,43,23.58563232421875
8a97fddd2dec53ae92e7f6d024d72d83,0,0,0,1,0,0,0,0,0,0,0,0,44,10.37811279296875
8a9861755a58d72d91135215bc49080f,0,0,0,1,0,0,1,0,0,1,1,0,57,13.08563232421875
8aafa5da0d3ad53b856446b0afeb68ad,0,1,1,0,0,0,0,0,0,0,0,0,47,37.91668701171875
8ac008de200d2a3642a75b41be656e96,0,1,1,1,0,0,0,0,0,0,0,0,100,17.94158935546875
8ac52c29ce914ab771ad9ab093bd7533,0,1,1,1,0,0,0,0,0,0,0,0,44,18.11102294921875
8ac6b50cdc80aa28f81763dc2fa2570c,0,1,1,1,0,0,0,0,0,0,0,0,52,30.00067138671875
8ac9cb285264226dc3880f1762bf2f22,0,1,1,1,0,0,0,0,1,0,0,0,20,27.22479248046875
8ad7272993761ab3a21634a2f737a9c2,0,1,1,1,0,1,0,0,1,1,1,0,40,21.44989013671875
8ae0c290c478c293bdc68c68ea64a5c8,0,1,1,1,0,0,0,0,0,0,0,0,31,17.79803466796875
8ae899af0264276b0de57010bdf1eb9f,0,0,1,1,0,0,0,0,0,0,0,0,73,21.56561279296875
8aef3ca981cb6fa92fa62ecbf5911c4b,0,1,1,1,0,0,0,0,0,0,0,0,37,10.53924560546875
8af0aff69c0b4386d74b5ec7bee716c7,0,1,1,1,0,0,1,0,0,1,0,0,26,9.21990966796875
8af60f8a773cea4c1b507710a456e884,0,1,1,1,0,0,0,0,0,0,0,0,8,15.75115966796875
8af68a5d36d07e39046ad0f082836189,0,1,1,1,0,0,0,0,0,0,0,0,35,41.34588623046875
8afb263d779be24c94f01046e5ec3e81,0,1,1,1,0,0,0,0,0,0,0,0,60,30.40692138671875
8b060b8b3ba0a87c04056ee4453ab332,0,1,1,1,0,1,0,0,0,0,0,0,31,4.64276123046875
8b0952260baf2b8ebbf59edd8dbded6b,0,1,1,1,0,0,0,0,0,0,0,0,53,5.02362060546875
8b0b63cef18c5373e5a4a0f81fe3a326,0,1,1,1,0,0,0,0,0,1,1,0,84,50.49481201171875
8b0ca2329afee8ac165f954e16532433,0,1,1,1,0,0,0,0,1,1,0,0,25,16.76287841796875
8b1ce59f65a1881b56457da5b17e1a3e,0,1,1,1,0,0,0,0,0,0,0,0,26,17.58270263671875
8b1e40db6b664e18c83fa990a41bbf8e,0,1,1,1,0,0,0,1,0,0,0,0,77,16.96600341796875
8b1ff8ec2997f3a3cfd6085ce71ca572,0,1,1,0,0,0,0,0,0,0,0,0,34,37.75506591796875
8b24ef46bf7272c44e0e6ea6fce12768,0,0,1,1,0,0,0,0,0,0,0,0,26,9.79705810546875
8b2d5238447a3d7a411d9ef4f32af948,0,1,1,1,0,0,0,0,1,1,0,0,64,18.11541748046875
8b35fc53812187d81623be18faccc863,0,0,0,1,0,0,0,0,0,0,0,0,61,3.91522216796875
8b37d68db44923455572690195c479b4,0,1,1,0,0,0,0,0,1,0,0,0,25,44.30145263671875
8b38b84e66aa1f87b7c79f6b0cd7f726,0,1,1,1,0,0,0,0,0,1,0,0,25,34.39617919921875
8b3ee202794509cfd76832f464e8a450,0,1,1,1,0,0,0,0,0,0,0,0,39,46.84002685546875
8b53d96dd7ec8464d5dc62c8446ee9e3,0,1,1,1,0,0,0,0,0,0,0,0,52,30.76287841796875
8b6d48392ba8f4f8cd0100a90d0a4b63,0,0,0,1,0,0,0,0,0,0,0,1,43,19.92352294921875
8b7365a5262718ffa63b4174a85009f8,0,1,1,1,0,0,0,0,0,0,0,0,32,17.42840576171875
8b74497d6d60ce11ac2d210c3cb056c3,0,1,1,1,1,1,0,0,0,1,0,0,2,21.95867919921875
8b74ad86bcc4c8b3899e0cc69f88cc03,0,1,1,1,0,0,0,0,0,1,0,0,47,27.64862060546875
8b771cbda56ccabcb5fa40e5b4a124bf,0,1,1,1,0,0,0,0,0,0,0,0,25,17.33026123046875
8b79f12235bfdf69ce2fb1e5fab2f4a1,0,1,1,1,0,1,0,0,1,1,0,0,56,-0.92901611328125
8b7de636ac5999006eddc1a5a220bdca,0,0,1,1,0,0,0,0,0,0,0,1,100,21.38446044921875
8b83793528db0aef18b901e921f9f1a2,0,1,1,1,0,0,1,0,0,0,0,0,28,28.03338623046875
8b8e7905639d347059f5132559258aac,0,0,1,1,0,0,0,0,0,0,0,1,12,18.52947998046875
8b9f33a256e61b74f01e2886b62a2d88,1,1,1,1,0,1,0,0,0,0,0,0,44,48.51776123046875
8ba2843a4dbe4bd7b0c31cc9b8df637e,0,0,0,0,0,0,0,0,0,0,0,0,21,22.22723388671875
8ba2b33705a597c66c46facc1393ae19,0,1,1,1,0,0,0,0,0,0,0,0,28,5.29559326171875
8ba4c5d5b32e64a3c4eb73c94f13a921,0,0,0,1,0,0,0,0,1,1,0,0,32,4.27752685546875
8bae6a5fdb501d43e4a938f724366dee,0,1,1,1,0,0,1,0,0,0,0,0,51,12.44403076171875
8bb59bc1dec71fbb3053fb418166c279,0,1,1,1,0,0,0,0,0,0,0,0,45,8.77703857421875
8bb5d25a098de04d8ae2114ab04f2dc9,0,1,1,1,0,0,0,0,0,0,0,0,21,43.52410888671875
8bb883a8e5924d9551ebb8ccb7cb7f04,0,1,1,0,0,0,0,0,0,0,0,0,33,19.42352294921875
8bbb43a88817b6ec210b49e3dd190b38,0,1,1,1,0,0,0,0,0,0,0,0,33,45.01873779296875
8bc3039b506d60bcaab97015d7adbaaa,0,1,1,1,0,0,0,0,0,0,0,0,51,22.22381591796875
8bc60302aab708e09cb96c25c52d41a1,0,1,1,1,0,0,0,0,0,0,0,0,47,17.06170654296875
8bcb83ce3ef7a38e95592ebb0e6acad9,0,0,0,0,0,0,0,0,0,0,0,0,28,48.37176513671875
8bd261df9ea731d48844abfb6e581b51,0,1,1,0,0,0,0,0,0,0,0,0,40,10.44647216796875
8bd7cbafe7c8cb36dd2fe72e57094aca,0,1,1,1,0,0,0,0,0,0,0,0,30,12.08709716796875
8bda70a1ac0c940b0580bf02f55e4b2c,0,1,1,1,0,0,0,0,0,0,0,0,60,15.16864013671875
8be403898ec8c3aee4851e7c7d64bb9a,0,1,1,1,0,0,0,0,0,0,0,0,33,15.62274169921875
8be4c8ddf47415bdd9532b4c6c2f3e19,0,1,1,1,0,0,0,0,0,0,0,0,55,39.03192138671875
8bf0d84bc4c9bceb9f95fbfef66b0381,0,1,1,1,1,0,0,0,1,0,0,0,65,9.13543701171875
8bf2e4e126bf7292a32701c7257da2ce,0,0,1,0,0,1,1,0,0,0,0,0,23,23.99334716796875
8bf3de235b3cd52ed07f69928f8e63fd,0,1,1,1,0,0,1,0,0,0,0,0,46,15.35711669921875
8bfb644588a5c1787d629b9dfa56ce57,0,1,1,1,0,0,0,1,0,0,0,0,100,20.99969482421875
8bfffa38d560908c6c49c16d39b74862,0,1,1,1,0,0,0,0,0,0,0,0,46,16.83026123046875
8c07349e1321970aac89820e4b58086d,0,1,1,1,0,1,0,0,0,0,0,0,53,30.31463623046875
8c0940d21000a85acd80211c754581f9,0,0,0,1,0,0,0,0,0,0,0,1,100,13.07293701171875
8c0a5100ecfd3fc58bd997aa5195a323,0,1,1,1,0,0,1,0,0,0,0,0,21,15.21112060546875
8c0a6e93eb2b8f7faf1827f545d7c522,0,1,1,1,0,0,0,0,0,0,0,0,32,18.13543701171875
8c0b1760c9555a193caa7d9370faf642,0,1,1,0,0,0,0,1,0,0,1,0,26,14.80535888671875
8c0f8cd3c05d5c33cc069b2c0b5b0098,0,1,1,1,0,0,0,0,1,0,0,0,21,29.31414794921875
8c14c04471b4b4d57f596432ce635c82,0,0,1,1,0,0,0,0,0,0,0,0,57,6.81512451171875
8c42113e91190d1e135dc54b2d1e3f63,0,1,1,1,0,0,0,0,1,1,0,0,56,6.61834716796875
8c52b97a78277efd0f5e3bf6f58170c1,0,0,1,1,0,0,0,0,0,0,0,1,46,37.88836669921875
8c5be37f63919902edb6c14aee836202,0,1,1,1,0,0,0,0,0,0,0,0,41,14.43182373046875
8c5d19612ec14dadfac31ed3dc51e069,0,1,1,1,0,0,0,0,0,0,0,0,18,32.53729248046875
8c6578b304039b0c2da4e79df723e3bd,0,1,1,1,0,0,0,0,0,0,0,0,41,20.92401123046875
8c6722ec6a4231a783858667193e5b2f,0,0,1,1,0,0,0,0,1,1,0,1,39,30.32537841796875
8c832f0c00a0ed404e72d427810018a1,0,1,1,1,0,0,0,0,0,0,0,0,41,3.81072998046875
8c85ac87e2d5de9005f8cc4b6f1488b7,0,1,1,1,0,0,0,0,0,0,0,0,34,7.64569091796875
8c8b7194f9dec3426a8a01e1c644c088,0,1,1,0,0,0,0,0,0,0,0,0,48,1.99334716796875
8c903cf17ed67b56f568e71ea0939088,0,1,1,1,0,0,0,0,0,0,0,0,100,12.95184326171875
8c923440f71eb3d2cfc0a5eeacbb8ac9,0,0,1,0,0,0,1,0,0,0,0,0,40,33.38787841796875
8c975f206ae1244c7dcd08b5fe65146f,0,1,1,1,0,0,1,0,0,0,0,0,8,8.16619873046875
8c98b06f9839f601f2ef2ed831809cd2,0,1,1,0,0,0,0,0,0,0,0,0,66,11.93572998046875
8c9b5d0f0dcf8f431d5661d2d81c6db1,0,0,1,0,0,0,0,0,0,0,0,0,25,23.46307373046875
8c9db6c14a4e32c75b1a9f18db076896,0,1,1,1,0,0,0,0,1,1,0,0,20,18.41131591796875
8c9dd9e0c14c0528a712d0ed3129e84a,0,1,1,1,0,0,0,0,0,0,0,0,35,9.85174560546875
8ca96379c06ab141697da506def3ec36,0,0,0,1,0,0,0,0,1,0,0,0,28,42.15692138671875
8cb31a370ca598a205ab010c187a204b,0,1,1,1,0,0,0,0,0,0,0,0,35,16.44793701171875
8cb7385c0afa4ebf71fb93ce5adba2c9,1,0,0,1,0,0,0,0,0,0,0,0,26,4.43377685546875
8cbd343a76fdc0133d97f74945f63033,0,1,1,1,0,0,0,0,1,1,0,0,16,17.69256591796875
8cc110af9fa47a4722411c775e09f2e0,0,1,1,1,0,0,0,0,0,1,0,0,12,15.69451904296875
8cc2b0e072a305161dec0ce732fa26f9,0,1,1,0,0,0,0,1,1,1,1,0,25,19.92987060546875
8cc8d3322763b7cea96fde30b797e909,0,1,1,1,0,0,0,0,0,0,0,0,33,25.53826904296875
8cd1ee098fbfbce6dcdc377d89ac4862,0,1,1,1,0,0,0,0,0,0,0,0,41,39.80389404296875
8cdb706fe07a7c48b9221f616d34a82a,0,1,1,1,0,0,0,0,0,0,0,0,34,29.00994873046875
8cdd22bf39eac07faee73a1a19c26955,0,1,1,1,0,0,0,0,0,0,0,0,50,21.05389404296875
8ce02a9915e9e0627d0d9d338377ce53,0,1,1,1,0,0,0,0,0,1,0,0,21,16.28729248046875
8ceb81020a2fbb2986ada64f8a57ad56,0,1,1,1,0,0,0,0,1,1,0,0,44,20.95770263671875
8cef851e4614435ecfeb2cb534abeb10,0,1,1,1,0,0,0,0,0,0,0,0,24,18.66229248046875
8d084fd05dabe913eb9d140c91697ebe,0,1,1,1,0,0,0,0,0,0,0,0,23,40.61639404296875
8d11c2ac4d5190d9d03d6d02a24382b6,0,0,0,1,0,0,0,0,0,0,0,0,27,31.11932373046875
8d18079f06d895ad1e4efb3cf1c9e9cc,0,1,1,1,0,0,0,0,1,1,0,0,11,1.47674560546875
8d22686bb234f9ea82c3048b0babe047,0,0,0,1,0,0,0,0,0,0,0,0,19,10.32733154296875
8d25de72c44ddfa6d4d39135c1d75fd7,0,1,1,1,0,0,0,0,0,0,0,0,2,25.98846435546875
8d2eb14e0d3ce1487830c7a63251732a,0,1,1,1,0,0,0,0,1,1,0,0,30,26.90057373046875
8d2f97ca0b878c765b1efc726ee75acd,0,0,1,1,0,0,0,0,0,0,0,1,38,35.06170654296875
8d35591e7c8b48390f713e5a54993e49,0,0,1,1,0,0,0,0,0,0,0,0,36,47.80731201171875
8d356133560f4cdd05f1c93cb851ebc8,0,1,1,1,0,0,0,0,0,0,0,0,47,25.75604248046875
8d39384ff786f101be108a7bcb734907,0,1,1,1,0,0,0,0,0,0,0,0,29,12.06805419921875
8d459c7111c031b18d16c078c5206cb1,0,1,1,1,0,0,0,0,0,0,0,0,33,15.41912841796875
8d46e896021bf06ad1ad3e969a6c54b8,0,1,1,1,0,0,0,0,0,0,0,0,42,27.99188232421875
8d4e86a647d3746306bda832c4b7320d,0,1,1,1,0,0,1,0,0,0,0,0,28,41.15740966796875
8d53858913501778255cb0c88b9b9178,0,1,1,1,0,0,0,0,1,1,0,0,22,20.54901123046875
8d55594d24413f2d0bf5eb3e0200e9b0,0,0,1,1,0,0,1,0,0,1,0,1,37,28.97332763671875
8d7876482b1e381be5a7194e29b1615b,0,1,1,1,0,0,0,0,0,0,0,0,28,27.35223388671875
8d79ca0a90155338ef64a624b1a335bd,0,1,1,1,0,0,0,0,0,1,0,0,33,25.34881591796875
8d868bafcb195239a4b280195877fe0b,0,1,1,1,0,1,0,0,0,0,0,0,13,9.68524169921875
8d8a4340ee0d42a122fe399cc7c3f90e,0,0,0,1,0,0,0,0,0,1,0,0,22,16.21893310546875
8d91f97e900d0df920e30235b9b02ab4,0,1,1,1,0,0,0,0,0,0,0,0,17,22.85028076171875
8d9a8e0a33d05451edc6bac49c0a1936,0,0,1,1,0,0,0,0,0,0,0,0,69,23.10906982421875
8da4f8fc3352275cb9c9069a73667d04,0,1,1,1,0,0,0,0,0,0,0,0,18,6.94842529296875
8db2050988c877486b663be37a3dbcaf,0,0,0,1,0,1,0,0,0,0,0,0,19,9.72674560546875
8db63679672e9b4ced405b08381e0ee0,0,0,1,0,0,0,1,0,0,0,0,1,26,30.57684326171875
8dbdb041407cb980e57d6fcea626427f,0,1,1,1,0,0,0,0,0,0,0,0,91,-6.95587158203125
8dd6c7f095567784b7a98bef7ee37910,0,1,1,1,0,0,0,0,0,0,0,0,30,12.14666748046875
8ddb21bcb5d2d2a5402998e8ec6250fc,0,1,1,1,0,0,0,0,0,0,0,0,24,11.28436279296875
8de49dabe8e5b5846694655ab0bbc1f8,0,1,1,1,0,0,0,0,1,0,0,0,39,-0.47833251953125
8df16e36d4bcc3c9fb2a846e8fb89f92,0,1,1,1,0,0,0,1,1,1,1,0,42,15.05682373046875
8df1e1f8cedb88655ca241e3212370fe,0,1,1,1,0,0,0,0,0,0,0,0,50,22.50799560546875
8df7504a4c73f808e7e0bc20cd9039a5,0,1,1,1,0,0,0,0,0,0,0,0,27,39.76629638671875
8dfa68b9ba98e3a4f8e1d2316a665d92,0,1,1,1,0,0,0,0,0,0,0,0,64,49.74969482421875
8e0559f9f7656b0229688a706c564b47,0,0,1,1,0,0,0,0,0,0,0,0,35,33.83905029296875
8e071f8b60437884bdade9763c7e3acb,0,1,1,1,0,0,0,0,0,0,0,0,100,28.97967529296875
8e0efebe40b153e994cdbd96ccafe20a,0,0,1,1,0,0,0,0,0,0,0,1,17,53.47576904296875
8e15ee504b4ac6df525525ab54728ae6,0,1,1,1,0,0,0,0,0,0,0,0,35,8.91864013671875
8e1a8e53e3b09c7b277d4df7b4651e6d,0,0,0,1,0,0,0,0,0,0,0,0,24,15.74920654296875
8e21040bcbf32dc513992df1335a0655,0,1,1,1,0,0,0,0,0,0,0,0,20,5.33416748046875
8e2e8b360d4fa493f09fcd23037fe3a3,0,1,1,1,0,0,0,0,0,0,0,0,32,16.90155029296875
8e47df3642ab47dd07d7cb892ecc6637,0,1,1,1,0,0,0,0,0,0,0,0,50,11.47967529296875
8e4c0858d109aa1668435313a4ed8d06,0,1,1,1,0,0,1,0,0,0,0,0,29,14.42694091796875
8e5a360f2b73fc78c36b8aab2a9a0671,0,1,1,1,0,0,1,0,0,0,0,0,31,25.81365966796875
8e5d166f285237fbd3561c5393746aae,0,1,1,1,0,0,0,0,0,0,0,0,21,19.11248779296875
8e61897d58c45c002214c9a188184de6,0,0,1,1,0,0,1,0,0,0,0,1,30,44.93280029296875
8e61a43dd715c5293c6f6a8830e0a0fc,0,0,1,1,0,0,0,0,0,0,0,1,24,42.74041748046875
8e648afdb8c36bb1d793f0071100e655,0,0,0,1,0,0,0,0,1,1,0,1,26,19.42059326171875
8e7370a5a4655a85a9349ce1522a2e36,0,0,1,1,0,1,0,0,0,0,0,0,42,22.56512451171875
8e769072430f1e5998a94458f08a67fd,0,1,1,1,0,0,0,0,0,0,0,0,30,33.50262451171875
8e78f5d506c594bedd74cb8013eba757,0,1,1,1,0,0,0,0,0,0,0,0,28,27.29901123046875
8e7cb0ffd5e5a683f2741923529f2b61,0,1,1,1,0,0,0,0,0,0,0,0,26,29.14764404296875
8e84dc3f65c07bc07ccd38a88e128dc3,0,1,1,0,0,0,1,0,0,0,0,0,29,29.37420654296875
8e8626d0d0a5ee8834321a0ea22ff1c8,0,1,1,1,0,0,0,0,0,0,0,0,35,18.14910888671875
8e89db6a4fe0c151f106222a41da62c9,0,1,1,1,0,0,0,0,1,0,1,0,38,12.54168701171875
8e8b8bbec0e21cb13ec6a9426acd1e97,0,1,1,1,0,0,1,0,0,0,0,0,46,2.58319091796875
8e8bf4972cff38d6f7061e09d265b263,0,1,1,1,0,0,0,0,0,0,0,0,30,11.36248779296875
8e90e4e9fdedde8659355629e1daa503,0,1,1,1,0,0,0,0,0,0,0,0,12,38.45672607421875
8e9859b6ab7cc7a5d77f4027d96073e7,0,0,1,0,0,0,1,0,0,0,0,1,100,36.49139404296875
8e98c57d701966418216cbee5b588a9a,0,1,1,1,0,0,0,0,0,0,0,0,27,3.96551513671875
8eac0a5fc8eebf835d4d5d73e221fe05,0,1,1,1,0,0,0,0,1,1,0,0,50,27.15399169921875
8ebcc485f4eb5ae807aa910eda752575,0,0,1,1,0,0,0,0,0,0,0,1,27,18.42596435546875
8ecb6407e199d7371abc1cb983441a3b,0,1,1,1,0,0,0,0,0,0,0,0,29,10.76483154296875
8ed19781d4e6e0dca6a3bb81afa8303c,0,0,1,1,0,0,0,0,0,0,0,0,22,6.25457763671875
8ed51b1b4f06294784eb4d9a6d581f9b,0,1,1,1,0,0,0,0,0,0,0,0,27,25.79071044921875
8ed7f016bfd11c7834270002e97143ca,0,1,1,1,0,0,1,0,0,0,0,0,81,10.47283935546875
8ee2749af3953a50e71bc6f7421edf37,0,1,1,1,0,0,0,0,1,1,0,0,42,10.27703857421875
8ee5841c140b97a1109a5ba10c056a84,0,1,1,1,0,0,0,0,0,0,0,0,23,22.35076904296875
8ee61039aea9dcfda36817d8d0fc5529,0,1,1,1,0,0,0,0,0,0,0,0,49,11.33660888671875
8eebe1116aac16d3141a0c8f94e5ae7e,0,1,1,1,0,0,0,0,0,0,0,0,73,25.92108154296875
8ef5b0058798c2af083291e6e260e8ad,0,1,1,1,0,0,0,0,0,0,0,0,42,8.41375732421875
8ef94fcd319d4050bd816e4988eae891,0,1,1,1,0,0,0,0,0,0,0,0,100,14.89178466796875
8f00b4cbb0cca7544edbb4774ae8033c,0,1,1,0,0,0,0,0,0,0,0,0,41,10.37030029296875
8f03b747aa77c82585fcd2bcd33d09a7,0,0,1,1,0,0,0,0,0,0,0,0,60,15.48797607421875
8f085ebf566e10541cba655ab2b5dbc2,0,1,1,1,0,0,1,0,0,0,0,0,23,16.55877685546875
8f09a3483668169c9fba5585e2115a29,0,0,1,1,0,0,0,0,1,1,0,1,26,34.77508544921875
8f123ac7abdc31f977528892fdbb77a1,0,1,1,1,0,0,0,0,0,0,0,0,27,28.91815185546875
8f12f92eaa9b021ba7fe9bfce7163c8a,0,1,1,1,0,0,0,0,0,0,0,0,19,13.36444091796875
8f1bca10c606cba1c9741ad1bb26cc36,0,1,1,1,0,0,0,0,0,0,0,0,100,45.94647216796875
8f20c67f8b1230d1488138e2adbb0e64,0,1,1,1,0,0,0,0,0,0,0,0,27,9.38641357421875
8f252aecbc264b8ead107e44c950e1e5,0,0,0,1,0,0,0,0,0,0,0,0,53,18.92889404296875
8f27142a3d48f3ad911a0f8e01092eaf,0,1,1,1,0,1,0,0,0,0,0,0,53,27.60614013671875
8f2f911b1a45831b038b865a994abb98,0,1,1,1,0,0,0,0,0,0,0,0,20,27.28729248046875
8f2fae7e511a1b4663860ef52b691c67,0,1,1,0,0,0,1,1,0,0,0,0,27,11.35760498046875
8f3322860527defd64444eddb34f98c4,0,1,1,1,0,0,0,0,0,0,0,0,37,29.68621826171875
8f3f1d62e9020538d0069586a216411c,0,1,1,1,0,0,0,0,0,0,0,0,19,20.54461669921875
8f526490f067e87ad5c15b15246fe3f8,0,0,1,1,0,0,0,0,0,0,0,0,53,3.91229248046875
8f617c68d9986acd86debd30d4edc7d9,0,1,1,1,0,0,0,0,0,0,0,0,35,20.45135498046875
8f6b377f47c12eec38908e1968034311,0,1,1,1,0,0,0,0,0,0,0,0,22,50.00946044921875
8f77b7f3952e0c98d7545b4e1b0a07dd,0,0,1,1,0,0,0,0,1,1,0,1,32,22.11151123046875
8f78d79fc53980b538242c94e55fae2f,0,1,1,0,0,0,0,1,0,0,1,0,34,44.22332763671875
8f800f25382dd04b46bd7791e6d75e02,0,1,1,0,0,0,0,1,0,0,1,0,36,13.18426513671875
8f839a82ffd382046dde4947bea875a5,0,1,1,0,0,0,1,0,0,0,0,0,39,29.68865966796875
8f90a4e9a20cd8ee90246bcea2fb76b2,0,0,0,1,0,0,0,0,0,0,0,0,66,12.47039794921875
8f96aa4d6e029a3c1e8adc6918c1607a,0,1,1,1,0,0,0,0,0,0,0,0,100,32.24725341796875
8f96baf2f1faef31d04cd7b42267e6a8,0,1,1,1,0,0,0,0,0,1,0,0,30,26.83416748046875
8f97d3fc55f103df54b5bb17d1727899,0,1,1,1,0,0,0,0,0,0,0,0,42,11.51580810546875
8f9babb55929fc4fa8fe50c136341688,0,1,1,1,0,0,0,0,0,0,0,0,31,16.32977294921875
8fa33c2bff5196b0f4cac867790fd11e,0,1,1,1,0,0,1,0,0,0,0,0,34,25.08905029296875
8fa64470a1fce28ac9baff9b6e446c40,0,1,1,1,0,1,0,0,0,0,0,0,31,18.17254638671875
8faa7cfab5ea845759498f56989ad480,0,0,1,1,0,0,1,0,0,0,0,0,43,13.93865966796875
8fafe54f5d3a7e9b8a83a2527dd777d7,0,1,1,1,0,0,0,0,0,0,0,0,22,20.29119873046875
8fb03407533784472183e8aa41509446,0,1,1,1,0,0,0,0,0,0,0,0,50,24.06756591796875
8fb33c28bc4b3fbba52a239477122a20,0,0,0,1,0,0,1,0,0,0,0,0,32,9.11785888671875
8fb5797f76d51780d74c01e9e0661a8f,0,1,1,1,0,1,0,0,0,0,0,0,13,3.44256591796875
8fb9b5da6ad2dfaeade32234cfc5fce0,0,1,1,1,0,0,0,0,0,0,0,0,36,28.32830810546875
8fc557ba14ed6fb33decdc6715f9dba9,0,0,1,1,0,0,0,0,0,0,0,0,58,12.24578857421875
8fc79e934f4a9f6312581d955c0baecb,0,1,1,1,0,0,0,0,0,0,0,0,85,12.69305419921875
8fc973e135c332c0a05a701598183bed,0,1,1,1,0,0,0,0,0,1,0,0,56,21.96356201171875
8fd159febf5a5598abd30fa789a0d692,0,1,1,1,0,0,0,0,0,0,0,0,30,9.51483154296875
8fd2222f6980c8781e34182cf1d4395e,0,1,1,1,0,0,0,0,0,0,0,0,43,26.00897216796875
8fec00620a26fa7bbe6bdc5ceaf8e7e3,0,1,1,1,0,0,0,0,0,0,0,0,55,26.19549560546875
8fec984ad232c3c67895c28a877984db,0,1,1,0,0,0,1,0,0,0,0,0,72,22.17010498046875
8ff33a9c2c7538e259664d4bd2eeda44,0,1,1,1,0,0,0,0,0,0,0,0,28,17.16424560546875
8ff83f5f17e3d634f92512c083c925b4,0,1,1,1,0,0,1,0,0,0,0,0,29,11.83074951171875
8ffa6bccb3909f2718d53ad47513e557,0,0,1,1,0,1,0,0,0,0,0,0,100,25.29071044921875
8ffc6584b074d912a1b8da7e24c1bef6,0,1,1,1,0,0,0,0,0,0,0,0,66,17.49139404296875
8ffde3ae7ab3726cff7ca28697687a42,0,1,1,1,0,1,0,1,1,1,1,0,23,25.94207763671875
9000f8018ade22ee2fb644b3d57ac96b,0,1,1,1,0,0,1,0,0,0,0,0,26,17.55584716796875
900975a61216a44b149d30871ccc2495,0,1,1,1,0,0,0,0,0,0,0,0,15,9.47235107421875
900e13aec18d0a462816d6cbbb7e1aea,0,1,1,1,0,0,1,0,0,0,0,0,33,8.33514404296875
900ea5af63296053d15fe88dec8caf80,0,1,1,1,0,0,0,0,0,0,0,0,71,27.83709716796875
9010f628bf0a4ce8058fb5bc26bd1fc1,0,0,0,1,0,0,0,0,0,0,0,0,37,28.63983154296875
90156b0fd0687fa052b394dea2193f59,0,1,1,1,0,0,1,1,0,0,0,0,59,20.14324951171875
901dd02cd5ea7e362a1b9f51c69e34ee,0,1,1,1,0,0,0,0,0,0,0,0,71,20.80242919921875
901de732d98a71672fff3bbd1f7e819e,0,1,1,1,0,0,0,0,0,0,0,0,20,26.64227294921875
902786862cbae94e890a090e5700298b,0,1,1,1,0,0,0,0,0,0,0,0,23,-2.36456298828125
902ac51c36c9fd8b040d63437ecb3137,0,1,1,1,0,0,0,0,1,1,0,0,34,29.82000732421875
9031ddd16196fea2efef8c6acb62e131,0,1,1,1,0,0,0,0,1,1,0,0,32,4.55926513671875
9038dddfd3034e204f773d08067be984,0,1,1,1,0,0,0,0,0,0,0,0,38,15.00408935546875
903c9d54c024b4575b7b360890c444be,0,1,1,1,0,0,0,0,1,1,0,0,8,15.42791748046875
904979fefd3c43fbbc052901cfac8b26,0,1,1,1,0,1,0,0,0,0,0,0,34,21.71893310546875
904b6c6da6cf6809f69bccdc42072a79,0,1,1,1,0,0,0,0,1,1,0,0,100,25.00067138671875
904fa0c0639539c63dc187f47ebabfc2,0,1,1,1,0,0,0,0,0,0,0,0,41,13.04412841796875
905268895512df1e0723535459c41be6,0,0,1,1,0,0,0,0,1,1,0,1,53,26.83026123046875
9056a4ec0cff7a085e23fd389bda3983,0,0,1,1,0,0,0,0,0,0,0,1,25,12.92791748046875
9060dc2305e258c7a74075d43119d34b,0,1,1,1,0,0,0,0,0,0,0,0,18,15.92645263671875
90628c6b84db2e371920c1cddff4ad3d,0,0,1,1,0,0,0,0,1,1,0,1,71,16.35614013671875
906deaa929c916cca8160e82856aed5b,0,1,1,1,0,1,0,0,1,0,0,0,35,17.08172607421875
90743673785cff0f1977f6dbcf76e6cd,0,0,0,1,0,0,0,0,0,0,0,0,33,6.13250732421875
9074787c58bbc633879a4f69319ce72e,0,0,0,0,0,0,1,0,0,0,0,0,21,56.51629638671875
907d073f12b6411781fc452988cfa23b,0,0,1,1,0,0,0,0,1,1,0,1,22,16.35858154296875
907ddf6cc6104dd3be0d4f68e760bbb5,0,1,1,1,0,1,0,0,0,0,0,0,31,33.14569091796875
90854c213f273520a465ec82efc20c5d,0,0,0,1,0,0,0,0,0,0,0,0,100,17.32635498046875
9088235dd9717c975865f5d03f0cc827,0,1,1,1,0,1,0,0,1,1,0,0,19,31.65057373046875
908d93ba2d266949e865fef9d906e65f,0,0,0,1,0,0,0,0,1,0,0,0,3,12.34100341796875
90949245cad3f0ff8932308985edbfaa,0,1,1,1,0,0,0,0,1,1,0,0,25,6.71795654296875
9099a8b65199d753616ecc2ce0182c01,0,1,1,1,0,0,0,0,0,0,0,0,40,147.04705810546875
909a131e12762b5d405a7baae84308e4,0,1,1,1,0,0,0,0,1,1,0,0,19,14.06268310546875
909ab17435941b587befbdaf9c175378,0,1,1,0,0,0,0,1,0,1,1,0,42,22.11785888671875
909b7d8974d07a6da852e30d36d1bd0e,0,1,1,1,0,0,0,0,0,0,0,0,16,10.09588623046875
909f9dadf2bac49c64f981f4818cc552,0,1,1,1,0,0,0,0,0,0,0,0,30,26.30145263671875
90af52000fe66fdfbb16bc6d4d70ee27,0,0,0,0,0,0,1,0,0,0,0,0,36,21.87811279296875
90b22a8184631899e2abd806e12a154c,0,1,1,1,0,0,0,0,0,0,0,0,19,16.79998779296875
90b389b5a1967598d2665ed46a75003a,0,1,1,1,0,0,0,1,0,0,0,0,37,21.38397216796875
90b59ce4d8aa0c7be8ea73d4621ceed2,0,1,1,1,0,0,0,0,0,0,0,0,7,19.80975341796875
90d297c17c55ae9d2e2d58c083c2b89e,0,1,1,1,0,0,0,0,0,0,0,0,50,10.35614013671875
90d77c5fc6d3d180e0f5d8aa75178b28,0,1,1,1,0,0,0,0,0,0,0,0,39,15.52557373046875
90d9867a56761a3bd7c27baf5996dfb4,0,0,1,1,0,0,0,0,1,1,0,0,27,35.82147216796875
90ee4afe97791896911aa6c2ba836364,0,1,1,1,0,0,0,0,0,0,0,0,36,46.31561279296875
90fa494c1370fe96e44ec2b0e80e1b98,0,0,0,1,0,0,0,0,0,0,0,0,45,8.19207763671875
90fe971342e8acffd2935bd8ac4598fb,0,1,1,1,0,0,0,0,0,0,0,0,100,45.96453857421875
91253c7b64e3776c236aa681c32dbf3d,0,1,1,1,0,0,0,0,1,1,0,0,46,27.02020263671875
91376208dfe26b3b9f10b82cb8e60c0b,0,1,1,1,0,0,0,1,0,0,0,0,75,24.15057373046875
914e238c49e7f9b4c4f505c0d8e42e76,0,1,1,0,0,0,0,1,0,0,0,0,48,7.38885498046875
915d87f9b5c0c10c832f41bc42344bb5,0,1,1,1,0,0,0,0,1,0,0,0,34,19.25604248046875
915fec8e47782fa8bfde701b83d1ee5e,0,1,1,1,0,0,0,0,0,0,0,0,31,9.74871826171875
91603495131ed3f592ad499091678a73,0,0,0,1,0,0,0,0,0,0,0,0,31,29.12860107421875
916216eefaf75947bcb000f131efaa94,1,1,1,1,0,0,0,0,0,0,0,0,17,15.43231201171875
916ce20c02cd4ef9225d7dbabde68f1c,0,1,1,1,0,0,0,0,0,0,0,0,5,14.03533935546875
91816c8682b098850e77e1e8685dfa5d,0,1,1,1,0,0,0,0,1,1,0,0,32,28.22137451171875
9181e1bf5ac3f9c7cba4a7e5da000ac3,0,1,1,1,0,0,0,0,1,0,0,0,36,36.79705810546875
91871b5dd1e5779bbe472d72a222139f,0,0,1,1,0,0,0,0,1,1,0,0,28,8.80731201171875
9189ff5703fbb7f74f19ecc02f25aae2,0,1,1,1,0,0,0,0,0,0,0,0,42,12.24969482421875
918a1264dab4ff97cfad021ca4bc8bd6,0,1,1,0,0,0,1,0,0,0,0,0,21,37.33514404296875
918b66ea308836b9786e1be72e410760,0,1,1,1,0,0,0,0,0,0,0,0,49,11.15447998046875
91936255620d8214e8ca4170a3fdc07b,0,1,1,1,0,0,0,0,0,0,0,0,8,15.79608154296875
9193fa591d5e8bcc1b8af3cd58206a0e,0,1,1,1,0,0,0,0,0,0,0,0,22,20.83465576171875
919875615cfb2ed2a84452b383125386,0,0,1,1,0,0,1,0,0,0,0,1,35,10.80828857421875
9199304313062752befeeb3a3e428537,0,1,1,0,0,0,1,0,0,0,0,0,48,22.49969482421875
91b89768f626ef1f4875d87ef117fc63,0,1,1,1,0,0,0,0,0,0,0,0,31,20.90447998046875
91c1c1e66b20a0566aa2d654a1e923c5,0,1,1,1,0,1,0,0,1,1,0,0,32,5.87127685546875
91c1e9c397943f082faaa6a216154e7c,0,1,1,0,0,0,0,0,0,0,0,0,36,19.06854248046875
91fa0d11a9e0f866af7593176b6da142,0,0,1,1,0,0,0,0,0,0,0,1,33,26.22723388671875
9204fced340e2df2d96d61866f544dd5,0,1,1,1,0,0,0,0,0,0,0,0,22,15.46258544921875
920dc43c65499ab4e4832f3d6bf5591d,0,1,1,1,0,1,0,0,0,0,0,0,30,14.55584716796875
92189fde724e45c04af7235e29970040,0,1,1,1,0,0,0,0,0,0,0,0,26,15.79559326171875
921c5b476999aaaad4d718d3b8aafa06,0,1,1,1,0,1,0,0,0,0,0,0,47,38.67303466796875
92253aef6066335e19c91812450e9e07,0,0,1,1,0,0,0,0,0,0,0,1,41,15.85809326171875
922915b7e244c6cc3eb0e25e4c1e5f12,0,0,1,0,0,0,0,0,1,0,0,0,36,30.08123779296875
9237ef2b53ec95421473d397ad5a8d17,0,1,1,1,0,0,0,0,0,0,0,0,45,8.60174560546875
923e3bffed0c6cbc46ab34f8166d51d8,0,1,1,1,0,0,0,0,1,1,0,0,40,22.67694091796875
924a1b33b9f4f5750978563be44292c3,0,1,1,1,0,0,0,0,0,0,0,0,35,12.03387451171875
925f2cece8d0d9f6f4a4e98e30252c20,1,1,1,1,0,0,0,0,0,0,0,0,63,1.09246826171875
9262ff92924c32b085360bcce65a2ca1,0,1,1,1,0,0,0,0,0,0,0,0,18,36.89471435546875
9266ee1d2fcb0c0a1f0355cf9e599e34,0,1,1,1,0,0,0,0,1,1,0,0,30,19.22528076171875
9270d6bb50ef0a8eb5c36799a929fe7c,0,1,1,1,0,0,0,0,0,0,0,0,3,-4.63018798828125
9273d9d1138efc3d1d43ff7c15bebf3c,0,0,1,1,0,0,0,0,0,0,0,0,73,8.57928466796875
92740e4e44c2572a43199931789e7166,0,1,1,1,0,0,0,0,0,0,0,0,21,0.80975341796875
9282fa3e53d7b9dd69d9e66a9263abcc,0,1,1,1,0,0,0,0,0,0,0,0,43,19.28338623046875
928e95d1ed62835c927cab7cb81bd5c6,0,0,0,1,0,0,0,0,0,0,0,0,27,27.38690185546875
9295b9ce81affa90ef1eb58f19eaaef1,0,1,1,1,0,0,0,0,0,0,0,0,78,4.44549560546875
92a004f9cb3ed5a082e333e5d7ab836c,0,1,1,1,0,0,1,0,0,0,0,0,8,64.29608154296875
92a16891ca69eb804c4cff424d8d9bca,0,1,1,0,0,1,0,1,0,0,1,0,26,25.41326904296875
92a18cccf8a57b1e2d75fe455b97d523,0,1,1,1,0,0,0,0,1,0,0,0,41,20.40545654296875
92b05e69ba24ec2ffba6f138e2c29545,0,1,1,1,0,0,1,0,0,0,1,0,38,17.11444091796875
92b0a609fdb736d15bf8d6e10cc25627,0,0,1,1,0,0,0,0,0,0,0,0,5,36.09197998046875
92b555a971cc0159d3b9e2fb15d7dfd4,0,1,1,1,0,0,0,0,0,0,0,0,49,11.42791748046875
92b88319eedf0da8d2a50b98932dace3,0,1,1,1,0,0,0,0,0,0,0,0,23,6.21649169921875
92c7437d21cd56a175a94569701f8d46,0,1,1,0,0,0,0,0,1,0,0,0,39,19.90447998046875
92cb824c47cb2f260f1fa7d370ca4c55,0,1,1,1,0,0,0,0,0,0,0,0,54,13.45379638671875
92ce1dcb9cae70a62f31ec39bb2d8f91,0,0,1,1,0,0,0,0,0,0,0,1,28,19.49822998046875
92d6189d578d95a1fbdb0f86be8bb4c6,0,1,1,1,0,0,0,0,1,1,0,0,21,13.08319091796875
92e13b227074f500fd364fad769da894,0,1,1,1,0,1,0,0,0,0,0,0,34,18.69696044921875
92e77b78efc511dd8333b47f69c497a7,0,0,1,1,0,0,0,0,0,0,0,0,38,22.55096435546875
92f1e65c3af8ee3fb2b2e19e03c27e82,0,1,1,1,0,0,1,0,0,0,0,0,22,71.12908935546875
92fe1f675503557ff241f58c8ec1e8a8,0,1,1,1,0,0,0,0,0,0,0,0,23,21.18084716796875
931587f52da68c7c12724d869436bb60,0,1,1,1,0,0,1,0,0,0,0,0,24,14.31072998046875
931d6f1e600dd676376e38e812e3e851,0,1,1,1,0,0,0,1,0,0,1,0,4,20.96112060546875
9322a3e58e32950729facde0543cdec5,0,1,1,1,0,0,0,0,0,0,0,0,17,17.00799560546875
932a3aa2e9811c4337ff414353bc9e9f,0,1,1,0,0,0,0,0,0,0,0,0,37,4.11541748046875
934109d247107a53be76a8c80a6ce6b4,0,1,1,1,0,0,0,0,1,1,0,0,58,6.53924560546875
93427f4488eb49adbc108569b7c4eee3,0,1,1,1,0,0,0,0,0,0,0,0,64,23.54119873046875
934333e4225606d562bce5061d10dcb3,0,1,1,1,0,0,0,0,1,1,0,0,25,34.32586669921875
93462afad3bf672ab083ec433dfa2a04,0,0,0,1,0,0,0,0,0,1,0,0,26,9.08270263671875
934666cb0aae82461f7cddc67399e44b,0,1,1,1,0,0,0,0,1,1,0,0,23,-0.27520751953125
934812b6c1dca93c3d9208656078ba2b,0,1,1,1,0,0,0,0,0,0,0,0,100,13.13201904296875
9353ab4f5e76870675d1b8b61789e1e2,0,0,1,1,0,0,0,0,0,1,0,1,23,44.48602294921875
93668760e9a4c9438be39119dd9525ec,0,1,1,1,0,0,0,0,0,0,0,0,33,29.28240966796875
93712b050dcfedf7068ae41d6d5d630d,0,1,1,1,0,0,1,0,0,0,0,0,29,13.92938232421875
9374b82d485a37c290bde3ef3db88c5a,0,0,1,1,0,0,0,0,0,0,0,1,27,34.01678466796875
93752c03c7160d45ac332f9f52717876,0,1,1,1,0,0,0,0,0,0,0,0,18,73.96600341796875
937f02d61080dc425cd5532ede67d4ea,0,0,1,0,0,0,0,0,0,0,0,0,25,9.25555419921875
93869bf27cf043cfefad7d4760776c13,0,1,1,1,0,0,0,0,1,1,0,0,48,25.37078857421875
938b9496a6b4c25b09b02efa628baba1,0,0,1,1,0,0,1,0,0,0,0,1,32,35.85369873046875
938f65d5fdc7800a9a049982ecfb0473,0,1,1,0,0,0,1,0,0,0,0,0,24,20.83172607421875
939a4303e3a0bf7a88a2c23b9bfddcf8,0,1,1,1,0,0,0,0,0,0,0,0,25,40.17987060546875
939ca2edb0ff2b717611076a06733248,0,1,1,1,0,0,1,0,0,1,0,0,33,12.73504638671875
93af2c5b6f28700b1e8fb2c2285b7794,0,1,1,1,0,0,0,0,0,0,0,0,25,10.98211669921875
93be804e1f74b6aa01049298c4baf994,0,1,1,1,0,0,0,0,1,1,0,0,40,13.14178466796875
93cd980a9373cffbb99e0e4a06836953,0,0,0,1,0,1,0,0,0,0,0,0,23,15.29998779296875
93d138625eb29a04869326945d563dcd,0,0,1,1,0,0,0,0,1,1,0,1,40,48.01141357421875
93dc1705f2baab402f92e13198d1498f,0,1,1,1,0,0,0,0,0,0,0,0,23,25.07293701171875
93dc3cb5819173495348817d6319f393,0,1,1,1,0,0,0,0,0,0,0,0,36,22.12567138671875
93e336e63e238f3e5ff5991b3198e8de,0,1,1,1,0,0,0,0,0,0,1,0,3,11.85614013671875
93e4d2d022c8293e52d6856e95dd3291,0,0,1,0,0,0,0,0,0,1,0,0,42,18.04608154296875
93e61da5f512643d325a757167bc4f83,0,0,1,0,0,0,1,0,0,0,0,0,41,3.63690185546875
93ea840c44849e17e7d876ed772aedfa,0,1,1,1,0,0,0,0,0,0,0,0,23,32.28924560546875
93f0ae9a49b702fa245fa108425239a5,0,1,1,1,1,0,0,0,1,0,0,0,41,37.52020263671875
93f7576c2990eed9e846ce5d7f7aff78,0,1,1,1,0,0,0,0,0,0,0,0,38,8.99285888671875
9404bbedf577c41044994132f000da30,0,1,1,1,0,0,0,0,0,0,0,0,32,20.70135498046875
941e532a21f7edb21766e88a15e588cb,0,1,1,1,0,0,0,0,1,1,0,0,100,18.56805419921875
94242432cd0b853abb27c02c3aa67380,0,1,1,1,0,0,0,0,0,0,0,0,23,3.23602294921875
9429dd167ae03bb1bc261edee59f2232,0,1,1,1,0,0,0,0,0,0,1,0,19,9.42791748046875
942bbeca4342a9c4f94946966c874ef4,0,1,1,1,0,1,0,1,0,0,1,0,11,31.27850341796875
943125bb499b7a64448a4157a64a430a,0,1,1,0,0,0,1,1,0,1,1,0,42,21.38592529296875
945150209099329c21a9f3e6bce1e80e,0,1,1,1,0,0,0,0,1,1,0,0,26,31.67449951171875
9452a5f383543267ea524759be596c1f,0,1,1,1,0,0,0,0,0,0,0,0,40,13.75799560546875
9466b0b218c168a2417231c25a75dbae,0,0,0,1,0,0,0,0,0,0,0,0,33,18.67010498046875
9468a1ead36dd1667dc5ea6f616410cd,0,0,0,1,0,0,0,0,0,0,0,0,32,20.65057373046875
946c17f8caaa02f60eccef662e532605,0,0,1,1,0,0,1,0,0,0,0,1,22,22.55096435546875
946d5e210984a00f9284d0a9a34d7e28,0,1,1,1,0,1,0,0,0,0,0,0,57,23.27362060546875
9474819971b5ced485d5e9528df3cfe0,0,0,1,1,0,0,0,0,0,0,0,1,3,15.31854248046875
947564d9d53bb7ca769214d95e310b68,0,1,1,1,0,0,1,0,0,0,0,0,26,11.93670654296875
94773ee6f04891c99bc4d37e8f20ff6f,0,1,1,1,0,0,0,0,1,1,0,0,31,15.43084716796875
947c361bb9535e78706a1fa2f82bd82a,0,1,1,1,0,0,0,0,0,0,0,0,30,9.55291748046875
94a292f4c57115932158ac0002618dff,0,1,1,1,0,1,0,0,0,0,0,0,28,17.75946044921875
94a5b6fff4dc5edcdfa6ab0239517f7a,0,1,1,1,0,0,0,0,0,0,0,0,30,15.04901123046875
94aba9625a879cf3de1f10530ea7646f,0,1,1,1,0,0,0,0,0,0,0,0,3,36.67791748046875
94b2e52746fc017d27ca5f760e6b17eb,0,1,1,1,1,0,0,0,0,0,0,0,87,36.22869873046875
94b5766efa8dfd1fba259a1eaa934cc8,0,1,1,1,0,0,0,0,1,0,0,0,41,10.77655029296875
94b9d00b32d875b103aa8d75db222ad6,0,0,1,1,0,0,1,0,0,0,0,1,28,14.08660888671875
94c823294d542af6e660423f0348bf31,0,1,1,1,0,0,0,0,1,0,0,0,25,24.39471435546875
94c8c387167a2141a46cc8cfbab98610,0,1,1,1,0,0,0,0,0,0,0,0,29,22.25701904296875
94d3e655a242a9648ac9e8a8c429c1f8,0,0,1,1,0,1,0,0,0,0,0,0,60,37.90692138671875
94dd1a87859bc4a48ad75c5847ff18a3,0,0,0,1,0,0,0,0,0,0,0,0,25,6.22186279296875
94e02539b5b5926ae5787890992dfc68,0,1,1,1,0,0,0,0,0,0,0,0,26,20.90301513671875
94e63beb6276cd772fcc2c6a19cc210c,0,1,1,1,0,0,1,0,0,0,0,0,26,9.45819091796875
94f28b9485d065ac163492af4c17155a,0,1,1,1,0,1,0,1,0,0,1,0,83,26.93524169921875
95000ac2d0fe3ff1640ec1fbe5af637c,0,0,0,1,0,0,0,0,0,0,0,0,29,23.14471435546875
9502a6c09a31f81dda36d5c61bcec67d,0,1,1,0,0,0,1,0,0,0,0,0,70,10.26336669921875
9502ee2bab5c4cf57f84c9095f05a9ce,0,1,1,1,0,0,0,0,0,0,0,0,16,18.29901123046875
95056e992f5cc62b27b5ff2b63bd0684,0,1,1,1,0,0,0,0,0,0,0,0,24,26.70184326171875
95082d3279a044841d6d34f67bfc4c6f,1,1,1,1,0,0,0,0,0,0,0,0,97,16.74871826171875
950ac5df0ec4f96dfecc428a34deb22b,0,1,1,1,0,0,0,0,0,0,0,0,35,18.38201904296875
95170770a8cd7fde52dc8f5bc95c424b,0,1,1,1,0,0,0,0,0,1,1,0,20,30.34100341796875
952587d47ad1e354548db3b810debc43,0,0,1,0,0,0,1,1,0,0,0,1,8,18.50653076171875
9527f8016c559e9ae6d8d10ed4abaf78,0,0,1,1,0,0,0,0,1,1,0,1,32,45.86590576171875
953b5e2bd2e6fab6614f5a492c34c75b,0,1,1,1,0,0,0,0,0,0,0,0,32,18.98846435546875
954cb1aced4bb516b333dabeb1d90120,0,0,1,1,0,0,0,0,0,1,0,0,21,17.92889404296875
954fcbec133eeb6974bf9ee6d3105535,0,1,1,1,0,0,0,0,0,1,0,0,42,10.90155029296875
95512c3decd6e838def12a1e795e9ec0,0,1,1,0,0,0,0,0,0,0,0,0,44,45.74432373046875
95553d7d723b7a9a7e27dbf1de38a34a,0,1,1,1,0,0,0,0,0,0,0,0,49,32.18621826171875
956229e9897eb031d2a91d33cb24ee7f,0,1,1,1,0,0,1,0,0,0,0,0,28,9.90252685546875
9562f7a487810b6aacbd40c3e1517830,0,0,1,1,0,0,0,0,1,1,0,1,15,35.68280029296875
957624ba37092e2de3ced66f523f3b24,0,0,0,0,0,0,1,0,0,0,0,1,24,25.67889404296875
9578cb8fef6a85c4c0dff4f389149d2c,0,0,1,1,0,0,0,0,0,0,0,0,12,42.18914794921875
957a1ed3d37718589b3014b66f2b9f62,0,1,1,1,0,0,0,0,1,1,1,0,48,28.19842529296875
957db548e43fd41fe055a6b81fccc827,0,0,0,1,0,0,0,0,0,0,0,0,26,39.63885498046875
957ee093d31828ab53a99ec6253ca282,0,0,0,1,0,0,0,0,1,1,0,0,63,20.98651123046875
9580a39161c4d02cc66794200cf99b58,0,0,1,0,0,1,0,0,0,0,0,0,40,28.79559326171875
9581fa5ccc2dd1a20932b037ba23268c,0,1,1,1,0,0,0,0,1,1,0,0,22,24.22869873046875
958347582af6ece8a5dd7ebd0f2cf3ef,0,0,0,0,0,0,0,0,0,0,0,1,21,24.16571044921875
958775970c7ec5dc99235efd5df705da,0,1,1,1,0,0,0,0,0,0,0,0,39,7.60418701171875
958792152175d214ffb838166ab29a3e,0,1,1,1,0,0,0,0,0,0,1,0,55,31.89910888671875
958ade15c0b584a92d4b47681020d1b1,0,1,1,1,0,0,0,0,0,0,0,0,66,8.02410888671875
959795dda54700df561a227d2e7e57f9,1,1,1,1,0,1,1,0,0,0,0,0,8,30.63983154296875
959dfe5dee2846fc71f5ef821cf09565,0,0,0,1,0,0,0,0,0,0,0,0,25,22.66766357421875
95a11df353e7466c0ed5c24bb47013d3,0,0,1,1,0,0,0,0,0,0,0,1,31,43.74432373046875
95a4e71b28746c0ee5906a40ab698235,0,1,1,1,0,0,0,0,0,0,0,0,38,12.08612060546875
95b47b2e43f01879ba9acf662173358c,0,1,1,0,0,0,1,0,0,0,0,0,62,45.33172607421875
95b500ce87e0c549b37bdf1c1dcbbbe5,0,1,1,1,0,0,1,1,0,0,0,0,25,16.78973388671875
95b9ab6107fe266f0c6fe0b09cf511ac,0,1,1,1,0,0,0,0,0,0,0,0,44,34.85760498046875
95bb399e1435b6e67d6ffeea528734f9,0,1,1,1,0,0,0,0,0,0,0,0,34,8.19647216796875
95bf34629fabedb4b018dcdf33ed4176,0,1,1,1,0,0,0,0,0,0,0,0,47,16.23846435546875
95c12cb572dc027e2f00243ceb548838,0,1,1,1,0,0,0,0,0,0,0,0,30,16.13592529296875
95c93e0b2cb7abbc52151066a825cf8e,0,0,0,1,0,0,0,0,1,1,0,0,22,14.05731201171875
95ca97bb20272cb60c78ad8e8a419f67,0,1,1,1,0,0,1,0,0,0,0,0,40,34.45281982421875
95cfcb71e2207e304947ad5b1cb1b3ef,0,1,1,1,0,0,0,0,1,1,0,0,27,16.37567138671875
95d3d39a691c45ac6065495eca96299e,0,1,1,1,0,0,1,0,0,0,0,0,23,21.93524169921875
95ddd86aeb6a09e9a135b6254c8e41bd,0,1,1,1,0,0,0,0,0,0,0,0,46,5.15106201171875
95eada5448c8a64615c0d4ef86af5e26,0,1,0,0,0,0,0,0,0,0,0,0,18,12.33905029296875
95fdd67ad6542c122f98fb5376840396,0,1,1,1,0,0,0,0,0,0,0,0,41,37.60662841796875
960193339492b521d00032198ba66365,0,1,1,1,0,0,0,0,0,1,0,0,21,24.48504638671875
9601d5e3c5eed99ebba3278327d25eca,0,1,1,0,0,0,0,0,0,0,0,0,100,30.65643310546875
9603e2efab17df6c828c157bfeadc5ac,0,1,1,1,0,0,0,0,0,0,1,0,51,34.40252685546875
960b128725e65f84548d31288554b8dc,0,1,1,1,0,0,0,0,0,0,0,0,43,13.16033935546875
96125316bf2732d60bccc108a02d6b10,0,1,1,1,0,1,0,0,1,1,0,0,23,11.70037841796875
9612f936ba9cf4367dbe2cfd1e941ad0,0,1,1,1,0,0,0,0,0,0,0,0,18,6.46551513671875
9614d62125886124259b53e1502282b1,0,1,1,1,0,1,0,0,1,1,0,0,9,7.09393310546875
9617b9af7d301b1aa8ee168df7bbcb7c,0,1,1,1,0,0,0,0,1,0,0,0,14,29.16424560546875
9623056776560a6fb2b4a4e4226d2fa7,0,1,1,1,0,0,0,0,0,0,0,0,36,28.37860107421875
96237aac86c1514914e5fc84729887af,0,0,0,1,0,0,0,0,0,0,0,0,37,10.78436279296875
9626511ccf1c002dc78ba2367823253e,0,1,1,1,0,0,0,0,0,0,0,0,40,1.13641357421875
962d8d2f4998f6efd27fb137709bbf74,0,1,1,0,0,0,0,0,1,1,0,0,100,11.56317138671875
962ea69227032075056eb8dcbebb9302,0,1,1,1,0,0,0,0,0,0,0,0,37,16.00018310546875
962efbf8ef17543c957b2a2773697975,0,1,1,1,0,0,0,0,0,0,0,0,29,1.29705810546875
9633abdcad8870e9bd03e95087574bf0,0,1,1,1,0,0,0,0,0,0,0,0,22,11.10760498046875
963b6356418428427c49c465605446b3,1,1,1,1,0,0,0,0,0,0,0,0,70,7.40545654296875
965b3a4af3c144327509b71a81081323,0,0,0,1,0,0,0,0,0,0,0,1,23,9.51531982421875
9663b014a20cd012ac1660bae69fe360,0,1,1,1,0,1,1,0,0,0,0,0,24,8.11981201171875
9668634c638a47f0f64d9ed8202eb4c0,0,1,1,1,0,0,0,0,0,0,0,0,20,18.29998779296875
9671610295d511bb4ef71f5adb9d8db2,0,0,0,0,0,0,1,0,0,0,0,0,52,27.49285888671875
9672c1a2525baf25ade9b71429fb5f46,0,1,1,0,0,0,0,0,0,0,0,0,82,32.31951904296875
96823589ca3fb83f61b78c798e68b2c6,0,1,1,1,0,0,0,0,0,0,0,0,28,22.13739013671875
9688454f23ef389da38617989539f60c,0,1,1,1,0,0,0,0,0,0,0,0,26,30.98748779296875
96998e083a2a75c6f47f8f40841c8c2b,0,1,1,1,0,0,0,0,0,0,0,0,31,16.35809326171875
96a1551862de7987c6f2375327e2e2db,0,1,1,1,0,0,0,0,0,0,0,0,34,38.99188232421875
96ae81088724f33e09cd5fcae63f9042,1,1,1,1,0,0,0,0,0,0,0,0,31,9.74871826171875
96b3d8e6a38200fc2bda4bbf80513150,0,1,1,1,0,0,1,0,0,0,0,0,26,26.31268310546875
96b40fb8e1530c64bdfd4475c263aea5,0,1,1,0,0,0,0,0,0,0,0,0,100,57.46551513671875
96b43c333d62dc79ad6eedf742ae00cd,0,1,1,1,0,0,0,0,0,0,0,0,22,-5.19659423828125
96bc505bfe2fa8b7b4d476b055d94f51,0,1,1,1,0,0,0,0,0,0,0,0,28,15.65203857421875
96c583b946860981399508e87fbcc462,0,1,1,1,0,0,0,0,0,0,0,0,17,9.40496826171875
96c6ecbc5407b075103db9d5e60f8867,0,1,1,0,0,0,0,1,0,0,0,0,58,13.65740966796875
96cd617afe9cff80a7f5fffd5346860e,0,1,1,1,0,0,1,0,0,0,0,0,45,21.76580810546875
96cf375bc744109f8a2ce7250e201f8f,0,0,1,1,0,0,0,0,0,0,0,1,29,32.26629638671875
96d20505d03c16c7c0c0459b01c84920,0,1,1,1,0,0,0,0,0,0,1,0,17,10.24627685546875
96d5b61bde2a4699132d7699a0a70336,0,1,1,1,0,0,0,0,0,0,0,0,100,15.89666748046875
96dd1725eb21b6645047e1cf9fe050c4,0,1,1,1,0,0,0,0,0,0,0,0,35,52.14520263671875
96dd852c918b47035f8add8b866f9049,0,1,1,1,0,0,0,0,1,0,0,0,27,31.12567138671875
97058e37b844e50f406876c1b22a8ab1,0,1,1,0,0,0,0,0,0,0,0,0,24,18.63299560546875
9714de78407cc26d1ecbdcae534e1cee,0,1,1,1,0,0,0,0,0,0,0,0,44,7.14520263671875
97205b8342f26c1a47a55aac05e8ac23,0,1,1,1,0,0,0,0,0,0,0,0,50,31.49920654296875
97205b93de998cb32e9c0d4401d427d9,0,0,1,1,0,0,0,0,0,0,0,0,44,25.38885498046875
9723b0e0fba9e3737bc9400dc0e3e714,0,0,1,0,0,0,0,0,0,0,0,1,33,12.39129638671875
972bb4f4577e03ddaa8449a2bb0da7d0,0,1,1,1,0,0,0,0,1,1,0,0,85,6.63983154296875
972fe89216702f65d554f8701c184f08,0,1,1,1,0,0,0,0,0,0,0,0,65,8.49871826171875
9739001fddf1b19e18070df22c81d19b,0,1,1,1,0,0,0,0,0,0,0,0,33,22.72967529296875
974503342839cb16b20640aa93fbf501,0,0,1,1,0,0,0,0,0,0,0,1,29,19.61444091796875
97450c466d98b1c11aa06f205c1d6e53,0,0,1,0,0,0,1,0,0,0,0,0,71,21.61395263671875
9745789a3eac8e1aa8fb361b88db98b8,0,1,1,1,0,0,0,0,0,0,0,0,38,31.42987060546875
974c68ba582ae92dbf0b970f45948f5d,0,1,1,1,0,0,0,0,0,0,0,0,13,34.50018310546875
974f0190917ef3417d152b7dad44ba05,0,1,1,1,0,0,0,0,1,0,0,0,37,21.65252685546875
9753e8d29c7375637d8e65b66ceb7b64,0,1,1,1,0,0,0,0,0,0,0,0,23,37.31024169921875
975a82a04d8dc60df9b10dda106f95df,0,1,1,1,0,0,0,0,0,0,0,0,24,10.61053466796875
975c3a56088ff99556abde50b46d7169,0,1,1,1,0,0,0,0,0,0,0,0,36,19.33026123046875
976fc841c452b460cea574824681c81a,0,1,1,0,0,0,1,0,0,0,0,0,29,5.38397216796875
9772fac69e699839fbfa6aa8fcd93707,0,1,1,1,0,0,0,0,0,0,0,0,29,12.91766357421875
977396290467576eb05825a38f66efc5,0,1,1,1,0,0,0,0,0,0,0,0,28,19.61053466796875
97754d8abaa7f841184ed8052d2dd127,0,1,1,1,0,0,0,0,0,0,0,0,35,32.34295654296875
978e03e6204c2e3526caf6da9543e4cf,0,1,1,1,0,0,0,0,0,0,0,0,30,28.58514404296875
97995cdb113c75c924ab8a672c79ee30,0,1,1,1,0,0,0,0,0,1,0,0,46,25.69256591796875
979e55877a095f65b40e2bff0a39c001,1,1,1,1,0,0,0,0,0,0,0,0,32,-2.48907470703125
97a059df87ee6cd4bab5a1cf576fc4a4,0,1,1,1,0,0,0,0,0,0,0,0,47,-0.73907470703125
97a4df9d9bd2988aea26296a467dcb41,0,1,1,1,0,0,0,0,0,0,0,0,43,17.00213623046875
97afa38e8e617cdde4e76aa0cae5c5d2,0,0,0,1,0,0,0,0,1,0,0,0,90,21.42156982421875
97b02918b88cda0f32988928912a9285,0,1,1,0,0,0,0,0,0,0,1,0,20,30.39813232421875
97b10e1b35952e71226880c4c29b5fe7,0,0,1,1,0,0,0,0,1,0,0,0,48,14.08612060546875
97b636b2aed51822448beaacbf6e2b28,0,1,1,1,0,0,0,0,0,0,0,0,30,19.32098388671875
97bc643a8d6d851bfb20fa28e3d11b86,0,0,1,0,0,0,0,0,0,0,0,0,77,26.65252685546875
97c2b9e2ef442baf4971a4eccde8350d,0,1,1,1,0,1,0,0,0,0,0,0,57,9.16815185546875
97d9cebb29caab194d11db8917562621,0,1,1,1,0,0,0,0,0,0,0,0,30,26.68231201171875
97de6c092fb0e0484d4d1c57fa8733f5,0,0,0,1,0,0,0,0,0,0,1,0,22,40.68084716796875
97dfb349961f974f6cec671fc53a8489,0,1,1,1,0,1,0,0,0,0,0,0,21,12.16571044921875
97e873fa63a19f99c6223ba9d6daefc4,0,0,0,0,0,0,1,0,0,0,0,0,46,10.93280029296875
97efc62baceb8115ddd6cef6b553e3bc,0,1,1,1,0,0,0,0,0,0,0,0,37,30.21990966796875
97f41291312d2e5fb1932f52f511f08c,0,1,1,1,0,0,0,0,1,1,0,0,34,19.93182373046875
97f8cfa60e6cb95ddf9d8183eff303ab,0,0,0,1,0,0,0,0,0,1,0,0,40,27.87615966796875
980c610b42a8b4ace6228fed95025936,0,0,1,1,0,0,0,0,0,0,0,0,34,31.26483154296875
98109029291012fb52d114c96cff8552,0,0,0,1,0,0,1,0,0,1,0,0,46,31.57098388671875
981ff68077d5999d9a142db45ff4e924,0,1,1,1,0,0,0,0,1,1,0,0,39,31.42010498046875
9824aab38c993b6eec8a93eb41492e4e,0,0,0,1,0,0,1,0,0,0,0,0,38,20.41815185546875
983275e9a8302905694ecdf65ce5b422,0,1,1,1,0,0,0,0,0,0,0,0,21,12.72479248046875
98341b42301946d3d5282e0e7f0806b9,0,0,0,1,0,0,0,0,0,0,0,0,100,11.86883544921875
98414e22d5c35eb77fa08ab456c5d01d,0,1,1,1,0,0,0,0,0,0,0,0,61,10.34002685546875
98421c10afdb144f90fe6cd7e922223f,0,0,1,1,0,0,0,0,0,0,0,1,15,28.10614013671875
985c649086fc0dcf2217a3d3d52052c5,0,1,1,1,0,0,0,0,0,0,0,0,53,19.72430419921875
98607e30aab2cdb838f906108e0a7c1a,0,0,1,1,0,0,0,0,1,1,0,1,36,18.63299560546875
98644f099b9bd9bb3008f64d4ab17f23,0,0,1,1,0,1,0,0,0,0,0,1,28,38.81414794921875
9876250da03d99a08713f44439a02a80,0,1,1,1,0,0,0,0,0,0,0,0,35,15.61248779296875
98897dff1d9d71c22ffae282c37e6c6f,0,1,1,1,0,0,0,0,1,1,0,0,32,16.05340576171875
988b31dd48a1bc867dbc9e14d21b05f6,0,0,0,1,0,0,0,0,0,0,0,0,18,18.04998779296875
98905f642162e64b1916a46dbea5ead0,0,1,1,1,0,1,0,0,1,1,0,0,31,19.54998779296875
989356e90bbb5c9dd7cc3d85271a38c3,0,1,1,1,0,0,0,0,0,0,0,0,43,20.67791748046875
989dde0ca134c0caf2884bb24a84c43b,0,0,1,1,0,0,0,0,0,0,0,0,84,36.89666748046875
98a5cded26bf305501c2b095d2d4bba5,0,0,0,1,0,0,0,0,0,0,0,0,20,5.92401123046875
98afaff40127a1023d20576400ad23e7,0,1,1,1,0,0,0,0,0,0,0,0,29,9.27801513671875
98b31f2607d3755174e61ce1a38df8b3,0,1,1,1,0,0,0,0,0,1,0,0,52,47.30731201171875
98b83163bc93cb2f45aa08df636faf20,1,1,1,1,0,0,0,0,0,0,0,0,17,52.54754638671875
98b9d28251b5a15bf273ef2492366540,0,1,1,1,0,0,0,0,0,0,0,0,38,24.20770263671875
98c6c7e338ad46b0f2216374aab51d40,0,1,1,1,0,1,0,0,0,0,0,0,32,10.38104248046875
98c7e1f25e7799b3030e69e5034c42d8,0,1,1,1,0,0,0,0,0,1,0,0,36,24.65447998046875
98cb3209879b6b1ef4bcb54c894f3b11,0,1,1,1,0,0,0,0,0,0,0,0,19,0.55340576171875
98d484b86c782c4e40ee6c1ab1f9d1ec,0,1,1,1,0,0,0,0,0,0,0,0,19,11.91326904296875
98df091086f51b9ea2b26fcccefe11bb,0,1,1,1,0,0,0,0,0,0,0,0,28,19.44110107421875
98e52d2ed0d160540c198d1a734f5568,0,1,1,1,0,0,0,1,0,0,1,0,48,7.32537841796875
98eb4ae7eb725bc63cefe42e10465948,0,1,1,0,1,0,1,0,0,0,0,0,30,10.92596435546875
98f8c5ee2778140c82e27576cd6d7d2d,0,1,1,1,0,0,0,0,1,1,0,0,46,17.13104248046875
98fcb715742b0af6a5675821af4b73e8,0,1,1,1,0,0,0,0,1,1,0,0,31,27.95184326171875
9900bcd6fe5d7640f84463c6258df055,0,1,1,1,0,0,0,0,0,0,0,0,100,46.23602294921875
990191bbd1eb326ab90d4d770e7ce3bd,0,1,1,1,0,0,1,0,0,0,0,0,28,8.66815185546875
99049a1b664bbb5cc711eddf32509251,0,1,1,1,0,0,0,0,0,0,1,0,33,16.02215576171875
990702146e9ec615d6045c2b9d1ad001,0,1,1,1,0,0,0,0,0,0,0,0,77,8.82733154296875
990cfa083ec5b9955d2ef0e06c513919,0,1,1,1,0,0,0,0,1,1,0,0,39,8.20819091796875
990f2b6fe8b4e6f765f4bf5558153480,0,1,1,1,0,0,0,0,1,1,0,0,37,5.47088623046875
991132310bfd6011da8b8c635e716087,0,1,1,1,0,0,0,1,0,0,1,0,71,24.98065185546875
991b4ee43b6c627c5b26237c2145770d,0,0,0,0,0,0,0,0,0,0,0,0,53,67.32928466796875
994d40525ab1bb70d198b461147f0a63,0,1,1,1,0,0,0,0,0,0,0,0,29,10.56561279296875
995dcb0ac1b8ebcdf83f3c88d1c55def,0,1,1,1,0,0,0,0,0,0,0,0,86,14.51971435546875
996827373fa5bc2573f5434028ddb102,0,0,0,1,0,0,0,0,0,0,0,0,39,16.38494873046875
996902a458d87c747e6dff152192c3f8,0,0,0,1,0,0,0,0,1,1,0,0,31,19.78485107421875
996a2123efa0aa6df96d14bb767e77bd,0,1,1,1,0,0,0,0,0,0,0,0,30,21.11053466796875
9973a30efa74d4ac6b0aed681fbccd4a,0,1,1,1,0,1,0,0,1,1,0,0,22,46.09686279296875
9977344d8581efe97d095547d81be1c9,0,0,0,0,0,0,0,0,0,0,0,0,35,11.34197998046875
99775077b74245b95e3587496140c07b,0,1,1,1,0,0,0,0,0,0,0,0,57,13.07244873046875
997b3b9e80cd83d0d1e83c2c7d186730,0,1,1,1,0,0,0,0,0,0,0,0,30,11.18280029296875
998547094a0f3478ebf9e85b1faa73a2,0,1,1,1,0,0,0,0,0,0,0,0,41,39.34832763671875
99878c7d6a044c7dfafe3ffea36ad3dc,0,1,1,0,0,0,1,0,0,0,0,0,65,8.50311279296875
9990c169c55867aed3af9b61229c3426,0,1,1,1,0,0,0,0,0,0,0,0,29,14.20086669921875
9991caa3ee6b26bf845bcdbe0f5ef614,0,0,0,0,0,1,0,0,0,0,0,1,46,15.99822998046875
99921f39e6f639c9fbe77f016847d35e,0,1,1,1,0,0,0,0,0,0,0,0,32,38.27313232421875
99945ec001c138e889464f9045bee874,0,0,1,1,0,0,0,0,0,0,0,0,16,0.75555419921875
9998b688f69130b7b4423dfa0581b6f5,0,1,1,1,0,0,0,0,0,0,0,0,60,43.69793701171875
99abf04b48da621f3dbfea95862f0984,0,1,1,1,0,0,0,0,0,0,0,0,32,17.61053466796875
99b0131884ce44bec548e586412c0d07,0,0,1,1,0,0,0,0,0,0,0,0,100,11.53387451171875
99b0fe66b96a9b79dab5b9a71f602b32,0,1,1,1,0,0,0,0,0,0,0,0,24,30.66815185546875
99b7a875a6bda53517bfc380a0b589ce,0,1,1,1,0,0,0,0,0,0,0,0,30,23.16033935546875
99bfa88b01dcf30494b925f5151149a3,0,0,1,1,0,0,0,0,0,0,0,0,12,15.89373779296875
99c198b04f90d2f17515e05e91bf8acd,0,1,1,1,0,1,0,0,0,0,0,0,64,30.15545654296875
99c20a36f06e6b56cf69542444b79ad1,0,1,1,1,0,0,0,0,1,0,1,0,36,14.80780029296875
99caa0e8c0a8c882f46ff1fc136ba81a,0,1,1,0,0,0,1,0,0,0,1,0,4,11.62518310546875
99cfc23d405481e38d31fb969d2de736,0,1,1,1,0,0,0,0,1,1,0,0,57,30.35272216796875
99d34775a9aac33868a13c38fa51e74c,0,1,1,0,0,0,1,1,0,0,1,0,32,27.68084716796875
99d6c73eb8221ff3ad8168b86a72999c,0,1,1,1,0,1,0,0,0,0,1,0,33,23.97088623046875
99db12809c7672aa9b1c7954cd65ef1f,0,1,1,0,0,0,0,1,0,0,1,0,57,34.74822998046875
99e3517b7cb9a488ae8043399cebda88,0,1,1,1,0,0,0,0,0,0,0,0,51,21.00164794921875
99e81953c9875700ac0358f7242bfbf4,0,1,1,1,0,0,0,0,0,0,0,0,36,8.45281982421875
99f3174e9d375705407684403d59a01a,0,1,1,1,0,0,0,0,1,0,0,0,86,10.10711669921875
99f78bcaa53079a6b20abe2ed5a583c4,0,1,1,1,0,0,0,0,0,0,0,0,12,35.43377685546875
99f79795f071732e2b96070abe0d9e09,0,1,1,1,0,0,0,0,0,0,0,0,10,15.89227294921875
99f9d15bf929aad7dc1baac6c7d8c190,0,1,1,1,0,1,0,0,0,0,0,0,36,23.06268310546875
99fac9ce233062bb1a9e0b3350d133ac,0,1,1,1,0,0,0,0,0,0,1,0,88,14.02362060546875
99ffac6aae44d552918ba78c615c4e10,0,1,1,1,0,0,0,0,0,0,0,0,27,14.14471435546875
9a0238499efb15551f06ad583a6fa951,0,1,1,1,0,0,0,0,0,0,0,0,21,2.45379638671875
9a04bcd9b36f5c4c93db8c6ef89ccf6d,0,1,1,1,0,0,0,0,0,0,0,0,72,6.18768310546875
9a0878cf78697a38d837146417cb05b0,0,0,0,1,0,0,0,0,0,0,0,0,63,21.25115966796875
9a0e3f4811b41853ff0f9024a4081cba,0,1,1,1,0,0,1,0,0,0,0,0,24,5.56268310546875
9a1a59eef9219a5e98ef3cd70fdba34d,1,1,1,1,0,0,0,0,0,0,0,0,71,21.02606201171875
9a1aebf97deeb5d689f1b773435a50e1,0,0,1,1,0,0,0,0,0,1,0,0,27,37.20037841796875
9a1c993f37d094261d77d09a2bd5363c,0,0,1,1,0,0,0,0,1,1,0,1,38,15.88250732421875
9a2db6a3ce3216d44781113ebaea5b2e,0,1,1,1,0,0,0,0,0,0,1,0,53,0.38104248046875
9a2f1a1ed0c5b070f4166d1d35e751b0,0,1,1,1,0,0,1,0,0,1,0,0,100,25.83026123046875
9a2f1cbb211cfacf48227af668079cda,0,0,0,1,0,0,0,0,0,0,0,0,33,16.90155029296875
9a3363cf33d205dffb0174a99de5cc4e,0,1,1,1,0,0,0,0,0,0,0,0,46,12.12762451171875
9a4876ae29d90355b0416e692c69b5cf,0,1,1,1,0,0,0,0,0,0,0,0,38,25.29315185546875
9a497de11758e0883259ea134f708982,0,1,1,1,0,0,0,0,0,0,0,0,35,8.57244873046875
9a54f39d55b5810b689c08f2c9f400d2,0,1,1,1,0,0,0,0,1,1,0,0,11,19.50457763671875
9a58f01bb38fdacb9eb09fed6f6ddbc3,0,1,1,1,0,1,0,0,0,0,0,0,14,27.68865966796875
9a62665c37b16033601f9fc5e3750a2c,0,1,1,1,0,1,0,0,0,1,0,0,19,75.58905029296875
9a63e923699541bdf304f355d69811b3,0,0,0,1,0,0,0,0,0,0,0,0,48,-13.42462158203125
9a68e1d838550765eba447ce0aea8325,0,1,1,1,0,0,0,0,1,1,0,0,18,23.82244873046875
9a76b2c5d66bc2140b53ca89a296442d,0,1,1,1,0,0,0,0,0,0,0,0,8,17.84930419921875
9a77ba05fdf826c4fa58b2233057f350,0,1,1,1,0,0,0,0,1,1,1,0,36,36.22381591796875
9a7fda1b8b74c5c562d5881fd0c22df7,0,0,0,1,0,0,0,0,0,0,0,0,28,17.65399169921875
9a89ee2d44e41280aa6c0f2f026939d1,0,1,1,1,0,0,1,0,0,0,0,0,15,28.33416748046875
9a8a33cf9b7b7696b8e818f0bdd20594,0,1,1,1,0,0,0,0,0,0,1,0,34,14.82489013671875
9a94df24c2ceec0d0c78cc1ebbe51359,0,1,1,1,0,0,0,0,1,1,0,0,18,17.20184326171875
9a9ba39a4f85a53fecd7562be96ad1dd,0,1,1,0,0,0,1,0,0,1,0,0,45,39.26873779296875
9a9f3ede5910dac97b95e4de2376140e,0,1,1,0,0,0,1,0,0,0,0,0,60,8.82391357421875
9aa2afc06d84945e55fecb9298990f47,0,1,1,1,0,0,0,0,0,0,0,0,25,19.59979248046875
9aa65bd38d78120e35621bbe42094c0f,0,1,1,0,0,0,0,0,0,0,0,0,31,19.70721435546875
9aa6a6702b67912a8d99e1afa5c42b9a,0,1,1,1,0,0,0,0,0,0,0,0,37,19.22576904296875
9aa7dcbe2365f25c59a45ee9a0857828,0,1,1,1,0,0,0,0,0,0,0,0,31,25.57342529296875
9aaa8fbce8690cbb1d4b489881f70502,0,1,1,1,0,1,0,0,0,0,0,0,36,8.50311279296875
9ab7859b4d113fd6886efbb79efd44f1,0,0,1,1,0,0,0,0,0,0,0,1,31,47.98260498046875
9abd8090e1c0d2e4f656fccd4ca6f5e1,0,1,1,1,0,0,0,0,0,0,0,0,20,37.74969482421875
9acef6cf1d7d5950f12f3c828a4091ca,0,1,1,1,0,0,1,0,0,0,0,0,69,53.13836669921875
9acf66d589a88f90f3d3db30edd01e60,0,1,1,1,0,0,0,0,0,1,0,0,28,17.64569091796875
9ad900651fcab6c1202e595e5369a54e,0,1,1,1,0,1,0,0,0,0,0,0,53,52.63836669921875
9ae0f1649061259be4437c41e9ccd214,0,1,1,1,0,1,0,0,0,0,0,0,87,41.18524169921875
9ae1e9239133713ccee70b2257fc3b1a,0,1,1,1,0,0,0,0,0,0,0,0,31,16.52362060546875
9aeb994590aa4f449357e930d5fa083c,0,1,1,1,0,0,0,0,0,0,0,0,68,18.17547607421875
9af7d8aa5d6af7e19e03fb598ef21d21,0,1,1,1,0,0,0,0,0,0,0,0,37,27.94549560546875
9af9d8ee37fb3cf002a8b8c60b7e02de,0,1,1,1,0,1,0,0,0,0,0,0,34,9.43475341796875
9afcbe30dca47d1a26f7121fd5c6ac54,0,1,1,1,0,0,0,0,0,0,0,0,36,29.00115966796875
9b15d2bac797258bf2e5a61606c4fa5d,0,0,0,1,0,0,1,0,0,0,0,0,23,42.70574951171875
9b1628a8f18903014c86050913554229,0,1,1,0,0,0,0,0,0,0,0,0,3,11.09051513671875
9b2422f20ca14b3babb433c09cbe8549,0,1,1,1,0,0,0,0,0,0,0,0,13,20.67596435546875
9b246ae6872e01134f6deaf39ec7442d,0,1,1,1,0,0,0,0,0,0,0,0,61,10.76776123046875
9b2af98ed94e22ae2229c8644a2cd1ee,0,1,1,1,0,0,0,0,0,0,0,0,71,18.43475341796875
9b30bb7842f63d6ed0d15689a4e45f3e,0,1,1,1,0,0,0,0,1,1,0,0,53,18.35076904296875
9b3267c1652691240d78b7b3d072baf3,0,1,1,1,0,0,0,0,0,0,0,0,22,2.86346435546875
9b3adf78f016e0e6d899f2e91f3e71d7,0,1,1,1,0,0,0,0,0,0,0,0,2,9.27459716796875
9b3bbad654ee0b192efbeada240bfcec,0,1,1,1,0,0,0,0,1,1,0,0,31,22.02947998046875
9b45570e3082d0e9303f5dab2783eeec,0,1,1,1,0,0,0,0,0,1,0,0,44,14.76043701171875
9b6bf16267113bf7bec76f4f56593c51,0,1,1,1,0,0,0,0,0,0,0,0,6,9.50506591796875
9b6bf70995dd99531557a36f34b4cd51,0,1,1,1,0,0,0,0,0,0,0,0,58,27.03973388671875
9b7248a70a5b25b8356137734842146e,0,1,1,1,0,0,0,0,0,0,0,0,32,15.93621826171875
9b7799408415481f93a5c383526ae28e,0,1,1,1,0,0,0,0,0,0,0,0,31,20.96063232421875
9b94a30a7a5611f00cce95949e570ad3,0,0,1,1,0,0,0,0,1,1,0,1,52,3.47137451171875
9b968a0678a480ba9ff6a6872c4f258e,0,1,1,1,0,0,0,0,0,0,0,0,100,22.89862060546875
9ba38b3d6b61dc8e024b8e8d727f06b7,0,1,1,1,0,0,0,0,0,0,0,0,31,37.49725341796875
9bab64151757658e5f8d95f78161a052,0,1,1,0,0,0,0,0,0,0,0,0,37,25.36834716796875
9bafd3e42b378206559029f8270259f1,0,0,1,1,0,0,0,0,1,0,0,1,28,13.41033935546875
9bb1c4e19070066815cafb1750885f40,0,1,1,1,0,0,0,0,0,0,0,0,32,21.67742919921875
9bb26fdf20888caf54957e8c7e7bd3c8,0,1,1,1,0,0,0,0,0,0,0,0,31,22.80584716796875
9bba05043428abfe43e858a72e2e6e05,0,1,1,1,0,0,0,0,0,0,0,0,35,11.72625732421875
9bcd74cc245136af1cb7792830a874d8,0,0,1,0,0,0,1,0,1,0,0,0,91,11.59442138671875
9bcfb2e0da43774c0c48aef2d6bc027a,0,1,1,1,0,0,0,0,0,0,0,0,31,58.77410888671875
9bd1b196a220a4293d3cc5c3e827631b,0,1,1,1,0,0,1,0,0,0,0,0,32,14.26043701171875
9bd2e9de14f08a2804992c22e4fbd5c1,0,1,1,1,0,0,0,0,0,0,0,0,31,22.30145263671875
9bd81eadfe0f99f7cae970eae362c2fa,0,1,1,1,0,0,0,0,0,0,1,0,12,16.32830810546875
9bdb4651fe37464f0676efb6a2a5ec20,0,1,1,1,0,0,0,0,0,0,0,0,17,31.97186279296875
9bdc07db9f39b5a6da5c0e8388718673,0,1,1,0,0,0,1,0,0,1,0,0,34,42.35321044921875
9be8ed600bb90c274dd0e46fcd0436c5,0,1,1,1,0,0,0,0,0,0,0,0,28,-1.18341064453125
9bea3673bff088e95760fc7b7d9fc5b0,0,1,1,1,0,0,0,0,0,0,0,0,25,43.04217529296875
9beaff8dd8b17dcb7638f689a638a2d1,0,1,1,1,0,0,0,0,0,1,1,0,34,54.26287841796875
9becdb296f563ac4e5b456c3263bfd12,0,1,1,1,0,0,0,0,0,0,0,0,31,9.91912841796875
9bf0b55af2cf6c788b5b7d0f5a86a0f3,0,1,1,1,0,0,0,0,0,0,0,0,37,52.87664794921875
9bf445ac65bd23a495bff040bdb879f0,0,0,0,0,0,1,1,0,0,0,0,0,26,21.08416748046875
9bf66d15972e867d50bba0109a2f550a,0,0,1,0,0,0,0,0,0,0,0,1,45,12.41424560546875
9bf8c857a60639473b17339bffcce5dd,0,1,1,1,0,0,0,0,0,0,0,0,28,34.19110107421875
9c0150c08281a500e8b54f98a969dc1c,0,1,1,1,0,0,0,0,0,0,0,0,87,12.12567138671875
9c01b1f35a946d201aa5cfd761ccb1d6,0,1,1,1,0,0,0,0,0,0,0,0,25,7.50408935546875
9c1131ae1b2dad380e70c659feb6d6b2,0,1,1,1,0,0,0,0,1,0,0,0,41,9.11932373046875
9c1391e75fdd9ead144b3e83684c1bcc,0,1,1,1,0,0,0,0,0,0,0,0,42,10.50799560546875
9c18af408cd1354d68979bc7ff0a4834,0,1,1,1,0,0,0,0,0,0,0,0,74,22.93963623046875
9c18e64b781772de71c56130ef90df28,0,1,1,1,0,0,0,0,1,1,0,0,22,17.06610107421875
9c191a135dc1edca8833f080726470c1,0,1,1,0,0,0,0,0,1,1,0,0,56,10.67694091796875
9c27168d6b57ca409307e8a306d20c95,0,1,1,1,0,0,0,0,0,1,0,0,17,19.06903076171875
9c2f9d6edb0fd50a5b7a7797d1b28dc8,1,1,1,1,0,0,0,0,0,0,0,0,21,4.79754638671875
9c31180667abe3873a93336ea2c78f1d,0,1,1,1,0,0,0,0,0,0,0,0,30,13.80389404296875
9c3b5f3eb25680c56919af48aaaa3df2,0,0,1,0,0,0,0,0,0,0,0,0,19,14.20574951171875
9c3deb139e5c73e4c6474a88315fb18e,0,0,0,1,0,0,0,0,0,0,0,0,62,19.02752685546875
9c42e2ea46c202623a968383839be80c,0,0,1,0,0,0,0,0,0,0,0,1,27,34.52899169921875
9c432a34cbfd09567507c2a16b9fce6c,0,1,1,0,0,0,0,0,0,0,0,0,66,23.13006591796875
9c449a44e39d5401a2706f66a5692b95,0,0,0,1,0,0,0,0,0,0,0,0,39,25.70086669921875
9c489432c20e7de6808c4ac0379a0b92,0,1,1,1,0,0,0,0,0,0,0,0,20,14.38348388671875
9c4f8f1451a4e1c78d835ea956b15179,0,1,1,1,0,0,0,0,0,0,0,0,54,72.00653076171875
9c5867e1c5968f27e99ca05f55135818,0,0,1,0,0,0,1,0,0,0,0,0,47,16.28533935546875
9c5c9e6f2abfe7b141ee83eed9c39bd4,0,0,0,1,0,0,0,0,1,1,0,0,40,36.49285888671875
9c5d491d73c7630569155b96952b3879,0,1,1,1,0,0,1,0,0,0,0,0,38,5.71649169921875
9c6058308c1f2f5b1b3c8f23f5e9cb22,0,1,1,1,0,0,0,0,1,1,0,0,17,2.62127685546875
9c62d2033d5d49e26ae29d96e5c4784b,0,0,1,1,0,0,0,0,0,0,0,1,48,38.65985107421875
9c6571223f11e0eeb425ffa3266b7737,0,0,0,0,0,0,0,0,0,0,0,0,24,15.12615966796875
9c69659d6775cec33a4675e68b440b23,0,1,1,1,0,0,0,0,0,1,0,0,23,11.09539794921875
9c699dcd7a334bd6535cfdf8e7d2dc2c,0,1,1,1,0,0,0,0,1,0,0,0,46,56.31072998046875
9c6f417a5e047b9a179347290c748641,0,1,1,1,0,0,0,0,1,1,0,0,34,10.34442138671875
9c7e5388c91a60b412e8d60a704be36e,1,1,1,1,0,0,0,0,0,0,0,0,33,12.87615966796875
9c7ea0ef0caf332241926379099d87c9,0,1,1,1,0,0,0,0,0,0,0,0,66,15.60760498046875
9c7f7d2135b1675fb0e2a56b3174b940,0,0,0,1,0,0,0,0,0,0,0,0,49,19.00262451171875
9c81e7586dab491cd9e26ad23982174a,0,1,1,0,0,0,1,0,0,0,0,0,31,34.37811279296875
9c8617f8db3b004438730c820f84c0c0,0,0,1,1,0,0,0,0,0,0,0,1,32,18.01580810546875
9c9021f124bef1447c18e4820f661032,0,0,1,1,0,0,0,0,0,0,0,1,51,31.71697998046875
9c925a1c8a2b6455d74a717a0ba8c61a,0,0,1,1,0,0,0,0,0,0,0,1,41,25.62567138671875
9c9d1e2bd2ad9b6e4a39105d229550e8,0,1,1,1,0,0,0,0,0,0,0,0,13,21.56756591796875
9cb12c18b1f416b969caa8284364f0a1,0,1,1,1,0,0,0,0,0,0,0,0,39,36.86346435546875
9cb2e38d8d3a6ff4425e2c54fbb0f31e,0,0,1,1,0,0,0,0,0,0,0,0,37,32.50018310546875
9cbe799232e2c9cb4c0c2bad8685a2f4,0,1,1,0,0,0,1,0,1,0,0,0,19,10.60955810546875
9cc2886c8926a0865598076bee0223cb,0,0,1,1,0,0,0,0,0,0,0,0,26,17.98553466796875
9cc32a9a572e139c70aa19d19a8f9f52,0,1,1,1,0,1,0,0,0,0,0,0,68,6.74432373046875
9cc8e0673070bdc0189440e1fcefcbd9,0,0,0,1,0,0,0,0,0,0,0,0,26,15.08514404296875
9ccf144f9575752b738ea0508e7fd1cd,0,1,1,1,0,0,0,0,1,1,0,0,28,29.46453857421875
9cda3033da43914166e4b068f7f6e4d7,0,1,1,1,0,0,0,0,0,0,0,0,40,13.50115966796875
9cdbd0b15d0838319cb747a0ea9b8fb7,0,0,1,1,1,0,0,0,0,0,0,1,28,13.69256591796875
9cfeb5d1dd7191a7925e6da0ef6f794a,0,0,1,1,0,0,0,0,0,0,0,1,22,26.64471435546875
9d047f1514426be0d33894f060b23d52,0,0,0,1,0,0,0,0,0,0,0,0,61,8.64422607421875
9d05e8eaad630b03c35f04ca765d26cb,0,1,1,1,0,1,0,0,0,0,0,0,73,34.74969482421875
9d0761e35aeb4beb2f27155f4fbda91f,0,0,0,0,0,0,1,0,0,0,0,0,38,26.88885498046875
9d0d7639c5728fedb0c84455899fbf4f,0,1,1,1,0,0,0,0,1,1,0,0,30,22.79510498046875
9d0f90e0432238bdb21202a8fd4b6997,0,1,1,1,0,0,0,0,0,0,0,0,29,35.62615966796875
9d1ded46129d32419def2862f3803165,0,0,0,0,0,0,0,0,0,0,0,1,81,19.29119873046875
9d21a18cb6f58511cb59da8c3b2d916d,0,1,1,1,0,0,0,0,0,0,0,0,30,34.21697998046875
9d2a09fadf745bbb85a38d359824a3fe,0,1,1,1,0,0,0,0,0,1,1,0,18,25.70477294921875
9d30fbeb07ec4912c620b0a86e0a1544,0,1,1,1,0,0,0,0,1,0,0,0,39,7.26873779296875
9d34f6aa9bb451d538997579ef3b4035,0,1,1,1,0,0,0,0,0,0,0,0,40,7.64520263671875
9d3bbdbadc545e89783cbba3108c21ec,0,1,1,1,0,0,1,0,0,1,0,0,47,27.34979248046875
9d3c7d14d70993c233e88e954fb3982d,0,1,1,1,0,0,1,0,0,0,0,0,69,10.43035888671875
9d41b2d3779ac2ae10d3398d14cd5c9a,1,1,1,1,0,0,0,0,0,0,0,0,47,21.61346435546875
9d467e607c8bda258c65e4bac92b49ff,0,1,1,1,0,0,0,0,0,0,0,0,48,1.88787841796875
9d480b16585d04f13f1100ffe4d2ba32,0,1,1,1,0,0,0,0,0,0,0,0,29,13.02069091796875
9d55b37627e99ff46d91ac5be499a1bd,0,1,1,1,0,0,0,0,0,0,0,0,35,6.64080810546875
9d576862ea91d74311f06707d94008b3,0,0,1,1,0,0,0,0,0,1,0,0,12,21.80535888671875
9d6871e7a1cf7897b8504abf75645577,0,1,1,1,0,0,0,0,0,0,0,0,36,13.60955810546875
9d83c3fa8a3d31b4415dd1d7d4f818a2,0,1,1,1,0,0,0,0,0,0,0,0,29,25.53436279296875
9d85d97dd7527478deb6b8d4cb13c7ac,0,1,1,0,0,0,1,1,0,1,0,0,30,25.08416748046875
9d8718af8b0f3ecf0be17b68c90db305,0,1,1,1,0,0,0,0,0,0,0,0,35,24.12615966796875
9d8970f92c242808ab2885266ef788d9,0,1,1,1,0,0,0,0,1,1,0,0,26,19.35955810546875
9d937c2c05c5cc8b614abe7ba2136b18,0,1,1,1,0,0,0,0,0,0,0,0,55,16.37860107421875
9d970449ded36fd0fe9bfdd7ae83d4c4,0,0,1,1,0,0,0,0,0,0,0,0,41,15.59344482421875
9d9b14b37efc68b53cdb958ca83d71d7,0,1,1,0,0,0,0,0,1,1,0,0,52,32.97821044921875
9da7cab626fe0cea93a080f0a95c17ad,0,1,1,1,0,0,0,0,0,0,0,0,29,35.47967529296875
9da90fa9eb82eacdf06c2699ebfc9a4f,0,0,1,1,0,0,0,0,0,0,0,0,34,38.78240966796875
9dace1a37d8e94638da380357bf4ef1c,0,1,1,1,0,0,0,0,0,0,0,0,32,8.98992919921875
9dad9904a6d88f84aa0bfb82f811a506,0,1,1,1,0,0,0,0,0,0,0,0,39,11.17498779296875
9dbbe05a11bfc2ff5ebe64d797ffa2af,0,1,1,1,0,0,0,0,0,0,0,0,60,10.72967529296875
9dc124665f07834a668c84dbd14c634b,0,1,1,1,0,0,0,0,0,0,0,0,50,30.97235107421875
9dc96f64658958278fd5e00412107ffe,0,1,1,1,0,0,1,0,0,0,0,0,31,33.08319091796875
9dc9c0665411d959cf687ec4c694db13,1,1,1,1,0,0,0,0,0,0,0,0,17,3.33221435546875
9dce63756428f379c5cd9701ddc01214,0,1,1,1,0,0,0,0,0,0,1,0,32,29.16815185546875
9dd45b01329c1f9caf419cd969c30c6e,1,1,1,1,0,0,0,0,0,0,0,0,32,1.22088623046875
9ddbff6865444ef51f6bfe84e8f1cc92,0,1,1,1,0,0,0,0,0,0,0,0,71,13.56170654296875
9ddd3753587932a9911c3e9c042d0087,0,1,1,1,0,0,0,0,1,1,0,0,26,10.26092529296875
9deba12a2cdeab3ea233a10b83c3097e,0,1,1,1,0,0,0,0,1,1,0,0,58,15.37371826171875
9df1429227b7f612f4e0e1dd565b9c1c,0,1,1,1,0,0,1,1,0,0,0,0,29,38.73651123046875
9df609161675427a8f04f772f3fd7f1a,0,1,1,1,0,0,0,0,1,0,0,0,26,6.50115966796875
9df805c6c42de27abeb118858cf0eb14,0,1,1,1,0,0,0,0,0,0,0,0,44,17.63543701171875
9dfd970d985a4b4063a4e3d92d95e93f,0,0,0,0,0,0,1,0,0,0,0,0,36,18.63787841796875
9e06c8721e9b3bf5f1c7f41ccc3c672e,0,1,1,1,0,0,0,0,0,0,0,0,41,24.34442138671875
9e0dbf54e96f4fad2896868494d364c9,0,0,0,0,0,0,1,0,0,0,0,0,70,9.32586669921875
9e0dd6b026bd0b74492c13f0c481fa71,0,1,1,1,0,0,0,0,0,0,0,0,25,15.69061279296875
9e1062ba4f6e28757aa187b0d8568e85,0,0,0,0,0,0,0,0,0,0,0,0,19,8.63739013671875
9e16d28dd368ee0e566f762b1e9b2db8,0,1,1,1,0,0,0,0,1,1,0,0,54,27.94744873046875
9e1be03b46984fde40fd6af6abfd2443,0,1,1,1,0,0,1,0,0,0,0,0,16,24.65008544921875
9e286ed069f959cecc06ca205d02afc3,0,1,1,1,0,0,0,0,1,1,0,0,18,11.22821044921875
9e28ab0a40d65cf3a2f9c6f5fe6da4ca,0,0,1,0,0,0,0,0,0,0,0,1,42,15.70965576171875
9e41a3713920319fada32c073729e30c,0,1,1,1,0,0,0,0,0,0,0,0,29,6.93328857421875
9e442cb390e81ae4d9625c302cc446a6,0,1,1,0,0,0,0,0,0,0,0,0,40,21.72967529296875
9e55e7837bb789a05310ed6ed72fc332,0,1,1,0,0,1,0,0,0,0,0,0,66,17.78387451171875
9e5b33cde158f232237f9378b0c7499a,0,1,1,1,0,0,0,0,0,0,0,0,43,26.37274169921875
9e6562c333999cfd5d4eae1f613353eb,0,1,1,1,0,0,0,0,0,0,0,0,35,12.94500732421875
9e7714efb9149296c4ade3e92c739a6d,0,0,1,0,0,0,1,0,0,0,0,0,53,9.63397216796875
9e7ec1d9eafd5a762436e10bbda7563d,0,1,1,1,0,0,0,0,0,0,0,0,14,43.17401123046875
9e8192373fad62e408fd531091e1bfe8,0,1,1,1,0,0,0,0,0,0,0,0,42,39.63787841796875
9e853e6ed137ee1896df08c79b5e92c2,0,0,1,1,0,0,0,0,0,0,0,0,39,12.64910888671875
9e889b21a68e54507cb589cea6508c60,0,1,1,1,0,0,0,0,0,0,0,0,20,16.84881591796875
9e8ba4b34c86eeadd60ac94a17ac8fdf,0,1,1,1,0,0,0,0,0,0,0,0,33,27.33905029296875
9e98a54b6aecf6bd3d0e51b529c9e137,0,1,1,1,0,0,0,0,1,1,0,0,50,7.10174560546875
9e98b75bed38c2d73d63c35ae59a2bca,0,1,1,1,0,1,0,0,0,0,0,0,16,17.48406982421875
9e9aee3ddc542c38da512ef6ee22d732,0,0,1,1,0,0,0,0,0,0,0,1,33,3.25604248046875
9e9b0473dea85c5ccfad3df3ecca531d,0,1,1,1,0,0,0,0,0,0,0,0,62,22.11590576171875
9e9d99707bfa0d469d37d5d0615c3f57,0,1,1,1,0,0,0,0,0,0,0,0,34,28.71356201171875
9e9e743126611dae77ca82c5e0acb536,0,1,1,1,0,0,0,0,0,0,0,0,28,5.83172607421875
9eaacee3dcf4f1085c47755902f8f7e4,0,0,1,1,0,0,0,0,0,0,0,0,76,15.81756591796875
9eb1db34988bd8c567e60de8eda72dc6,0,1,1,0,0,0,0,0,0,0,0,0,13,30.27850341796875
9eb360133c7e2103e8a2f293dd9e84ac,0,1,1,1,0,0,0,0,0,0,0,0,30,10.65985107421875
9eb3f6de857dc188b3c779e4c8b350b7,0,1,1,1,0,0,0,0,0,0,0,0,44,1.03826904296875
9eb52f408a7f360bcdd3470367012746,0,1,1,1,0,0,0,0,0,0,0,0,15,6.76483154296875
9ebed20662d9fbfe433f012b3652dc72,0,1,1,1,0,0,0,1,0,0,1,0,28,23.33514404296875
9ec653ce79bce3a6ac3d8bd544a367e2,0,1,1,1,0,0,0,0,0,0,0,0,25,8.42401123046875
9eee59f6eb8418764b4287f09bf93226,0,1,1,1,0,0,0,0,1,1,0,0,31,30.80145263671875
9ef0b461a45d9a142535fd457fbbde6e,0,1,1,1,0,0,0,0,1,1,0,0,40,42.85760498046875
9ef113f54e76194127d2674d34a31dd8,0,0,0,1,0,0,0,0,0,0,0,0,61,12.98553466796875
9ef6a84c86f6ca6a5acb8ccade8c24ec,0,1,1,1,0,0,0,0,0,0,0,0,59,34.32684326171875
9f04c5d17df0e9877e0f051da51c6843,0,1,1,1,0,0,0,0,0,0,0,0,12,13.09783935546875
9f0920fb73a6cfc221d04cbbe57cf8c0,0,1,1,0,0,0,1,1,0,0,0,0,12,15.34100341796875
9f0c2c14ec79eeef9c3ca7976f874222,0,1,1,1,0,0,0,0,0,0,0,0,41,10.23846435546875
9f0fa7a0fb2f1a4037fe37c690bc7d7e,0,1,1,1,0,0,0,0,0,0,0,0,33,22.75311279296875
9f181a86641f3fc0131d27032a5041d4,0,0,1,1,0,0,0,0,0,0,0,0,41,32.52410888671875
9f1d6a2acf3f1cf0289802126906f6e7,0,0,1,0,0,0,0,0,1,0,0,0,24,5.10906982421875
9f2df1b328bd650c0e3336e89af5e6ac,0,1,1,1,0,0,0,0,0,0,0,0,39,20.45916748046875
9f2e9f26324df531141daa6d0351c3c2,0,1,1,1,0,0,0,0,1,1,0,0,43,10.48260498046875
9f31933566fa5cc06f7b5d8d08afc866,0,0,1,1,0,0,0,0,1,0,0,0,2,27.59442138671875
9f32ae94d7723414cb8fa881a1c6626c,0,1,1,1,0,0,0,0,1,1,0,0,26,17.02606201171875
9f40111d360fe1360674b6f751039dab,1,1,1,1,0,0,0,0,0,0,0,0,20,0.03240966796875
9f40aa2a4e04c42f3e3b6e76070f2dea,0,0,0,1,0,0,1,0,0,0,0,0,100,66.00506591796875
9f4284fb07de2db6b512bfd0f4a3c4ed,0,0,1,1,0,0,0,0,0,0,0,1,58,19.58905029296875
9f541f7cc2d8a0ba64d7573701564248,0,1,1,1,0,0,0,0,0,0,0,0,86,10.90496826171875
9f54629b08637fe0eb59b349fcf526cc,0,0,1,0,0,0,0,0,0,0,0,0,63,16.54901123046875
9f5a457ce7e22eecd0992f4ea17b6107,0,1,1,1,0,0,0,0,1,1,0,0,25,8.54119873046875
9f5bf00df6c8df847af365f46c0be0f5,0,0,1,1,0,0,0,0,0,0,0,1,35,25.88153076171875
9f5d568885ed20167380cfa6e1a19b4c,0,1,1,1,0,0,0,0,1,0,0,0,16,35.51678466796875
9f5fe4f16091617bab2c50fcffb38c1e,0,1,1,1,0,0,0,0,0,0,0,0,30,15.91619873046875
9f61fa01a89c7147e524e3fb1c2b1e67,0,1,1,1,0,0,0,0,0,0,0,0,33,25.61834716796875
9f71e987512b798f4bc196718d7eb1d9,0,0,0,1,0,0,0,0,0,0,0,1,20,37.59588623046875
9f7240502d036b3339e9651a38ce57db,0,1,1,1,0,0,0,0,0,1,0,0,35,10.55291748046875
9f84d81f2cf7507898bd2174ad93cddf,0,1,1,1,0,0,0,0,0,0,0,0,20,9.77899169921875
9f95fc66d533610e33986a8b4f48a43e,0,0,0,1,0,0,0,0,0,0,0,0,13,25.03338623046875
9f9c29e8bf73561096673dbef8e544dd,0,1,1,1,0,0,0,0,1,1,0,0,40,13.38446044921875
9f9fea2b20bf746a9cd4518967bf0671,0,1,1,1,0,0,0,0,0,0,0,0,29,15.32196044921875
9fa3d86ec48a427efd3d8c1860c2b8da,0,1,1,1,0,1,0,0,0,0,0,0,47,13.18084716796875
9fb4989f469ccfa8e6eb0f394939350d,0,0,1,1,0,0,0,0,0,0,0,1,100,12.26776123046875
9fbc2421ca109c14b029297e3872d8ef,0,1,1,1,0,0,1,1,0,0,0,0,38,-0.48712158203125
9fbd53f7f5ccd5246f9d301619e05d78,0,1,1,1,0,0,1,0,0,0,0,0,32,26.86248779296875
9fc4183150a518506db954ee6a03eaba,0,1,1,1,0,0,0,0,0,0,0,0,23,9.86932373046875
9fc620ce7acd8f51e42ad63028448f38,0,1,1,1,0,0,0,0,0,0,0,0,40,1.87615966796875
9fc719f19b5b049ba64cf601c12b5ce3,0,1,1,1,0,0,0,0,0,0,0,0,35,12.67303466796875
9fce3a7848ce8f06567de7e0cd8382e0,0,1,1,1,0,0,0,0,0,0,0,0,35,20.99578857421875
9fd518f36c6d6961ccd43a28f0da2546,0,1,1,0,0,1,0,1,0,0,1,0,48,15.54022216796875
9fd58826286b0af5a84496e011b80104,0,1,1,1,0,0,0,0,1,0,0,0,40,23.93670654296875
9fd6edb7469d7f510dd295438411ced0,0,1,1,1,0,0,0,0,0,0,0,0,27,35.42987060546875
9fd85724a46950ea5ff16aefcd7d90bf,0,0,1,1,0,0,0,0,0,0,1,1,66,27.06268310546875
9fda01f64a908f0a73a72e69da3383f2,0,1,1,1,0,0,0,0,0,0,0,0,29,17.43133544921875
9fdf702bd195cd7bd60a19137eb5b130,0,1,1,0,0,0,0,0,0,0,0,0,23,35.61053466796875
9fdfa0708e98d8320e0b526315bb264a,0,1,1,1,0,0,0,0,1,0,0,0,7,18.20477294921875
9fe48abbb3b3071cef1a2c95c15fb2db,0,1,1,0,0,0,0,0,1,0,0,0,39,6.95330810546875
9fe537d5642cc4f3dbb93d43b23f0112,0,0,0,0,0,0,0,0,0,1,0,0,25,21.61541748046875
9fe56d8901d0aac7e0cbe668c16feb23,0,0,1,1,0,0,1,0,0,0,0,0,26,7.00653076171875
9ff92c21d8601c2e6153ef3fa99d256c,0,1,1,0,0,0,0,0,0,0,0,0,16,7.09588623046875
9ffe37b6eee6d86da0d9c241b13294c4,0,1,1,1,0,0,0,0,0,0,0,0,30,33.64666748046875
a006ed14e62fba116347aed779a1c0bc,0,1,1,1,0,0,0,0,0,0,0,0,72,6.40350341796875
a0103fe762389e790dc0dfd499f79986,0,1,1,1,0,0,0,0,0,0,0,0,2,24.55096435546875
a0109558620e78b4c63dbcfa966bbb1e,0,1,1,1,0,0,1,0,0,0,0,0,33,7.56903076171875
a0199acd1070e31208b9de447ccc56d8,0,1,1,1,0,1,0,0,0,0,0,0,31,25.11297607421875
a024ddc85d7339aaf8fd21179bac97d9,0,0,1,1,0,0,0,0,0,0,0,0,3,19.98651123046875
a03536282975ad93a490673afd23deab,0,0,0,1,0,0,0,0,0,0,0,0,29,0.14324951171875
a0375cc04b0f12c4036abc2701428775,0,1,1,1,0,0,0,0,0,0,1,0,27,12.56854248046875
a04044601807ad828ed9df7f5cb12ace,0,0,0,1,0,0,0,0,1,0,0,0,30,-5.73907470703125
a054005d3309f8d8c9aac4c9b21a42d0,0,0,1,1,0,0,0,0,0,0,0,1,27,-2.01055908203125
a0589aa90972e11e65167b0120518f28,0,1,1,1,0,0,1,0,0,1,0,0,43,25.84393310546875
a05bdcf7d5b61e036cd05cf6e26d1720,0,1,1,1,0,0,0,0,0,0,0,0,48,20.97576904296875
a05fc8532acf57f5258b5008567ace30,0,1,1,1,0,0,0,0,0,0,0,0,63,20.56854248046875
a06244ec54957c343dbf466ebb8fdc00,0,1,1,1,0,0,0,0,0,0,0,0,100,24.29510498046875
a0656ee1bba0b9d1d737ac099e874a1d,0,1,1,1,0,0,0,0,0,0,0,0,32,5.17694091796875
a067c9763dacfe9c252cacade3bf773f,0,1,1,1,0,0,0,0,0,0,0,0,41,33.48895263671875
a0693713c816848a70a3ec11a84201b4,0,1,1,1,0,0,0,0,0,0,0,0,22,12.75701904296875
a069941beafd4354a1ce226c8964de7b,0,0,0,0,0,0,1,0,0,0,0,0,29,26.39520263671875
a06995f3c4cb63b6db4a584e60d361a0,0,0,0,1,0,0,0,0,0,0,1,0,48,56.27459716796875
a06a0af149ce68a2d46c66ac750bc655,0,1,1,0,0,0,0,1,0,0,0,0,42,13.68524169921875
a06afb6a748efda7187a83ff18e7d307,0,0,1,1,0,0,0,0,1,0,0,0,35,31.07684326171875
a0714b211e998259f78d38c5fdbce848,0,1,1,0,0,0,1,0,0,1,0,0,38,29.85614013671875
a071cab5945f378ac9d41b6818982838,0,0,0,1,0,0,0,0,0,0,0,0,36,21.60906982421875
a07507c4a0258ae44eae02303358e974,0,1,1,1,0,0,0,0,0,0,0,0,39,9.56365966796875
a0816594d089f3424c480531bbe5e83e,0,1,1,1,0,0,0,0,0,0,0,0,67,9.52166748046875
a086fe35c05e6c72d65beffa3e76d4e7,0,1,1,1,0,0,0,0,0,0,0,0,45,18.61444091796875
a08be71cf2d5f62549e0c51d5cac1646,0,1,1,1,0,0,0,0,0,0,0,0,29,36.43817138671875
a08c0a560b21e249087778587d9e28ce,0,1,1,1,0,0,0,0,0,0,0,0,16,52.13592529296875
a09411e3580d0999714aa99866d9921a,0,1,1,1,0,0,0,0,0,0,0,0,25,19.65496826171875
a09b01e137598de68916f3470f43542b,0,1,1,1,0,0,0,1,0,0,0,0,32,13.82684326171875
a0a122087081da510264569b791f70e0,0,0,0,1,0,0,0,0,0,0,0,0,50,20.27850341796875
a0ad9bec67afa3c25d1f81170bcef07a,0,0,0,1,0,0,0,0,0,0,0,0,10,12.99920654296875
a0ae2e6af03fbf51d843388e50d4142c,0,1,1,1,0,0,0,0,1,0,0,0,75,17.66668701171875
a0d08a61c3fbbdf72566f9e06055b9f1,0,1,1,1,0,0,0,0,0,0,0,0,26,14.30975341796875
a0dc0c3fbb3340f80a75d102530bfbc8,0,0,1,1,0,0,1,0,0,0,0,0,48,15.13836669921875
a0e674b2b6ac44762afa0319fe093d59,0,0,0,1,0,0,0,0,0,0,0,0,58,18.13690185546875
a0ec397c0fb1882149b05acd25507897,0,1,1,1,0,0,0,0,0,0,1,0,31,8.16571044921875
a0eff710e1add7acb3387b9f921dfb81,0,1,1,1,0,1,0,0,1,0,0,0,22,21.06121826171875
a0fe42a0dd6ad2b315d36e3f23e2c76a,0,1,1,1,0,0,0,0,1,1,0,0,31,9.18670654296875
a103ca2b7d0e7b6a14e3fea8d13ad423,0,0,1,1,0,0,0,0,0,0,0,0,63,20.33953857421875
a1193dd3892f4bdd3e6e4dc7281067d0,0,1,1,1,0,0,0,0,0,0,0,0,21,35.88690185546875
a1196a3aea5d93fefef6e63bfb49ca57,0,1,1,1,0,0,0,0,0,0,0,0,29,36.62420654296875
a12df7b29a55b0119c41af8b51ff064a,0,1,1,1,0,0,0,0,0,1,0,0,44,22.88787841796875
a1304d3c352b23942b6e40bc3ad28ed8,0,1,1,1,0,0,0,0,1,0,0,0,100,27.29266357421875
a130e9225d15896933de5ced1a85f78f,0,1,1,1,0,0,0,0,0,0,0,0,53,14.35174560546875
a13373d096f29c30f50bfbabcd1a3a96,0,1,1,1,0,0,0,0,1,1,1,0,37,11.82928466796875
a138545a7acb514697f6a2ce79b7a6f2,0,1,1,1,0,0,0,0,0,0,0,0,61,13.98651123046875
a13f2495292ca9c2696f4529ee560edd,0,1,1,1,0,0,0,0,0,0,0,0,32,32.51239013671875
a14baa85d40c2d6d6363360415c8e567,0,1,1,1,0,0,0,0,1,0,0,0,52,14.38446044921875
a14e04312584b81bc65676ea8e7a2611,0,1,1,1,0,1,0,0,1,1,0,0,41,19.12371826171875
a1500490887747897846c3c52dc11bf8,0,1,1,1,0,0,0,0,1,0,0,0,15,8.34783935546875
a152ee51f9bb8c12a32521f7de01b2c6,0,0,0,1,0,0,1,0,0,0,0,0,23,6.24334716796875
a157cefea6560bf143a71daf7f2f21af,0,0,1,1,0,0,0,0,0,0,0,1,23,18.68914794921875
a15f8fd02573f5e369b323900e30c926,0,0,0,0,0,0,0,0,0,0,0,0,49,14.33270263671875
a16027fc5aeca3c129ac410e1711ebee,0,1,1,1,0,0,0,0,0,0,0,0,48,25.71209716796875
a16aec31cdb0d24026c3b073c659e0a4,0,1,1,0,0,0,0,0,0,0,0,0,6,8.85565185546875
a17d2bd13f93230728da6094684aeb45,0,0,0,1,0,1,0,0,0,0,0,0,19,7.44451904296875
a188cfda78e8c375bd1909ed71c0ac51,0,1,1,1,0,0,1,0,0,0,0,0,68,32.00408935546875
a196eaf60c1ffede31302b2e06a9f592,0,0,0,1,0,0,0,0,0,0,0,1,23,44.64569091796875
a19c0e6cbc9f9bdfce666d2c20a04599,0,0,1,1,0,0,0,0,1,0,0,0,16,6.22967529296875
a1a86c89210307e60b7fd38949c0994a,0,1,1,1,0,0,0,0,0,0,0,0,30,6.18133544921875
a1a934fa8529dcfd7e8b414cd28ec9c3,0,1,1,1,0,0,0,0,0,0,0,0,73,39.38836669921875
a1b03a7fe44d3f77d15c3d6abcdb050f,0,1,1,1,0,0,0,0,0,0,0,0,54,25.70574951171875
a1b0d276e1b80d5c04d7b68c97cb092b,0,1,1,1,0,0,0,0,0,0,0,0,9,17.97235107421875
a1b6bd00169c549606d6d63b37766306,0,1,1,1,0,0,0,0,0,0,0,0,26,16.66571044921875
a1b817ebf17eb2e5ad4dbf98054317e7,0,1,1,1,0,0,0,0,1,1,0,0,48,13.06903076171875
a1b83d8e01f577e5fe8001ea9dec4fdf,0,1,1,1,0,0,1,0,0,1,0,0,28,9.28240966796875
a1c282929fd42cd5bd199adf87f2774c,0,1,1,1,0,0,0,0,0,0,0,0,26,14.26873779296875
a1c4da5842d088af2d04ba70b1388397,0,1,1,1,0,0,0,0,0,0,0,0,85,30.37225341796875
a1ce71b249bdfbbdf7c0cec159abf134,0,1,1,1,0,0,0,0,0,0,0,0,18,10.33612060546875
a1e2b65118d4ffd9e92361131ee6a298,0,1,1,1,0,0,0,0,0,0,0,0,75,7.22869873046875
a1e9b2e1de5cc3e42664f6b553252026,0,1,1,1,0,0,0,0,0,0,0,0,18,21.93719482421875
a1ece3037f353dced1f1b3257b1fb891,0,1,1,1,0,0,0,0,0,0,0,0,50,7.71600341796875
a1ef2ab060f115de67f111de34b6f6bc,0,1,1,1,0,0,1,0,0,0,0,0,32,11.68865966796875
a1f26b7f0e6be11e3cbac62ae2b4525e,0,1,1,0,0,0,0,1,0,0,0,0,23,19.39178466796875
a1f332daeacc287d4f66c35f4eb2d005,0,1,1,1,0,0,0,0,0,0,0,0,55,3.79217529296875
a1fb87d5d3aa37b9b44e640eb24f62b6,0,1,1,1,0,0,0,0,0,1,0,0,61,18.70672607421875
a1fb8c4020ce792e7c32e674b4df7812,0,1,1,1,0,1,0,0,0,0,0,0,29,29.33807373046875
a1fe674eac2cc71b8aa69c159526e431,0,1,1,0,0,1,1,1,0,1,1,0,18,25.25604248046875
a1ff141bdb3160c3758005cf69c98780,0,1,1,1,0,0,1,1,0,0,0,0,47,-2.32989501953125
a1ff440edc4527ff0814617312197cb5,0,0,1,1,0,0,0,0,0,0,0,0,31,37.18865966796875
a2029d0d147577fadc7151b372b5003e,0,1,1,1,1,0,0,0,0,0,0,0,2,28.05926513671875
a2073382c9fb5f9f4b8bc6cbe11c5589,0,0,1,0,0,1,1,1,0,0,1,1,35,31.11834716796875
a219a854de3a2527cb0926fd00d6c32b,0,1,1,1,0,0,0,0,0,0,0,0,26,37.20379638671875
a21ba3af7a01498c41daa2a4526fd4c4,0,0,1,1,0,0,0,0,0,0,0,1,35,31.54217529296875
a221ba33890a96f6c8ff57e1a07b3c42,0,1,1,1,0,0,0,0,0,0,0,0,65,27.84686279296875
a2224ece418ec6c60f57bd539304c476,0,0,1,1,0,0,0,0,0,0,0,0,35,20.47772216796875
a23060b69a481b6b423e1c2a0f7800ef,0,1,1,1,0,0,0,0,0,0,0,0,91,46.58074951171875
a24555981c0d31f9cf0da76974882f1e,0,1,1,1,0,1,0,0,0,0,0,0,30,44.92498779296875
a24c48dec31a0c15a44e494ce95beceb,0,1,1,1,0,0,0,0,0,0,0,0,28,34.56170654296875
a267a1e346a319286b4f3b6f503e817e,0,0,1,1,0,0,0,0,0,0,0,0,21,15.71160888671875
a271899e5a2c6ab13dcb6df7972e9947,0,0,1,1,0,0,0,0,0,0,0,0,87,32.48358154296875
a274e3c73d3a738b9a22adc188d2b521,0,1,1,1,0,0,0,0,1,0,0,0,40,10.44500732421875
a27ade9f2dbd33ff78d5e65973d8a1dc,0,1,1,1,0,0,0,0,0,0,0,0,51,9.27362060546875
a287b980be781a723d6b42a68ac36aba,0,0,1,1,0,0,0,0,1,1,0,0,32,2.33026123046875
a28bc531d1293c019257807b9aaffc80,0,1,1,1,0,0,0,0,0,0,0,0,32,9.38690185546875
a29a4870c0f3f0262b14e15d838ea912,0,1,1,1,0,0,0,0,0,0,1,0,23,26.02996826171875
a29e9c846da9203638525b262215ced9,0,1,1,1,0,0,0,0,0,0,0,0,18,0.67401123046875
a2ae960c289c942a2f98670df04a3145,0,0,1,1,0,0,0,0,0,1,0,0,55,27.60321044921875
a2b5ec34755394fb463dfd7bcfb687ce,0,0,1,1,0,0,0,0,0,0,0,1,46,15.61346435546875
a2b705a8aa11c013a6912b37049d16f5,0,1,1,1,0,1,0,0,1,1,0,0,32,20.54656982421875
a2bdcbcedc8a0f674c223d8209a02b33,0,1,1,1,0,0,0,0,0,0,0,0,44,30.09442138671875
a2bf47e5d4a698c153937ee1532433ab,0,1,1,1,0,0,0,0,0,0,0,0,29,16.07293701171875
a2bfef4bcd1efdb976beadc65e8837a3,0,0,1,1,0,0,0,0,1,1,0,0,100,13.69256591796875
a2c1f071b504550289f9116f52968548,0,1,1,1,0,0,0,0,1,1,0,0,32,4.70184326171875
a2c7637775575f8cd2d312087c882caa,0,1,1,1,0,0,1,0,0,0,0,0,24,6.01336669921875
a2c97a4e016cb65b259f2d21cc760ae8,0,0,0,0,0,0,1,0,0,1,0,0,39,18.82537841796875
a2db746c339f597ae13738654c66729c,0,1,1,1,0,0,0,1,0,0,1,0,25,40.69403076171875
a2df02207c5a426ffac580dca20242ab,0,1,1,1,0,0,0,0,0,0,0,0,26,25.82586669921875
a2e5617fbddfe65afc8eb00368dfa45e,0,1,1,0,0,0,0,1,0,0,1,0,54,20.96063232421875
a2e56367b37d1df9855da0203817309a,0,1,1,1,0,0,0,0,0,0,0,0,25,6.93475341796875
a2eea797e4359fa80f5e8dbc8232e2a7,0,1,1,1,0,0,0,0,0,0,0,0,29,30.99383544921875
a2efcbd5b908836de69548cae445ae21,0,1,1,1,0,0,0,0,0,0,0,0,38,24.08172607421875
a307f6b514adad07009aabd3b77e9405,0,1,1,1,0,0,0,0,0,0,0,0,100,35.82586669921875
a313009e45fae2acedf0ffde1ad17173,0,1,1,1,0,0,0,0,0,0,0,0,28,17.90594482421875
a315e115a4853b41bc5828cfa3bb4460,0,1,1,1,0,0,0,0,0,0,0,0,60,-0.66973876953125
a3257ac3ff623d92d7f64a087acadb6c,0,1,1,1,0,0,0,0,0,0,0,0,12,6.46844482421875
a32e5d9bc249cef869b62d24e44c703d,0,1,1,1,0,0,0,0,1,1,0,0,48,1.54022216796875
a33119bbdde3740125097784f47d0966,0,1,1,1,0,0,0,0,1,1,0,0,18,1.93963623046875
a3359258f23985de8f37060b22988888,0,0,1,1,0,0,0,0,0,0,0,0,95,10.07049560546875
a33f1cafe44df7ff4a010f62b2bad719,0,1,1,1,0,0,0,0,0,0,0,0,26,10.55145263671875
a34456cf83aed918e07b4c0aee35da68,0,1,1,1,0,1,0,0,0,0,1,0,48,34.34783935546875
a3449748af05d6d1d5a5ace352c484ab,0,1,1,0,0,0,0,0,0,0,0,0,27,9.98699951171875
a3474f306d5686cd0d15442c50382a71,0,0,1,1,0,0,0,0,0,0,0,0,17,12.04266357421875
a35d409af32164a140e0ec3ee0e42acf,0,1,1,1,0,0,1,0,0,0,0,0,2,10.64959716796875
a360957a35157700fddd5275d256716b,0,1,1,1,0,0,0,0,0,0,0,0,16,20.17791748046875
a368547f984eacd6149e50545fa75dd3,0,1,1,1,0,0,0,0,1,1,0,0,48,7.62176513671875
a36f5a87977db47e08cb60217af36010,0,1,1,1,0,0,0,0,0,0,0,0,33,12.96209716796875
a37197f4ac0cd7fb283a4e88046457f6,0,1,1,1,0,0,0,0,0,0,0,0,65,46.10028076171875
a372d0ee616aff081ab37a9679c8f719,0,1,1,1,0,0,0,0,0,0,0,0,41,13.27947998046875
a37cd47eda1733fec45aeba51f9eb7ca,0,0,1,1,0,0,1,0,0,0,0,0,32,-4.53057861328125
a37e9b3284d381855867ad30b1a9b0a2,0,1,1,1,0,0,1,0,0,0,0,0,27,34.65985107421875
a381286db3bc96bebaca1caf258f3c6f,0,1,1,1,0,0,0,0,0,0,0,0,9,19.17791748046875
a38591754f8da07c548de2f6bddd4120,0,1,1,1,0,0,0,0,1,1,0,0,27,32.24237060546875
a38878e74e8a2d6286a70864d7cc036e,0,1,1,1,0,0,0,0,0,0,0,0,74,0.35565185546875
a3a524f758ccac6595764f35b2188a92,0,1,1,1,0,0,0,0,1,1,0,0,19,53.61297607421875
a3b610036cd6de58fa23873305c2829a,0,1,1,1,0,0,1,0,0,1,0,0,36,12.47235107421875
a3ba6a28f947ba9ab32f463a48898503,0,0,1,1,0,0,0,0,0,0,0,0,63,20.66424560546875
a3be15962c00ad4577ef2d560575705b,0,0,1,0,0,0,1,1,0,0,0,0,41,7.60760498046875
a3becd05cdc8eb1f6449e1ec8b2b2262,0,1,1,1,0,0,0,0,0,0,0,0,37,10.51385498046875
a3ce026b322684f653fb048dc6ad916b,0,1,1,0,0,0,1,1,0,1,1,0,54,8.13494873046875
a3d867d1394d16c34487671c53e25084,0,1,1,0,0,0,1,0,0,1,0,0,37,23.70135498046875
a3dce98672ccfc17a5db694b91d50323,0,1,1,1,1,0,0,0,0,0,0,0,25,17.32928466796875
a3e39e40468dd25534a65d8414801779,0,1,1,1,0,0,0,0,0,0,0,0,24,11.02508544921875
a3f28519cb6a68cadfd7ba0cb0ce1d46,0,1,1,1,0,1,0,0,0,0,0,0,24,10.74285888671875
a3f9c8e2af549647540b30364ed15750,0,0,1,1,0,0,0,0,0,1,0,0,2,21.73992919921875
a3f9da55a4a070ea2f9a9aa9d6df2f2c,0,1,1,1,0,0,0,0,0,0,0,0,34,10.35565185546875
a3faf4d566973aff3451186279e64ce7,0,1,1,1,0,0,0,0,0,0,0,0,24,17.12713623046875
a40330377a47190cadb647741cd685f4,0,1,1,1,0,0,0,0,0,0,0,0,27,15.56170654296875
a405e372d46ce38c21465b69a1b0e4cd,0,0,0,1,1,0,0,0,0,0,0,0,41,7.59051513671875
a4071fde3b224b17d2641af4e93bcd36,0,1,1,1,0,0,1,0,0,0,0,0,40,11.91864013671875
a40789e59bf7924efe81ff9fe3024b29,0,0,0,1,0,0,1,0,0,0,0,0,37,14.57098388671875
a40aed49f5fabcee7745a5b3663a3afe,0,1,1,1,0,0,0,0,0,0,0,0,40,16.77020263671875
a4105d470316595d61da88f73646cf42,0,1,1,1,0,0,0,0,1,1,0,0,28,22.08270263671875
a410caf3d12f80cdde97e4fd7a0dc577,0,1,1,1,0,0,0,0,0,0,0,0,37,30.33123779296875
a416af4592a599b3b388fd56ad74e79b,0,1,1,1,0,0,0,0,0,0,0,0,86,78.00018310546875
a421acc82e4611a447839e092fd45106,0,1,1,1,0,0,0,0,0,0,0,0,24,37.52947998046875
a4235bca4898dabfc64e0b4a903d9261,0,1,1,1,0,0,0,0,0,0,0,0,54,9.82391357421875
a42f7bb34a75841b1c75ba6189501e3f,0,1,1,1,1,1,0,0,0,0,0,0,44,41.35516357421875
a4317a268c4a61f39a8ee9728b94ea24,0,1,1,0,0,0,0,0,0,0,0,0,27,9.41571044921875
a4336f2758e21425ec6c8bb0f242bb09,0,1,1,1,0,0,0,0,0,0,0,0,43,20.14178466796875
a434611088e638d2ab39d982751dafec,0,1,1,1,0,0,0,0,0,0,0,0,2,13.76776123046875
a44b927424de41a5ef022fb5b76449a4,0,1,1,1,0,0,0,0,0,0,0,0,13,20.52996826171875
a450cd16e284e1fc9affba674a63c154,0,1,1,1,0,0,0,0,0,0,0,0,62,29.52020263671875
a4515baf8ddd26bd2a51b399730c778a,0,0,0,0,0,0,1,0,0,1,0,0,31,30.27020263671875
a451cbf06ff90fc942b9fa4c60f6fb67,0,1,1,1,0,0,1,0,0,0,1,0,38,16.79608154296875
a458eaf4f413010702b0e86cf6872e98,1,1,1,1,0,0,0,0,0,0,0,0,29,13.62762451171875
a45a8f586d14dd1d94e5262a6cfb4444,0,1,1,1,0,0,0,0,0,0,0,0,10,25.96160888671875
a48e5ca49c6a9459dba5166b2355125b,0,1,1,1,0,0,0,0,0,0,0,0,59,23.53192138671875
a49027e11940aa57280682f8ede9f5bd,0,1,1,1,0,1,0,0,0,0,0,0,34,18.94451904296875
a4948a7196fba57551c8f0a1625e3995,0,1,1,0,0,0,0,1,1,1,1,0,37,13.33123779296875
a4a514e1fec944f8fca21ac6d942c77c,0,1,1,1,0,0,0,0,0,0,0,0,29,6.98065185546875
a4a873f2f0ae038b4a7481591017c04a,0,1,1,1,0,0,0,0,0,0,0,0,41,16.32293701171875
a4aa7a92bdcd9ad53fd36a0216b45a0e,0,1,1,1,0,0,0,0,0,0,0,0,34,29.12078857421875
a4abd72af83f32d3800da5fc5710fa08,0,1,1,1,0,0,0,0,0,0,0,0,26,11.15740966796875
a4ae0ed3559d0ca658aaa0779b5526a7,0,1,1,1,0,0,0,0,0,0,0,0,33,15.41473388671875
a4b006ae7422e3a9cf6e0a9cef257a7a,1,1,1,1,0,1,0,0,0,0,0,0,20,2.45672607421875
a4b385614aa61142e2f5950fc3c5a04c,0,0,1,0,0,0,0,0,0,1,0,0,43,56.49432373046875
a4b54c34366a34922005f2fdc47d1f43,0,0,0,1,0,0,0,0,1,0,0,0,73,19.26336669921875
a4b796159ad0a086a165097fb548017a,0,1,1,1,0,0,0,0,1,1,0,0,40,12.11102294921875
a4b8e1ac68e4033eb0f4384cea5ed2c7,0,1,1,1,0,0,0,0,0,0,0,0,28,9.66033935546875
a4b991997f1200e6d843b03a0281604c,0,0,0,0,0,0,0,0,0,0,0,0,45,3.18182373046875
a4c0553b1869729e7b3a9ca32e44076a,1,1,1,1,0,0,1,0,0,0,0,0,20,18.87811279296875
a4c2d270c6827850da2a09b0436c9d7f,0,1,1,1,0,1,0,0,0,0,0,0,29,37.64178466796875
a4c9d2786d02d632a9c26e5bb70f38ee,0,1,1,1,0,1,0,0,0,1,1,0,39,48.35565185546875
a4ca2ac09897c88cb9e39080b1271445,0,1,1,1,0,0,0,0,0,0,0,0,17,34.88983154296875
a4cfe1ab4ef8e23451c250660e09de9a,0,1,1,1,0,0,0,0,0,0,0,0,18,17.05731201171875
a4d7968823038629c230c8a0f4018305,0,0,0,1,0,0,0,0,0,0,0,0,30,16.05242919921875
a4d8203c19f11367cc117ec69624eb2a,1,0,1,1,0,0,0,0,0,0,0,0,31,22.54315185546875
a4e7ca3b55420193b79ec5f16eb07feb,0,1,1,1,0,0,0,0,0,0,0,0,24,17.44012451171875
a4ecc2a2f3f571fc84ae7c61e1024dc7,0,1,1,1,0,0,0,0,1,1,1,0,26,39.15545654296875
a4ede17c51c14cc82a2e463c80839456,0,1,1,1,0,0,0,0,1,1,0,0,48,6.43035888671875
a4fd9ddf278c841778a671d94fe21de6,0,1,1,1,0,0,1,0,0,0,1,0,30,21.59783935546875
a51519709b9f6059b02a4f11f06ebc25,0,1,1,1,0,1,0,0,1,1,0,0,29,17.73748779296875
a52149e967ad294387b1c6296417cc18,0,1,1,1,0,0,0,0,1,1,0,0,100,17.77801513671875
a52352c8c3254cbfad7943db7520d4f7,0,1,1,0,0,0,1,0,0,0,0,0,26,29.29266357421875
a52725361362ca08b74a0d58d53f2d9a,0,1,1,1,0,0,0,0,0,0,0,0,48,15.66912841796875
a52a9d2623f38e357caf42f1855e8786,0,1,1,1,0,0,0,0,1,1,0,0,29,17.99432373046875
a54245b1972582e763a7c1852188bc74,0,1,1,0,0,0,0,0,0,1,0,0,27,30.31903076171875
a54a9f2cc92708e6662fa2bcf8122c53,0,0,1,1,0,0,0,0,0,0,0,0,37,5.05242919921875
a54b2788c605ea31de8c85e36065f5de,0,1,1,1,0,1,0,0,0,0,0,0,20,13.02215576171875
a54b4345e91210b639f1ca513d4d786f,0,0,0,1,0,0,1,0,0,0,0,0,35,10.13397216796875
a54ba8b7b283acae8403dcea55afcb77,1,1,1,1,0,0,0,0,0,0,0,0,73,6.75213623046875
a554d0efcc5305edcfa6d9b476891bcb,0,0,1,1,0,0,0,0,0,1,0,0,28,26.51531982421875
a556cc46049e7c849b86140ee3966086,0,1,1,0,0,0,0,0,0,0,0,0,73,38.08416748046875
a55ada71f4a40ea4ab34487b982e35e0,0,1,1,1,0,0,0,0,0,0,0,0,19,7.04656982421875
a55fe36b33ef0be5349295b0dbaa33cb,0,1,1,1,0,0,0,0,0,0,0,0,37,19.15252685546875
a56200af09eeacce41c6893574d71bdb,0,1,1,1,0,0,0,0,0,0,0,0,14,24.34002685546875
a562682141a0602c0b294fd075f5d642,0,0,1,1,0,0,0,0,0,0,0,1,51,14.99237060546875
a5630858f962ebac0754140f93b5641e,0,0,1,1,0,0,0,0,0,0,0,0,57,10.62127685546875
a56639d6265f75feaaccdfcbade13d95,0,0,0,1,0,0,0,0,1,1,0,0,75,10.45379638671875
a570428bb18ff966a1ded3f51c6cd55d,0,1,1,0,0,0,1,0,0,0,0,0,76,16.81463623046875
a576cd96d2e7ffff24c475075cfd6b09,0,1,1,0,0,0,0,0,0,0,0,0,21,39.13885498046875
a57b90c493f5a62a5b504a1a6d30866e,0,0,1,1,0,0,0,0,0,0,0,0,46,15.57147216796875
a57cd5158f6d43401ec7c4b94e3de904,0,1,1,1,0,0,0,0,0,0,0,0,32,41.34490966796875
a57d494db144b0e45dedcf0e30d4919b,0,0,0,1,0,1,0,0,0,0,0,0,23,13.90447998046875
a58654d422aa1a187cc82d5fadecdc2a,0,1,1,1,0,0,0,1,0,0,1,0,53,27.60223388671875
a59126c8c68231dc8e42c7fcdd407cb6,0,1,1,1,0,0,0,0,0,0,0,0,47,23.48260498046875
a5916f7a4b9a0f7505bb60f404f2fcac,0,1,1,1,0,0,0,0,0,0,0,0,18,37.60369873046875
a596586e19056414c76725f9bd3f8acc,0,1,1,1,0,0,0,0,0,0,0,0,42,14.67694091796875
a5a96362f2573c58fd32d25ffb695676,0,1,1,0,0,1,1,0,0,0,0,0,100,10.46649169921875
a5ac8f010b922e650803d942c3c548b4,0,1,1,0,0,0,1,1,0,0,1,0,27,13.35711669921875
a5b8754bec9473c460f1fce5b1eaaac8,0,1,1,1,0,0,0,0,0,0,0,0,47,39.56610107421875
a5b8fb3c60d26cf15371f7a6843f5ab4,0,0,1,1,0,0,0,0,1,0,0,1,23,22.84100341796875
a5b92d6b7e6aec0921fb7ce2062bd02a,0,0,1,1,0,0,0,0,0,0,0,1,22,21.62322998046875
a5bf09c5998f6126285ccb51871a2416,0,1,1,1,0,0,0,0,0,0,0,0,21,3.95672607421875
a5c4de4c29e2097889f0d4cbd566625c,0,1,1,0,0,0,1,1,0,1,1,0,44,5.95233154296875
a5c530141eeb8a17681535d4b8a61f84,0,1,1,1,0,0,0,0,0,0,0,0,36,14.17840576171875
a5cc63c96f91124ac1a34b7d5351f586,0,1,1,1,0,0,0,0,0,0,0,0,24,31.52703857421875
a5d621054040837d6b46d828ee79d2d9,0,1,1,1,0,0,0,0,1,1,0,0,21,4.16864013671875
a5df0706c5b9b204398b8cac9ba5a47f,0,1,1,1,0,0,0,0,1,1,0,0,41,35.59100341796875
a5e4e0128369a46f15b919c2fabfbfc9,0,0,1,1,0,0,0,0,0,0,0,0,29,27.62811279296875
a5e4f85d0e2ae3a78195ba3ae9780673,0,1,1,0,0,1,0,0,0,0,0,0,24,18.95623779296875
a5ec3542192bb15af849cc3de226e8eb,0,1,1,1,0,0,0,0,0,0,0,0,22,33.88787841796875
a5fea2a1460d718febe321b0ffcf0b59,0,1,1,1,0,0,0,0,0,0,0,0,28,16.03045654296875
a5ff4923e393fa08e67da31c7eb4edd5,0,1,1,1,0,0,0,0,0,0,0,0,36,23.39373779296875
a609abd03832a5734149a0b3ad0266d7,0,0,0,0,0,0,1,0,0,0,0,0,83,18.10369873046875
a613001abb53cd6d657a2abb004e6774,0,1,1,1,0,0,0,0,0,0,0,0,47,8.26580810546875
a613ac6c9be87ab2d6557c20829f2162,0,1,1,1,0,0,0,0,0,0,0,0,26,40.02215576171875
a613d98aed5af00462efc7797b58f53e,0,1,1,1,0,0,0,0,0,0,0,0,24,21.43328857421875
a6180d5f2852f47c52a7b941ea93bf25,0,1,1,1,0,0,0,0,0,0,0,0,35,2.63983154296875
a61e50175ddf3bda35ceb999301a3ab6,0,1,1,1,0,0,0,0,1,1,0,0,34,7.03436279296875
a621b9662d26c99964cee842c78990e6,0,1,1,0,0,0,1,0,0,0,1,0,42,20.27655029296875
a62bb585920c89311299c5426e6f409a,0,0,0,1,0,0,0,0,0,0,0,0,24,23.37420654296875
a6316bc81f15f8952638b472c8a44539,0,0,1,1,0,0,0,0,0,0,0,0,29,25.52117919921875
a6416c3d94c30e28dcaa039b5043deec,0,1,1,1,0,0,0,0,1,1,0,0,54,6.86834716796875
a648e25a3a8b6630076a3316901b33ab,1,1,1,1,0,0,0,0,0,0,0,0,47,18.71405029296875
a64c1c03d05dd16bc249c3eb2600a65e,1,1,1,1,0,0,0,0,0,0,0,0,32,33.89178466796875
a64cfb45a70de8a1180b9cc1433428fe,0,1,1,1,0,0,0,0,0,0,0,0,25,18.23406982421875
a654aad9ac91dc57f604289f87c217cf,0,1,1,1,0,0,0,0,0,0,0,0,48,9.12713623046875
a662d392a007f14d8acdfd84487eb917,0,1,1,1,0,1,0,0,1,0,0,0,38,-2.05059814453125
a66b40ac01d298f8604fe96c20f678a6,0,1,1,1,0,0,0,0,0,0,0,0,33,24.83953857421875
a67034c27ad90faf9ad8d13d528fcf0c,0,1,1,1,0,1,0,0,0,0,1,0,43,11.36346435546875
a6752760887057eafa93c56ba4adc5e1,1,1,1,1,0,0,1,0,0,0,0,0,57,3.56414794921875
a682b2972612b0955ac67cdecacc44ec,0,1,1,0,0,0,1,0,0,0,0,0,29,27.72772216796875
a6863c61a0930d1b9684f221ebedae7f,0,1,1,1,0,0,0,0,1,1,0,0,45,6.37713623046875
a688976b47df3243167b4ffa9a0128fc,0,0,0,1,0,0,0,0,0,0,0,0,45,21.41522216796875
a68ab656a1d1c64043a3dd6a64681162,0,1,1,1,0,1,0,0,0,0,0,0,19,11.29901123046875
a6908c80a0ef73e6ea13172e602fe1b6,0,1,1,1,0,0,0,0,0,0,0,0,23,19.11102294921875
a69471681bef35c95a8fb928ae1fdfa2,1,1,1,1,0,0,0,0,0,0,0,0,53,19.17498779296875
a69775692d50b4b4ff2573f25846929d,0,1,1,0,0,0,0,0,0,0,0,0,100,6.09930419921875
a69915476ba99f58ecfac707ab0e2627,0,1,1,1,0,0,0,0,0,0,0,0,17,37.77459716796875
a6a53996ca2732ea141da193971d25bf,0,1,1,1,0,0,0,0,1,0,0,0,19,16.72430419921875
a6a8d5b4a752779062ec28d496dc66cf,0,1,1,1,0,0,0,0,0,0,0,0,34,21.31561279296875
a6aa66ebb28a9bcecf72aff5b90eb68d,0,0,0,0,0,0,0,0,0,0,0,1,26,32.58221435546875
a6af105bf41a3f0a37ae702eff3c9be0,0,1,1,1,0,0,0,0,1,1,0,0,45,15.43328857421875
a6b6b146f24e9dd1e7e5509afefe45eb,0,1,1,1,0,0,0,0,0,0,0,0,51,9.48260498046875
a6ba860b3621db33fb75bcc8322e866e,0,1,1,0,0,0,0,0,0,0,0,0,51,7.29022216796875
a6c265a019ff9963e0f453524f0c280f,0,1,1,1,0,0,1,0,0,0,0,0,25,47.41082763671875
a6c34377a1e26c3abb6aeb16de743bb1,0,1,1,1,0,0,0,0,0,0,0,0,28,17.22088623046875
a6c5413a6611e325bc72c35e978a8fcc,0,0,0,1,0,0,0,0,1,1,0,0,87,15.94549560546875
a6c5ddd98c73ab78767cac0b94223fbd,0,0,1,1,0,0,0,0,0,0,0,1,39,17.70819091796875
a6c639e3f6bdd31e83e16418a58117d3,0,0,1,1,0,0,0,0,0,0,0,0,60,25.77264404296875
a6d7e8b379f77de8cedabed732718f32,0,1,1,1,0,0,0,0,0,0,0,0,31,18.21942138671875
a6da5c9ac149de21fb02ac09d2358284,0,1,1,1,0,0,0,0,0,0,0,0,92,58.89178466796875
a6de01c1257d1da5c0312b20f2d3c82b,0,1,1,1,1,0,0,0,1,0,0,0,29,10.18426513671875
a6df879bb541393a09b55f8c9d1f3a8e,0,1,1,1,0,0,0,0,1,1,0,0,5,13.09979248046875
a6edee6e0699456af0852a21254ea7aa,0,0,1,1,0,0,0,0,0,0,0,0,3,5.04266357421875
a6f48c52cdf1f476445173b1daa1af30,0,1,1,1,0,0,0,0,0,0,0,0,41,18.23992919921875
a709b2e36e2695560bd3326b3a4e1366,0,1,1,1,0,0,0,0,0,0,0,0,24,43.44842529296875
a710f558357e23c5f77499fe0841945c,0,1,1,0,0,0,1,1,0,1,0,0,46,24.32196044921875
a71b9fca572d892ea1adb8b9c26152fa,0,0,1,1,0,0,0,0,0,0,1,0,54,17.48748779296875
a71c677d87606a56160b70c5f6fa4526,0,1,1,0,0,0,0,0,0,0,0,0,27,27.07391357421875
a71efed4479ec9e14cf4c57c16edcad2,0,1,1,1,0,0,1,0,0,0,0,0,28,4.75701904296875
a7268260676b42016f7ebc49a732f888,0,0,0,1,0,0,0,0,0,0,0,0,44,13.31121826171875
a72a4b44b92ef3cb374287600be7ba55,0,1,1,1,0,0,0,1,0,0,1,0,60,31.10516357421875
a730e5fd5abd814f4adfefd0465954fe,0,1,1,1,0,0,0,0,0,0,0,0,40,9.65155029296875
a7432809d92f8e6eb62da6cf824b496c,0,1,1,1,0,0,0,0,0,0,0,0,67,16.95623779296875
a7483e4784a5ffb44c374564a619ac95,0,1,1,1,0,1,0,0,0,0,0,0,31,11.62225341796875
a74dfdacabee8b2c3e11955d733b001a,0,1,1,1,0,0,0,0,0,0,0,0,26,10.45574951171875
a752a8b2e6d56955c0ed0e0335019f73,0,1,1,0,0,0,1,0,0,0,0,0,27,7.61444091796875
a75a112beeb9b5e87f1da9f2aac2df76,0,0,1,0,0,0,1,0,0,0,0,0,20,11.96893310546875
a75d31c52be0f4e2e896d20de06c172f,0,1,1,1,0,0,0,0,0,0,0,0,42,3.37176513671875
a75e836c551994c843239d07911c9e12,0,1,1,1,0,0,0,0,0,0,0,0,37,16.96502685546875
a767698342039a814408db510799c9a5,0,1,1,1,0,0,0,0,0,0,0,0,22,18.98211669921875
a775b05353fbe9e066cb0c0ccbde8b68,0,0,1,1,0,0,0,0,0,0,0,0,64,45.62664794921875
a7770ea56c2222f9e8ee75d35e9228e2,0,1,1,1,0,0,0,0,1,1,0,0,83,26.48651123046875
a7836df4fb507aa5cd0664bda4a84e8d,0,1,1,1,0,0,0,0,0,0,0,0,100,-1.77423095703125
a7848c9be03d43fd2c443e5fb18ba35d,0,1,1,1,0,1,0,0,0,0,0,0,38,-6.63067626953125
a788f815430091e092374912f45d7ea3,0,1,1,1,0,0,0,0,1,1,0,0,69,21.73260498046875
a7914bd93822e3585ccb1b5be58953d3,0,1,1,1,0,0,0,0,0,0,0,0,39,17.63592529296875
a7946e996628819de63786c5cdc78e81,1,1,1,1,0,0,0,0,0,0,0,0,18,4.98455810546875
a79648b65f21914aa40478346272a160,0,1,1,1,0,0,0,0,0,1,0,0,52,34.19451904296875
a7abb933b20505c18f30234b2be45192,0,1,1,1,0,0,0,0,0,0,0,0,23,12.63690185546875
a7b81d041b6cf7882a4567fb1ebbf633,0,1,1,1,0,0,0,0,0,0,0,0,43,10.92059326171875
a7baff5a52507fbf839a68c330783dac,0,1,1,1,0,0,0,0,1,1,0,0,31,4.73260498046875
a7bf865455e91454c01c5d8e92de16f5,0,1,1,1,0,0,0,0,1,1,0,0,26,17.36248779296875
a7bfb86a51c716589ab6eaa3e0e67f6e,0,1,1,0,0,0,1,0,0,0,0,0,23,18.16229248046875
a7d3557ff3ff385cbb7b1237e164def0,0,1,1,1,0,0,1,0,0,0,0,0,20,10.00213623046875
a7e7ea4cd6341bcc2aed9ef4c13311db,0,1,1,1,0,0,0,0,1,1,0,0,38,8.72918701171875
a8028d608d5a1916c5482616e5838b6c,0,1,1,1,0,0,0,0,0,0,0,0,37,25.22821044921875
a80a2983c3e2de885546dd26b4f16111,0,1,1,1,0,0,0,0,1,0,0,0,37,15.83563232421875
a810415be0872102c2efd1f171340f2b,0,0,1,1,0,0,0,0,0,0,0,0,49,-5.46466064453125
a8131d8db2178dcdbcf1ba828beb3cda,0,0,1,1,0,0,0,0,0,0,0,0,42,11.96795654296875
a81a263926d2e16df2926690625071d7,0,1,1,1,0,1,0,0,0,0,0,0,64,19.24676513671875
a81f46a8009759eaad2b5e068ed1b975,0,1,1,1,0,0,0,0,1,1,0,0,19,37.68670654296875
a82079b9599f9ca8d66f18751fe26720,0,1,1,1,0,0,0,0,0,0,0,0,39,23.16864013671875
a8235022f4f09b226ef0f75b507991fd,0,1,1,1,0,0,0,0,1,0,0,0,40,14.76043701171875
a82514399ebed412f12e4dd90ad8f2c2,0,1,1,1,0,1,0,0,0,0,1,0,28,21.39276123046875
a82a379cf2e1f97c6bef4621f6d572be,0,1,1,1,0,0,0,0,0,0,0,0,42,14.17205810546875
a82f501997893591729755863212279c,0,1,1,1,0,0,0,0,0,0,0,0,100,20.48651123046875
a83c4c85cabdcfa5475dae3eb2649252,0,1,1,1,0,0,1,1,0,0,0,0,26,24.89471435546875
a8460f0f5225ff72b81164d4bf120ea7,0,1,1,1,0,0,0,0,0,0,0,0,62,14.13446044921875
a851b813b112d7375d1e0e0da532313f,0,1,1,1,0,0,0,0,0,0,0,0,32,9.51824951171875
a8548f61ac0dcdf8ec86955837da60c0,0,0,1,1,0,0,0,0,0,0,0,1,24,46.48162841796875
a858b80acb6fbbd0b03e9bb7539234c4,0,1,1,0,0,0,1,1,0,0,0,0,62,19.96990966796875
a85f4ad2e5d574d7af97586f8bb60e70,0,1,1,1,0,0,0,0,0,1,1,0,10,24.49627685546875
a85facefbb34510189b6cbc221ba7f43,0,1,1,1,0,0,0,0,1,0,0,0,32,12.06658935546875
a8606033a8c035a6bacb71972e1bd1a8,0,1,1,1,0,0,0,0,0,0,0,0,3,51.30682373046875
a86b8291f8e45af0af38afcbd4c44f25,0,1,1,1,0,1,0,0,0,0,0,0,78,22.92938232421875
a86c7f9ac2a878a777feb0a208db9198,0,0,0,1,0,0,0,0,0,0,1,0,59,19.18182373046875
a87022b64fe3b707a66c4c247fd6177a,0,1,1,1,0,0,0,0,0,1,0,0,83,12.16033935546875
a8783405b197080ce1149aeb7f442b1b,0,1,1,1,0,0,0,0,1,1,0,0,73,12.13104248046875
a87e77da9a052ff51305900cd6f36305,0,1,1,1,0,0,0,0,0,0,0,0,57,41.27850341796875
a880ff2247b10b79701c2b1d1970a382,0,1,1,1,0,1,0,0,0,0,0,0,57,10.74188232421875
a883c48295d89d73e5a2b2d41cfecc56,0,1,1,1,0,0,0,0,1,1,0,0,59,16.88055419921875
a885bd30f8bfa252306400833f6fd4be,0,0,1,1,0,0,0,0,0,0,0,1,2,5.30828857421875
a88a216a0cfa23ef89d8c1dae80c2d69,0,1,1,0,0,0,1,0,0,0,0,0,27,42.34295654296875
a89f5892b590826b2dfe06e92f9c770e,0,0,1,1,0,0,1,0,0,0,0,0,59,7.07830810546875
a89fb15d3fc39562358d5cdeb31a5136,0,1,1,1,0,0,0,0,0,0,0,0,100,48.84881591796875
a8a31760a4075b12318d68373cab42e1,1,1,1,1,0,1,0,0,0,0,0,0,23,22.35223388671875
a8a859fb8dd237e455e93f4bc2d3918a,1,1,1,1,0,0,0,0,0,0,0,0,28,20.35614013671875
a8a9a496d8a44ae8bfdaa781597c6686,0,0,1,0,0,0,1,0,0,0,0,0,30,39.93963623046875
a8aa54064f662f146fe740101862fd92,0,1,1,1,0,0,0,0,0,0,0,0,26,24.74627685546875
a8b8411b17a564902f5f17106c89fdbe,0,1,1,1,0,0,0,0,0,0,0,0,58,9.75213623046875
a8bb509cd1bd09b27ff5343e3f36bf9e,0,1,1,1,0,0,0,0,0,0,0,0,39,58.75408935546875
a8be0ab62587aa7f369864dfea5de621,0,1,1,1,0,0,0,0,1,1,0,0,24,17.97918701171875
a8c8c2b4167f12caae4f0b286c898205,0,1,1,1,0,0,0,0,0,0,0,0,29,17.04559326171875
a8d2ecb875bc28a7d1d93c9389b40c2d,0,1,1,1,0,0,0,0,0,0,0,0,59,34.81317138671875
a8d84a2bfe4f490a4e638de58f76601c,0,0,1,1,0,0,0,0,0,0,0,0,25,31.33905029296875
a8e52aa7647232c185e044218f8e8ff1,0,1,1,1,0,0,0,0,0,0,0,0,13,11.48358154296875
a8ece4f9ce292fce0bfe69292b98832b,0,0,0,1,0,0,0,0,0,0,0,0,48,14.10858154296875
a8f044478dba8040cc410e3ec7514da1,0,1,1,1,0,1,0,0,0,0,0,0,38,32.23016357421875
a8f1a5383c5ec0c1db2f3930cabf1fe6,0,0,1,1,0,0,0,0,1,1,1,0,56,4.89178466796875
a8f5cde333f0f4ed7aad5551ed891934,0,1,1,1,0,0,0,0,0,0,0,0,70,13.67596435546875
a8fd6db22a671757b10d4f39a9a136b2,0,1,1,1,0,1,0,0,0,0,0,0,22,16.48553466796875
a90072049347b47a5f4d531567a4921d,0,1,1,1,0,0,0,0,0,0,0,0,36,29.69940185546875
a9061232c6e1c0cc90b238f12c728b90,0,1,1,1,0,0,0,0,0,0,1,0,48,24.93670654296875
a90cbc5497bb97be9d609206b2d8bb17,0,0,1,0,0,0,0,0,0,0,0,0,100,17.63153076171875
a915a67cc115f157801ff9f6b4532dd8,0,1,1,1,0,0,0,0,1,1,1,0,51,9.51629638671875
a922033305219715d76a595f7b5307e3,0,1,1,0,0,0,0,0,0,0,0,0,63,17.60467529296875
a927ef1ca78fdb245d7d72f5b10d5208,0,1,1,1,0,1,0,0,0,0,0,0,65,12.27264404296875
a93120aad3dfc1ef1aa9e4beab95003b,0,1,1,1,0,0,0,0,0,0,0,0,100,19.86688232421875
a931a3a20bd420ae64d2d0041ebcf7a2,0,1,1,1,0,0,0,0,0,0,0,0,42,10.39862060546875
a933369fce3ec2eb222b95a80fdec44d,0,1,1,1,0,1,0,0,0,0,0,0,26,36.27508544921875
a94218ea1645d127f355347f78877591,0,1,1,1,0,0,0,0,1,0,0,0,22,7.63592529296875
a943b55d1eead82bfd67f460e99da83b,0,1,1,1,0,0,0,0,0,0,0,0,49,35.49969482421875
a94b453af0d19e286763b00cf2798460,0,1,1,1,0,0,0,0,0,0,0,0,49,6.49725341796875
a9513f7f0c93e179b87c01be847b3e4c,0,1,1,1,0,0,0,0,0,0,0,0,30,26.00018310546875
a9531cd0631b4c92f5dd9c43ff776d82,0,1,1,1,0,0,0,0,0,0,0,0,41,9.29608154296875
a95b0e805876b1893c5d542d10918cd9,0,0,1,0,0,0,0,0,0,0,0,1,32,32.13934326171875
a961ab2728c4d881c28b3319ba8508b7,0,1,1,1,0,0,0,0,1,0,0,0,43,13.85516357421875
a965558e3b180fa76e42252fde16cf25,0,0,0,1,0,0,0,0,0,0,0,1,35,15.02264404296875
a97435ea87ce49e6e573514492dc6359,0,1,1,1,0,0,0,0,0,0,0,0,69,30.15838623046875
a974610d3b42b6b901276210144d834e,0,1,1,1,0,0,0,0,0,0,0,0,28,24.44793701171875
a976ad43a3b362ba50390f821dcbb17f,0,1,1,1,0,0,1,0,0,0,0,0,3,9.36737060546875
a977eb492c3585f3ec0dc35170f44025,0,1,1,1,0,0,0,0,1,1,0,0,29,21.19647216796875
a979e5ccc4ed4fcb9ae4f3fc68042b2c,0,1,1,1,0,0,0,0,1,0,0,0,23,1.20233154296875
a9894bf4223185f48188a545044aeefa,0,1,1,1,0,0,0,0,1,1,0,0,58,12.81170654296875
a9894c929d59280628d3f80a464eeb91,0,1,1,1,0,0,0,0,0,0,0,0,23,23.54705810546875
a996a82a530cd995c5b0f924551ade09,0,1,1,1,0,0,0,0,0,0,0,0,23,13.52655029296875
a9994e6f34889af070593f753d5ffbaa,0,1,1,1,0,0,0,0,0,0,0,0,43,15.98602294921875
a9a517a427416cd7bffb79a00483b0e2,0,0,0,1,0,0,1,0,0,1,0,1,19,6.24383544921875
a9ad2cf8aaed0961fb7587cfc37403d8,0,1,1,1,0,0,1,0,0,0,0,0,24,31.68865966796875
a9b88146af45821b814846c88b065676,0,1,1,1,0,0,0,0,1,0,0,0,29,12.36102294921875
a9c6947d21472ff972e650858b701e1c,0,1,1,0,0,0,1,1,0,0,0,0,55,5.24627685546875
a9cf3dc8a9cb10eb9810c58e2a81876e,0,0,0,1,0,0,0,0,0,0,0,1,13,19.32196044921875
a9d2fa132993edfe08e257f0080bd9f4,0,1,1,1,0,0,0,0,1,1,0,0,52,12.66522216796875
a9d798caf7c9098c2db672265512f126,0,0,0,1,0,0,0,0,1,0,0,0,57,65.58807373046875
a9d8dca83fd0ffd72af53d61a564f9aa,0,1,1,1,0,0,0,0,0,0,0,0,54,36.00311279296875
a9dae8765ffdbb4cb2311422a3aee651,0,1,1,1,0,0,0,0,0,0,0,0,30,7.50701904296875
a9dcfe9696ca170463511cf621fa7c47,0,1,1,1,0,0,0,0,0,0,0,0,25,10.69647216796875
a9e35b774263d60e78e51ee64a2c9ba6,0,1,1,1,0,0,0,0,0,1,0,0,50,12.95135498046875
a9ea4f5f3c5313e7760238af8732dd07,0,0,0,1,0,0,0,0,0,0,0,0,24,36.53533935546875
a9f60f63360cb0411cd295f06cfdae41,0,0,0,1,0,0,0,0,1,1,0,0,2,7.46697998046875
a9f687044afed5574c8a2590587511d9,0,0,1,1,0,0,0,0,0,0,0,1,21,24.92498779296875
a9fc253a3dc91e4a77c48d19538adc89,0,1,1,1,0,0,0,0,0,1,0,0,24,32.51336669921875
aa01cbea718869177f816a5c1345e54e,0,1,1,1,0,0,0,0,0,0,0,0,12,28.91668701171875
aa0507f53e7723ec83f1a7806a149500,0,1,1,1,0,0,1,0,0,1,0,0,13,9.85760498046875
aa061d00b421cc4ad03326cdf0b258ba,0,1,1,1,0,0,0,0,0,0,0,0,48,13.77655029296875
aa074280963bd61fee665facfe8d7e8e,0,1,1,1,0,1,0,0,1,1,0,0,23,21.03387451171875
aa0f8095e6eee1e5f16d510fa244e4c6,0,1,1,1,0,0,0,0,0,0,0,0,46,8.99530029296875
aa1f8c41659bacffdaca4db6c88210c6,0,1,1,1,0,0,0,0,0,1,0,0,36,5.73162841796875
aa238f989135c228629a8f53104e9bed,0,1,1,0,0,0,0,0,0,0,0,0,42,48.11151123046875
aa266b6ce19bd2d344fd0df2b16da391,0,1,1,1,0,0,0,0,0,0,0,0,25,11.44061279296875
aa2b843961abe34e8ed6b78f2f0f6d86,0,1,1,1,0,0,0,0,0,0,0,0,30,27.45623779296875
aa35262e61ebd994d0ec47086d6e0a7b,0,0,1,1,0,1,0,0,0,0,0,1,26,19.31951904296875
aa353ed1a09042d89ff571d32b3ad197,0,1,1,1,0,1,0,0,0,0,0,0,100,16.07000732421875
aa3a42f473cc10086067ce16232eee17,0,1,1,1,0,0,0,0,0,0,0,0,40,25.74334716796875
aa437d2f9f4db8962c27f5e4c4e8b6dc,0,1,1,1,0,0,0,0,0,0,0,0,31,26.76727294921875
aa46b7ed85e184850477dd773f2e01a0,0,1,1,1,0,0,0,0,0,0,0,0,38,11.71014404296875
aa4bb91eb16b3c2a8f1449bbb4cc0645,0,1,1,0,0,0,0,0,0,0,0,0,56,6.52166748046875
aa505c1aa5c3817978e3cb04b214ddd1,0,0,1,1,0,0,1,0,0,0,0,1,37,15.50653076171875
aa5d26353816ded3a8a6625aeeabe88b,0,1,1,1,0,0,0,0,1,1,0,0,32,24.56756591796875
aa635b767ed19b26ac40a8882f3331e8,0,1,1,0,0,0,0,1,0,0,1,0,23,17.35076904296875
aa6fae51f270df4093831d11d7dd61d2,0,1,1,1,0,0,1,0,0,0,0,0,33,15.32342529296875
aa773ce7f94d5e1cace6657edb3a9652,0,1,1,1,0,0,0,0,0,0,1,0,20,9.54266357421875
aa7b198f20da0dfab12887db41336793,0,1,1,1,0,0,0,0,0,0,0,0,27,9.02801513671875
aa82588cd40805b2fafc4c6c53092259,0,1,1,1,0,0,0,0,0,0,0,0,10,24.93426513671875
aa8a14e16f31dcd1ab011d7a2f3479b5,0,0,0,0,0,0,0,0,0,1,0,1,42,27.27850341796875
aa90aad818852ca47177213e5be26709,0,1,1,1,0,0,0,0,0,0,0,0,52,11.41033935546875
aa97597cfb624189f811081b16bd909b,0,1,1,1,0,0,0,0,0,0,0,0,43,13.76092529296875
aa9d54468f6344bfa9d966a6fe2ca612,0,1,1,1,0,0,0,0,0,1,0,0,28,21.03192138671875
aa9ef13de2d3793230ffb1911202a7a3,0,1,1,1,0,0,0,0,1,0,0,0,29,9.83563232421875
aaa97ce503c2cbaa53b195bdae5a84b0,0,1,1,1,0,0,0,0,1,0,0,0,19,5.19403076171875
aab7ad4700d53853710b4c4992713b37,0,1,1,1,0,0,0,0,0,0,0,0,100,10.93084716796875
aac20460f0f08b9eb5e5240d01a43bc3,0,1,1,1,0,0,0,0,0,0,0,0,53,21.43572998046875
aac59c5b25023b6285936902ede41ca3,0,1,1,1,0,0,0,0,1,0,0,0,13,10.01971435546875
aacd6400a3b01506bcc1d20b9c5925ce,0,0,1,1,0,0,0,0,0,0,0,1,3,8.50604248046875
aad8e9a2f2e5e48c8e8e0688917b25e9,0,1,1,1,0,0,0,0,0,0,0,0,43,54.91717529296875
aae3c9f188061c1295706430677208d9,0,0,1,1,0,0,0,0,1,1,0,0,30,29.94647216796875
aae8ac6a10044da232da300d67d1cfad,0,0,1,1,0,0,0,0,0,0,0,0,21,35.74139404296875
aaf7e69d5ff5c55b8693930b1d22784c,0,1,1,1,0,0,0,0,0,0,0,0,32,16.78875732421875
aafc3b20bdcd8557149b2b8d189e523b,0,1,1,1,0,0,0,0,0,0,0,0,54,21.47088623046875
ab0457b1de8244b4ec58dee3a7b31779,0,1,1,1,0,0,0,0,0,0,0,0,32,22.91912841796875
ab07d82cdbc9721a05dc8cdc36224f4e,0,1,1,1,0,0,0,0,0,0,0,0,30,16.27801513671875
ab0b2259e05adee2cdbda3ea1d4f3c7a,0,0,1,1,0,0,1,0,0,0,0,1,3,21.75164794921875
ab0d9d71c10d09af96d5094a70795401,0,1,1,1,0,0,0,0,0,0,0,0,32,18.91912841796875
ab0e802dc7ad7f8195884d223f8ee6d0,0,1,1,0,0,0,0,0,0,0,0,0,29,23.37274169921875
ab0eb0f95ee75b8944513299f5924870,0,1,1,1,0,0,0,0,0,0,0,0,40,19.22625732421875
ab16826c26267bebe547c310d784f253,0,0,1,1,0,0,0,0,0,0,0,0,36,12.53826904296875
ab17c4f46c4b9d89f2ac8a9cd4e1218e,0,0,0,1,0,0,1,0,0,0,0,0,61,81.33367919921875
ab1a3eda8ced1c4a3a2e0ddb2fb9d1c1,0,1,1,1,0,0,1,1,0,0,1,0,40,32.29559326171875
ab1d7c7a0467143d2aeef9b22327dbd4,0,1,1,1,0,0,0,0,1,1,0,0,50,12.59100341796875
ab1f141bc5eebb5b5ff1f22b25fa16dc,0,1,1,1,0,0,0,0,0,0,0,0,26,52.23944091796875
ab1fab044db0f83c131804ce64d2779d,1,1,1,1,0,0,0,0,0,0,0,0,21,14.37078857421875
ab200145177d59d271bf4c0334b950f9,0,1,1,1,0,0,0,0,0,0,0,0,93,19.29071044921875
ab295f640151cc6d316f668cfa061825,0,0,1,1,0,0,0,0,0,0,0,0,35,30.52606201171875
ab2d949d327467cc6281b2f7283f558f,0,1,1,0,0,0,1,0,0,0,0,0,26,9.45623779296875
ab348741fbac9d6f5b192831ef75a282,0,0,0,1,0,0,0,0,0,0,0,0,28,13.48406982421875
ab3875686aa04693efdb8952adcfbd8f,0,0,1,1,0,0,0,0,0,0,0,0,35,23.73748779296875
ab3a2d88738eb49802fdd8eb202b0ff1,0,1,1,1,0,0,0,0,0,0,0,0,26,14.75262451171875
ab3ee58a1f90a31232bb63673d6fe9af,0,1,1,1,0,0,0,0,0,0,0,0,13,24.23748779296875
ab41b813dfe390b7d8bcb55f487c78c1,0,0,0,1,1,0,0,0,0,0,0,0,21,15.48748779296875
ab4ef47f4613f32107a264f0346913b2,0,1,1,1,0,0,1,0,0,0,0,0,100,10.64080810546875
ab51b8370aca6df59d88370ffd97e65c,0,1,1,1,0,0,0,0,1,1,0,0,46,5.50506591796875
ab53e7cb54111fdc86b28574b74c3817,0,1,1,1,0,0,0,0,0,0,0,0,17,23.01043701171875
ab5560cfd5806935d24aacb28d899171,0,1,1,1,0,0,1,0,0,0,0,0,35,15.50018310546875
ab5592c38102728593b3c23a2c8e5ff2,0,0,1,1,1,0,0,0,0,0,0,1,48,26.63543701171875
ab5602ec4002932525238ec80e828d0e,0,1,1,1,0,0,0,0,0,0,0,0,55,10.78582763671875
ab57d93616f0476acb48de353bfea440,0,1,1,1,0,0,1,0,0,0,0,0,100,11.98114013671875
ab62ded49a7218dd63e3569d18c06861,0,0,1,1,0,0,0,0,0,0,0,0,30,7.13836669921875
ab76a89113601eca0518300cb1e95ab0,0,1,1,0,0,0,1,0,0,1,0,0,40,33.20721435546875
ab822c97c0153111890778b3636aa9cc,0,1,1,1,0,0,0,0,0,0,0,0,12,8.54461669921875
ab86addb09d3ccbe620f9e68889bb7d6,0,0,1,1,0,0,0,0,0,0,0,0,100,13.64862060546875
ab8bd872bf2ad5defe895836587933b2,0,1,1,1,0,0,0,0,0,0,0,0,46,0.54119873046875
ab8ccb63e62ebe598dfad4dd9f912412,0,1,1,1,0,0,0,0,0,0,0,0,26,51.77606201171875
ab8d5460eb660d0c963e7d9c16fce7f1,0,1,1,1,0,0,0,0,0,0,0,0,26,35.11639404296875
ab95571a64d4bf3c6d19dd9b8cefbd1d,0,1,1,1,0,0,0,0,0,0,0,0,65,35.87860107421875
ab9cc3a3b0588517a4038e635aa7b61c,0,1,1,1,0,1,0,0,0,0,0,0,18,5.60955810546875
ab9e392df50f55d8f4df8715b39202a7,0,1,1,1,0,0,0,0,0,1,1,0,39,20.36248779296875
ab9e6a7988d4ec89122f939215d1ae83,0,1,1,1,0,0,1,0,0,0,0,0,17,8.60565185546875
abb3e8330e632cb0569b706ef0010f09,0,0,1,1,0,0,0,0,0,0,0,0,33,13.82928466796875
abb7064e8ffe5a752400b83fafb8017b,0,0,0,0,0,0,1,0,0,0,0,0,83,92.87713623046875
abc0bc2b6bb02ad0e95d65b935e58a30,0,0,1,0,0,0,0,0,0,0,0,1,37,39.05975341796875
abc3bc25190cf419862c6c7e10f14e77,0,1,1,1,0,0,0,0,0,0,0,0,45,29.19549560546875
abd1962d5769ce4c42d931a51fafebc3,0,1,1,0,0,0,0,1,0,0,0,0,94,15.71014404296875
abd3fc3a48f730d69fe916dc977560fb,0,1,1,1,0,0,0,0,0,0,0,0,52,16.74481201171875
abde5a42c0a91a8d14942b1cf758879c,0,1,1,1,0,0,0,0,0,0,0,0,51,9.66180419921875
abe1972ff3569a7decdbf92b807110ce,0,1,1,1,0,0,0,0,0,0,0,0,5,7.29022216796875
abebc2a309706c968be900545f0143dc,0,1,1,1,0,0,0,0,1,1,0,0,28,6.52264404296875
abf20faad1e5d0e709124eff6945354a,0,0,1,1,0,0,0,0,1,1,0,1,30,35.27703857421875
abf5e009b76119f4bb0186a3ae77ec2c,0,1,1,1,0,0,0,0,0,0,0,0,57,31.07635498046875
abfd9c74d95cc7de4ec93d90c6cdf65f,0,1,1,1,0,0,0,0,0,0,0,0,24,14.05926513671875
ac05298311d6b662c42cb50b3b3cffd5,0,1,1,0,0,0,1,1,0,0,1,0,58,16.19793701171875
ac0c13c84d334744934e994fbc15cf8f,0,1,1,1,0,0,0,0,0,0,0,0,22,8.73797607421875
ac137bade5daf175b8a684b259f753c7,0,1,1,1,0,0,0,0,1,1,0,0,25,22.48553466796875
ac14f8ae27634ffcce74c02326d06cee,0,1,1,1,0,0,0,0,1,1,0,0,28,41.79119873046875
ac21c7f5daa8b5d88fb840f4be25f4d2,0,0,1,0,0,0,0,1,0,0,1,0,16,9.28680419921875
ac31d395ec463762e0d2926474191d8d,0,1,1,1,0,0,0,0,0,0,0,0,31,9.84979248046875
ac3217229b39a108e318b54275591140,0,1,1,1,0,0,0,0,1,1,0,0,13,5.26678466796875
ac3a127484a0bf5fc83c76d1382eb7ed,0,1,1,1,0,1,0,0,0,0,0,0,50,28.32879638671875
ac3d53bcd839496fb5f428d77cb9f093,0,1,1,1,0,0,0,0,0,1,0,0,16,30.45623779296875
ac47b5630e59195064a2184a1763c887,0,0,1,1,0,0,0,0,1,0,0,0,4,5.59979248046875
ac4978c7623b48c87c88d2225224fd82,0,1,1,1,0,0,0,0,0,0,0,0,48,7.96600341796875
ac4c6509b5bff552a7a7e406cf30d866,0,1,1,1,0,1,0,0,0,0,0,0,36,29.94940185546875
ac51b727be0e699510a2eea32276edf8,0,0,0,1,0,0,0,0,0,1,0,0,27,16.83465576171875
ac5be1870d00e856246f9e2c8da070c6,0,1,0,1,0,1,0,0,0,0,0,0,57,28.87567138671875
ac624a8956b4730a28b1479ea30f1c54,1,1,1,1,0,0,0,0,0,0,0,0,26,23.86737060546875
ac642e67bff9fc476fe7f33dee1d2e44,0,0,0,1,0,0,0,0,0,0,0,0,41,3.09100341796875
ac71b1ee07bc1b56989b5f61cb4786eb,0,1,1,1,0,0,0,0,0,0,0,0,38,41.27606201171875
ac7265b50f421ea91b75151c94ee7dcb,0,1,1,1,0,0,0,0,0,0,0,0,63,2.38348388671875
ac77c9d366b5ec55e10bf609577522fb,0,1,1,1,0,0,0,0,0,0,0,0,23,16.28729248046875
ac7b4cfbd9fff1586fae98d4e496ab78,0,1,1,1,0,0,1,0,0,0,0,0,24,7.38690185546875
ac853887c979cdbd2e6fbc1f54b49138,0,1,1,1,0,0,0,0,1,1,0,0,34,20.35174560546875
ac874d272c47b53c9c2deb9552847123,0,1,1,1,0,0,0,0,0,0,0,0,41,12.41522216796875
ac877d2e9d2be54570888dfd3e724103,0,0,1,1,0,1,0,0,0,0,0,0,80,22.18572998046875
ac8823ae3ef0da44d00c9f7fab5ed3ea,0,1,1,1,0,0,0,0,0,0,0,0,30,6.29901123046875
ac9146073084fc689abe7ddf620482d4,0,1,1,1,0,0,0,0,0,0,0,0,40,9.03045654296875
acaee5647023be180d1a13fcbe6fa06e,0,0,1,0,0,0,0,1,0,0,1,0,33,35.89031982421875
acb18be8d765da22d1e2fd9a953f96e6,0,1,1,0,0,0,0,0,0,0,0,0,37,7.04119873046875
acb9ae2c235a273f9edf50b99710b17e,0,1,1,1,0,0,0,0,0,0,0,0,31,14.42303466796875
acba0b318856b41ca31c8b5384df1a35,0,1,1,1,0,0,0,0,0,0,0,0,28,35.98114013671875
acbbeb9529a02c346e95311c16836c3d,0,1,1,1,0,0,1,0,0,0,0,0,88,11.49188232421875
acc50150d724a6cb2cd9814ea9e4b987,0,1,1,0,0,0,0,1,0,0,1,0,15,44.11883544921875
acc56f2183c68890284a50b112df00b8,0,1,1,1,0,0,0,0,0,0,0,0,29,27.82537841796875
acd784158d991d24fe97bb2a37c5ff70,0,1,1,1,0,0,1,0,0,0,0,0,28,14.17840576171875
acd9e40118d570e0f727b4ba90423829,0,1,1,1,0,0,0,0,1,1,0,0,22,23.58660888671875
acdb93cce9258856149c0e2a200a21b6,0,1,1,1,0,0,0,0,1,1,0,0,24,12.91619873046875
acdc0470bae01f66fdb4b6fbf94cee08,0,1,1,1,0,0,0,0,0,0,0,0,57,18.99578857421875
acdd47359f205bd27312b24013b02597,0,1,1,0,0,0,1,0,0,0,0,0,54,65.31951904296875
acfc6043042f4be89ba1b1e913d0dd9d,0,1,1,1,0,0,0,0,0,0,0,0,19,24.72137451171875
ad0214e5251d0ed9c1d0ab052cddc659,0,0,1,1,0,0,0,0,0,0,1,0,43,35.30047607421875
ad06c49a1636d45948ee6aa19cf3c15e,0,1,1,1,0,0,0,0,0,0,0,0,32,4.44158935546875
ad1362089c0b9e4a50ea15e2219c2907,0,0,0,0,1,0,0,0,0,0,0,0,100,38.09979248046875
ad22dc231de8192a3ea9b19695474d86,0,1,1,1,0,1,0,1,0,1,1,0,41,33.80975341796875
ad24465b07d69ee63f014eda293375e6,0,1,1,0,0,0,1,1,0,0,0,0,29,22.53680419921875
ad2e04000b9c7faa4c37e48e11ee826f,0,1,1,0,0,0,1,0,0,0,0,0,24,4.32440185546875
ad3abf013e0dc985b45458da6aa58166,0,1,1,1,0,0,0,0,0,0,0,0,41,7.00897216796875
ad3fb45c2fcf1e474172a0cf1a2d3698,0,1,1,1,0,0,1,0,0,1,0,0,27,18.35076904296875
ad4e6e47016b3d011ef3ed5020249608,0,1,1,1,0,0,0,0,0,0,0,0,28,11.26776123046875
ad5970df7367d0175c526406567cb048,0,1,1,1,0,1,0,0,0,0,0,0,36,12.71795654296875
ad5d1a59922f01907bade054e4aa65cb,0,1,1,0,0,0,0,0,0,0,0,0,47,29.52069091796875
ad63ca9867901bd283359cedbd4bf7d9,0,1,1,1,0,0,0,0,0,0,0,0,30,2.05340576171875
ad6faaa47be6fff8dab1f7e22b74426a,0,1,1,1,0,0,0,0,0,0,0,0,47,39.30926513671875
ad77e44d18e616688181867117fc064f,0,0,0,1,0,0,0,0,1,0,0,0,35,9.91619873046875
ad7ef95afbe4f4990b20b064f25b7a86,1,1,1,1,0,0,0,0,0,0,0,0,60,11.97528076171875
ad8147c0de78dc121aa5ff5ce525fb93,0,1,1,1,0,0,0,0,1,0,0,0,71,31.60516357421875
ad8d42db893291f153e49e9d03a5e2fb,0,0,1,0,0,0,0,0,0,0,0,0,30,20.40692138671875
ada16521cdbecb60166616a4a2fc1413,0,0,1,1,0,0,1,0,0,0,0,0,40,0.84881591796875
ada318c51f9c061c7142bf9da85907b1,0,1,1,0,0,0,0,1,1,1,1,0,32,29.03826904296875
adb89c2117da8d3b7dbde91c20b71285,0,1,1,1,0,0,0,0,0,0,0,0,74,28.46405029296875
adc7db9030d8ef6542907d6258bb46d6,0,1,1,1,0,0,0,0,0,0,0,0,21,26.32586669921875
adca6d8bb136d084bef11bc0ca6ac990,0,1,1,1,0,0,0,0,1,1,0,0,37,2.75897216796875
add0a40b2fa9fab887000f5a0c3d2a17,0,0,0,1,0,0,0,0,0,0,0,0,46,18.00262451171875
add3492dcb34c2350dcbe56dfc7e0030,0,1,1,1,0,0,0,0,0,1,0,0,9,30.70770263671875
add42ff7fe6e91c155628abbfaa7a185,0,1,1,1,0,0,0,0,1,1,0,0,37,6.66424560546875
ade40b1dfd370ca02c2296055a6098db,0,1,1,1,0,0,0,1,0,0,1,0,52,29.59246826171875
adec0e5a6b463ac5929bc03decf79c2e,0,1,1,1,0,0,1,0,0,0,0,0,34,15.32244873046875
adf00ba782d2e4408dbb4908d462e3dc,0,1,1,1,0,1,0,0,0,1,0,0,4,19.83807373046875
adf10ad76c5d6a9e353d7ae5166575a6,0,0,1,1,0,0,0,0,0,0,0,1,36,28.41864013671875
adfafeef5ccbe8da585b327c822b2b1f,0,1,1,1,0,0,0,0,1,1,0,0,37,11.09344482421875
adfc35070371fbaed38b8ef16ef20640,0,1,1,1,0,0,0,0,0,1,0,0,25,38.52801513671875
adff90b71ab620dc01628e0e7f2342a4,0,1,1,1,0,0,0,0,0,0,0,0,20,36.11981201171875
ae0067a701291da790c3e828fbc78b3b,0,1,1,1,0,0,0,0,0,0,0,0,38,15.43817138671875
ae0102b26a8970366f233adf5fc8f1e0,0,1,1,1,0,0,0,0,0,0,0,0,22,27.46405029296875
ae028c0a4eb5030fffbfc2a13272431b,0,0,1,1,0,0,0,0,0,0,0,0,32,35.64813232421875
ae0a7873f17818583e49028453891f33,0,1,1,0,0,0,0,0,0,0,0,0,37,12.38250732421875
ae166c28c247ae0b56bcce5d6494ab9c,0,1,1,1,0,0,0,0,1,1,0,0,34,10.81463623046875
ae17ed63794e54f0aa050d12de1e2b8e,0,1,1,1,0,0,1,0,0,0,0,0,35,13.32537841796875
ae1a738b9aae29a7549658b467afc2a5,0,1,1,1,0,0,0,0,0,0,0,0,24,13.46502685546875
ae1c8d2bcb3f8019a3a8e57f700e5694,0,1,1,1,0,0,0,0,0,0,0,0,100,6.77703857421875
ae2445be233bb96e672a72f5fe7e66d1,1,1,1,1,0,0,0,0,0,0,0,0,49,34.83026123046875
ae26e4d06a8bc4c22842091ae891b6db,0,0,0,1,0,0,0,0,0,0,0,1,26,36.32635498046875
ae288209d5b8aecb73f3a7072a90cf7d,1,1,1,1,0,0,0,0,0,0,0,0,100,11.94842529296875
ae2c388ae472bbfc12013cb1c597a4a7,0,0,0,1,0,0,0,0,0,0,0,0,20,18.06561279296875
ae33b4e517637d6e7f8fe3147a266dbc,0,1,1,1,0,0,0,0,0,0,0,0,32,15.59002685546875
ae34137603a9655913fd9d7112ea6fbe,0,1,1,1,0,0,0,0,0,0,0,0,25,4.58709716796875
ae383575a7e876cd48038532cc9a851b,0,0,0,1,0,0,0,0,0,0,0,0,35,37.58123779296875
ae3ab9856c8aa41f634096647d9e7171,0,0,0,1,0,0,0,0,0,0,0,0,19,11.48016357421875
ae3eb3361c4cdb8168f91bc7120b3fa3,0,1,1,1,0,0,0,0,0,0,0,0,40,7.09295654296875
ae4d44d3b1d33f49eabbb0c8ba1d94ba,0,1,1,1,0,0,0,0,0,0,0,0,3,16.27508544921875
ae5294bf76a1b756cc163def96110019,0,1,1,1,0,0,0,0,0,0,0,0,28,0.60760498046875
ae55fc6841d93a3c78ce3aaed4e305a3,0,0,0,1,0,0,0,0,0,0,0,0,32,21.80438232421875
ae6046e9ca5f6cff526cd8bd905a4404,0,1,1,0,1,1,0,1,0,0,0,0,64,17.26141357421875
ae64c01e866f565a95f390b65bdd6647,0,1,1,1,0,0,0,0,0,0,0,0,20,24.95233154296875
ae685e461632f3272774ef0f13234405,0,1,1,1,0,0,1,0,0,0,0,0,30,22.74627685546875
ae6c66eb50b47cd26fcd1f783a738fe2,0,1,1,1,0,0,0,0,1,1,0,0,37,5.02752685546875
ae6dfb2be81cec0afd42010bb71eea0f,0,1,1,1,0,0,0,0,0,0,0,0,63,30.10174560546875
ae6effca8a4f51bc5e4eec1f2c7ae218,0,1,1,1,0,0,0,0,1,0,0,0,47,18.18280029296875
ae7fabd33e3245b1ae7015205df1e040,0,1,1,1,0,0,0,0,0,0,0,0,62,34.30877685546875
ae91248c01952800d5030fa54e294bd7,0,1,1,1,0,0,0,0,0,0,0,0,32,12.87322998046875
ae924077ab05ac3d371763e15605f053,0,1,1,1,0,0,0,0,0,0,0,0,26,50.92059326171875
ae9f0054f3fe0f188ec0b35ffce48e21,0,0,1,1,0,0,0,0,0,0,0,0,29,14.39276123046875
aea0307579c1f7297d2cb321202e254b,0,1,1,0,0,0,0,0,0,0,0,0,38,27.31365966796875
aea595b49494f2e42cf9994cf1742acc,0,1,1,0,0,0,0,0,0,0,0,0,4,10.57928466796875
aeae0fc4cd5623efa8d6d2ba422bf6b2,0,1,1,1,0,0,0,0,0,0,0,0,37,10.32879638671875
aeb8ada4e5abd613dc9e18a097d9ed9a,0,1,1,1,0,0,0,0,0,0,0,0,39,26.31024169921875
aeb9a74db3108e287291d0bb3ac58766,0,1,1,1,0,1,0,0,1,1,0,0,28,18.04119873046875
aebb1296ec18c9ed136f85c208b1daa4,0,1,1,1,0,0,0,0,1,1,0,0,32,9.45574951171875
aebf9da0e5e8e9dcc9afaffcead11e22,0,1,1,1,0,0,0,0,1,1,0,0,22,1.06561279296875
aec4d305bc831ed3e9529eb3fd8a42b0,0,0,0,1,0,0,0,0,0,0,0,0,44,5.05096435546875
aec5927e2bbab404d3f94251851ec192,0,1,1,1,0,0,0,0,1,1,0,0,75,15.56317138671875
aecadc84064dc177b5d622c52a2dfc3c,0,1,1,1,0,0,0,0,0,0,0,0,11,14.46502685546875
aedbf9fcafcf8928e49109f227014851,0,0,0,0,0,0,0,0,0,0,0,0,11,29.97772216796875
aee79e7a7edec132a491367d81135392,0,1,1,1,0,0,0,0,0,0,0,0,29,-0.43243408203125
aeef97473f1bcca5faba90a45c42ec7c,0,1,1,1,0,0,0,0,0,0,0,0,33,4.64813232421875
aef5f9fd8b10bfc84f2207c41085996a,0,0,1,1,0,0,0,0,0,0,0,1,91,47.71258544921875
aefa871873ff8c486480a0d687bbabaf,0,1,1,1,0,0,0,0,0,0,0,0,54,23.37811279296875
af0e287c3749173e62df5d21cb7e7cce,0,0,1,1,0,0,0,0,0,0,0,0,45,44.67059326171875
af2545c9df6ea279ae3ecfe4ce7255e3,0,1,1,1,0,0,0,1,1,1,1,0,54,27.87811279296875
af41b66598c20ad3edd3eca40fa061e7,0,0,1,1,0,0,0,0,0,1,0,1,28,17.46209716796875
af47c56a3f81ab8cd16899d36529f725,0,1,1,1,0,0,0,0,0,0,0,0,97,15.09490966796875
af4d97c08eb06c1664fd42dfeb0cc34e,0,0,1,1,0,0,0,0,0,0,0,0,63,28.84735107421875
af508be7102032276eedfefcf5914d94,0,1,1,1,0,0,0,0,0,0,0,0,33,40.90789794921875
af51d5c103ae4827de6a76df5ce71fa4,0,0,0,1,0,0,1,0,0,1,0,0,37,11.08123779296875
af598f82b5dd815a8c8925258e3adbba,0,1,1,1,0,0,0,0,1,1,0,0,39,25.75653076171875
af5c9f503209ee7919e99e3e1b83fd99,0,1,1,1,0,0,0,0,1,0,0,0,46,9.10565185546875
af5d5fd9b7ef243e8633329f78bb8439,0,0,0,1,0,0,0,0,1,1,0,0,61,33.64422607421875
af64458241925fefcec5aec6c88b44e3,0,1,1,1,0,0,0,0,0,0,0,0,22,2.26434326171875
af6b9a062815498d8447ee1eda524f20,0,1,1,1,0,0,0,0,0,0,0,0,2,12.42156982421875
af6f45a11eb8d840bb5bf4583d8b54d8,0,1,1,1,0,0,0,0,0,0,0,0,14,23.16961669921875
af708e3062ac6f3a6260ba5d6ea5d622,0,1,1,0,0,0,0,1,0,0,1,0,35,13.15203857421875
af7d142d7911a597af4859ccbb2940ed,0,1,1,1,0,0,0,0,0,0,0,0,39,16.78924560546875
af8230ad449aae9949b36faaa2f9b970,0,1,1,1,0,0,0,0,1,1,0,0,30,6.95672607421875
af84ad368b1b2ad9aa645ce628119cc6,0,1,1,0,0,0,0,0,0,0,0,0,22,4.36199951171875
af8850a14d779cbc32da85efb53c372e,0,0,0,1,0,0,0,0,0,0,0,1,3,1.70037841796875
af8c12604e18d0f5e534c539316961a1,0,1,1,1,0,0,0,0,0,0,0,0,66,23.44647216796875
af8ed19768ec365d5191391b55c48341,0,1,1,1,0,0,0,0,0,1,0,0,5,29.60076904296875
af96e66e3d817c0917bfe3dfde0610e8,1,1,1,1,0,0,0,0,0,0,0,0,75,29.67498779296875
afa5c11060ad0523919e43138c5d3294,0,1,1,1,0,0,0,0,0,0,0,0,34,34.88055419921875
afa8bc676380d08071f3e18541879d63,0,1,1,1,0,0,0,0,0,0,0,0,86,60.14764404296875
afacc945107ed5bbb334e6d011166084,0,1,1,1,0,0,0,0,0,0,0,0,26,15.71453857421875
afaead22cac5a24c75d1be7bb6b5ab43,0,1,1,1,0,0,0,0,0,0,0,0,52,20.23944091796875
afb2dd3e00b2403c176e5ed9474f1b75,0,1,1,1,0,1,0,0,0,0,0,0,58,15.70574951171875
afbbb6b6c6a9a49b88d06eda5b74df69,0,1,1,0,0,0,0,0,0,0,0,0,87,13.79266357421875
afbeea2fa27f1e8fa68d4b3febe8e1fd,0,0,0,1,0,0,0,0,0,0,0,0,73,13.52362060546875
afc1ad7f0c5eea880759d09e77f7deee,0,1,1,1,0,0,0,0,0,0,0,0,41,25.70330810546875
afcb3879118e7d07c1f1a5f942392b32,0,0,0,1,0,0,0,0,0,0,1,0,26,7.94012451171875
afd4bfded181ccf93432a03a843c0003,0,1,1,1,0,0,0,0,0,0,0,0,21,7.16815185546875
afeb8861cf17f1c1771645a4264f09af,0,1,1,1,0,0,0,0,0,0,0,0,13,5.59686279296875
aff0f963d24f0e5b25499e4acdaacca6,0,1,1,1,0,1,0,0,0,0,0,0,36,13.93670654296875
aff11205506ee57e1b7eee86b16d04d7,0,1,1,1,0,0,0,0,1,1,0,0,18,15.79705810546875
aff2eac1dfbd091d6923ef08b0c0bac5,0,1,1,1,0,0,0,0,1,0,0,0,26,9.45086669921875
aff5d0e574f604263783f2a9be233d5a,0,1,1,1,0,0,0,0,0,0,0,0,43,20.74090576171875
b002a594c7ce9c05ecb825c4a0014624,0,1,1,1,0,0,0,0,0,0,0,0,42,4.40106201171875
b00612cbe21b16062dcd0bfeb6fe993c,0,1,1,0,0,0,0,0,0,0,0,0,39,-3.94317626953125
b00bc9e0ebf81ebaf51797632e850f78,0,1,1,0,0,0,1,0,0,1,0,0,45,9.39373779296875
b01370ced739e3df1d3534a782a471bd,0,1,1,1,0,0,0,0,1,0,0,0,37,27.58270263671875
b01af5d7da5969cf2405a3a78b13956a,0,0,0,0,0,0,0,0,0,0,1,1,73,25.31805419921875
b01afffa62bf42c33bae926e7010b4ac,0,1,1,1,0,0,0,0,0,0,0,0,28,2.97674560546875
b0234bab7245c32a0a09f94cdd7f4f13,0,1,1,0,0,0,0,0,0,0,0,0,38,55.09881591796875
b02fae477f919f8923e4f569b6a43931,0,0,1,1,0,0,0,0,0,0,0,1,26,48.93670654296875
b032a1fd0d4dcab961dbb425e62dbb77,0,1,1,1,0,0,0,0,0,0,1,0,90,26.27508544921875
b041f3f600d76ed17c9b6ad3a7d73c6d,0,1,1,1,0,0,0,0,0,0,0,0,100,13.43865966796875
b045321c10ea99dc3e7757867ddd3b0c,1,1,1,1,0,0,0,0,0,0,0,0,30,25.11248779296875
b04d3495b5a69577b0b15086f495bcf0,0,1,1,1,1,0,0,0,0,0,0,0,32,49.54315185546875
b04e857238d0692dfa2a09e9ac822df3,0,0,0,1,0,0,0,0,0,0,0,0,37,25.03973388671875
b04f5ac5a4009bfceb5c1bd46777a104,0,0,0,1,0,0,0,0,0,0,0,0,35,14.27947998046875
b0541c0ff52ef12e10f9b778007be284,0,1,1,0,0,0,0,0,0,0,0,0,37,13.36737060546875
b05d64b671a7c82bff57937bbb126625,0,0,0,1,0,0,0,0,0,0,0,0,36,46.28533935546875
b05f0e7aa215db49648d4bfa5b863247,0,1,1,1,0,0,0,0,0,0,0,0,31,15.32147216796875
b06367d0a464d090fc4f868860aba239,0,1,1,1,0,0,0,0,0,0,0,0,28,14.35955810546875
b06d663148b645c44b27b558ca549ddd,1,1,1,1,0,0,0,0,0,0,0,0,50,18.74725341796875
b078d8afee107335533d9a5e29dfd103,0,1,1,1,0,0,1,0,0,0,0,0,48,26.87957763671875
b08611c3b74c5f14fb7bce33606df8dd,0,0,0,1,0,0,0,0,1,1,0,0,70,17.23114013671875
b088361fa4dd8f112b5d1d10ea5ed208,0,0,1,1,0,0,0,0,0,0,0,1,62,13.42449951171875
b08beeb827f7fd4fb689fa0a6ca7455e,0,0,1,0,0,0,0,0,0,0,0,0,37,24.00799560546875
b094cec5653ad8e059acf792889894ff,0,1,1,1,0,0,0,0,0,0,0,0,20,2.82830810546875
b09f121f9f90864b7875442f118a7955,0,1,1,1,0,0,1,0,1,0,0,0,4,32.59442138671875
b0a71331b96cf7e3ab623b8e1066d5f0,0,0,1,1,0,0,0,0,0,0,0,0,12,34.72772216796875
b0c707d3fcf4bcd08842aa79176c62fd,0,0,0,1,0,0,0,0,1,1,0,0,38,21.67596435546875
b0d91e000740be71197e2afbcff0a726,0,1,1,1,0,0,0,0,1,1,0,0,18,24.05535888671875
b0e0020629616caa812d9e61881e86f9,0,1,1,1,0,0,0,0,0,0,0,0,9,63.14862060546875
b0e2450d2d407dfc6b689c3bbe20a6fe,0,1,1,1,0,1,0,0,0,0,0,0,29,23.89178466796875
b0e36dbf5d69ff56edb8972f4f644364,0,1,1,0,0,0,0,0,0,0,0,0,34,30.22625732421875
b0e5c676e455f0ee301c922de79eeb29,0,1,1,1,0,0,1,0,1,1,0,0,29,4.36151123046875
b0e85fb31c2fbdd04086b7888f581de7,0,0,1,1,0,0,0,0,0,0,0,0,35,10.93084716796875
b0e99309070457f9293deb77158727e0,0,0,1,1,0,0,0,0,0,0,0,1,69,26.89324951171875
b0ff1f48d671c16cd4e4475de4b891e2,0,1,1,1,0,0,0,0,0,0,0,0,46,11.80584716796875
b103d87752df0d804addf951fa0f8b96,0,0,0,1,0,0,0,0,0,0,0,0,28,14.49578857421875
b10613a117652f2ec454020f75f79ffc,0,1,1,1,0,0,1,0,0,0,0,0,36,16.94354248046875
b1067a5711c56e3012b50fbd1812b026,0,1,1,0,0,0,1,0,0,1,0,0,57,32.94647216796875
b1124ac5f5ef78cd26573da35f24402a,0,1,1,1,0,0,0,0,0,0,0,0,37,16.36883544921875
b113ce3d2dfb3a2ae02d1bd6e536c07f,0,1,1,1,0,0,0,0,1,1,0,0,29,8.58123779296875
b12105d86f708d05cacadba140f05404,0,1,1,1,0,0,0,0,0,0,0,0,47,12.37371826171875
b121d90dac024531499e7f18df9081e7,0,1,1,1,0,0,0,0,0,0,0,0,49,11.92742919921875
b126decc24253856cd4d1d41ce5a0efe,0,1,1,1,0,0,0,0,0,0,1,0,27,19.95428466796875
b127a950189438abb47534bd4670ea9a,0,1,1,0,1,1,0,1,0,0,0,0,31,26.12225341796875
b127b421ed1386eb07d263b26d348506,0,0,1,1,0,0,0,0,0,0,0,1,18,47.30584716796875
b13ecfa2c822038095cfa8046d0f7e83,0,1,1,1,0,0,0,0,0,0,0,0,29,26.63397216796875
b148cbea87c3dcc65a05b15f78910715,0,1,1,0,0,0,1,1,0,0,0,0,43,15.23748779296875
b14d372ee3c8d367d01bb5ef9ae65db9,0,1,1,0,0,0,0,0,0,0,0,0,30,4.24432373046875
b1536305fb2611a4f127e29092d9694a,0,1,1,1,0,1,0,0,1,1,0,0,25,14.71063232421875
b15e423021d5cb0b818a35263837770e,0,1,1,0,0,0,0,0,0,0,0,0,37,46.49822998046875
b164750c6a8b039f50560d41fc3fa6d2,0,0,0,1,0,0,0,0,0,0,0,0,21,12.74920654296875
b16c4312f3ed5b61e474453627a61348,0,1,1,1,0,0,0,0,0,0,0,0,3,13.99285888671875
b17771cf6be6457f6374f276ccf8d321,0,1,1,1,0,0,1,0,0,0,0,0,49,17.56658935546875
b1803a0d5f43b53be9b7dce9a44530dc,0,1,1,1,0,0,0,0,0,0,0,0,50,6.49871826171875
b1839a5890604a26e674ba536a8991f9,0,1,1,1,0,0,0,0,1,1,0,0,30,15.63641357421875
b184e6112a1671f4a7e04977c33bd3fb,0,1,1,0,0,0,1,0,0,0,0,0,68,19.56170654296875
b18798cfd1864fdccb68e3581339a4cd,0,1,1,1,0,1,0,0,1,1,0,0,48,7.80877685546875
b18d3c010425d8bdd8e413594657bc00,0,0,0,1,0,0,0,0,0,0,0,0,40,30.53192138671875
b18e40e5bdbdefc3c157b445735fab36,0,1,1,1,0,0,0,0,1,0,0,0,79,50.39373779296875
b190f25b33bd52a8aae8fd81bd069888,0,1,1,1,0,0,0,0,0,0,0,0,16,10.79119873046875
b19a4dbba4906138f2d76d5210ccc2cf,0,0,0,0,1,0,0,0,1,0,0,0,41,16.31951904296875
b19c7e95eb9f500aec8143786852487a,0,0,1,1,0,0,0,0,1,1,0,1,23,11.40545654296875
b1a1616527e14c8ded33d6e0802ea1e0,0,1,1,1,0,0,0,0,0,0,0,0,9,14.10662841796875
b1a59a088388728453ab21cdd9173236,0,1,1,1,0,0,0,0,0,0,0,0,55,41.42840576171875
b1a71c6f1943bd1e7c40f0ed09fb996a,0,1,1,1,0,0,0,0,0,0,0,0,23,11.58221435546875
b1a882aed83ee25fa847293de4203f65,0,1,1,1,0,0,0,0,0,0,0,0,24,16.74041748046875
b1b82f3f2e63e6da7d0da7889b9b1343,0,1,1,1,0,0,0,0,0,0,0,0,49,8.22381591796875
b1c58889d057e68b8ef59dc61683888c,0,1,1,0,0,0,0,0,0,0,0,0,30,34.20233154296875
b1d2dc1fa65fe7c29da765c0ad7b2895,0,1,1,1,0,1,0,0,0,0,0,0,49,19.85223388671875
b1d399b96683e42ed98b5d1631b8fb56,0,1,1,1,0,0,0,0,0,0,0,0,31,14.80145263671875
b1df0821a92d7c238127bacccd7712d7,0,1,1,1,0,0,0,0,0,0,0,0,57,37.09197998046875
b1e390565bf98b9cf5c81ee61374fb1a,0,0,1,1,0,0,0,0,0,0,0,0,26,7.28338623046875
b1f621f0c2d1f6a7ff1ecc7c94924c03,0,1,1,0,0,0,0,0,0,0,0,0,22,16.45574951171875
b20564ae027e01803375ad346d69eb6e,0,1,1,1,0,0,0,0,0,0,0,0,69,13.24237060546875
b216984e588ccfd786e073dee8a1fac2,0,1,1,1,0,0,0,0,0,0,0,0,3,44.50262451171875
b21b3b5124dd4c49535d195b92d49232,0,1,1,1,0,0,0,0,0,0,0,0,27,32.05975341796875
b2236d9326f1d957abd3683217d12795,0,1,1,1,0,0,0,0,1,1,0,0,28,26.37322998046875
b223aab6ccdeffcf134fd9f815c53876,0,0,1,1,0,0,0,0,0,0,0,1,29,19.67694091796875
b2251d2a9cdc7ef464264b3d8e546e8a,0,1,1,1,0,0,1,0,1,1,0,0,30,-3.78302001953125
b2259ba69ff094483beae27c2ee871c8,0,1,1,1,0,0,0,0,0,0,0,0,94,18.03729248046875
b2279a58547b9bfe9895e89ea4d9bbab,0,1,1,1,0,0,0,0,0,0,0,0,52,13.25213623046875
b22844255f27ad5a337f50ce9cbb24c7,0,1,1,1,0,0,0,0,1,1,0,0,46,20.75115966796875
b2312271c1fffc5ebefec12caed0c138,1,1,1,1,0,0,0,0,0,0,0,0,49,34.04119873046875
b23f231d310285b987154ac66ea6db43,0,1,1,1,0,0,0,0,0,0,0,0,74,26.49481201171875
b24e4f279024fcee0ca115c422b7cf50,0,1,1,1,0,0,0,0,0,0,0,0,23,41.12615966796875
b25505736545e3f5320d046fdeb58ee7,0,0,1,1,0,0,0,0,0,0,0,0,26,42.49530029296875
b2756ed9923ebf2b341573bbed20a02c,0,1,1,1,0,0,0,0,0,0,0,0,31,29.22821044921875
b27a0c647b10ba784846e33006934780,0,1,1,1,0,0,0,0,0,0,0,0,66,15.82147216796875
b27d03d4a6096b09d48b480ff41da753,0,1,1,1,0,0,0,0,0,0,0,0,33,24.69256591796875
b2818a7542424d8c804d3db04591d8b7,0,1,1,0,0,0,1,0,0,1,0,0,58,10.59539794921875
b285df6b825d55eb6fe2da7ec613f719,0,1,1,1,0,0,0,0,0,0,0,0,37,8.11981201171875
b28b784d0d79c33b413f3554af315dec,0,1,1,1,0,0,0,0,0,0,0,0,6,6.93768310546875
b290c9b835cca6a900d617687a7125ab,1,1,1,1,0,0,0,0,0,0,0,0,31,24.87811279296875
b295d62251a0e5e756e660a4024d9724,0,1,1,1,0,1,0,0,0,1,1,0,44,19.31805419921875
b2a003d0e764213c74c72a211f2e643d,0,1,1,1,0,0,0,0,0,0,0,0,30,15.14666748046875
b2a20081ed246f246d75876cebdc3ccb,0,0,1,1,0,0,0,0,0,0,0,1,43,48.86248779296875
b2a34a7a7c2ecf1e961bca0947c04997,0,1,1,1,0,0,0,0,0,0,0,0,47,15.27850341796875
b2a389311b683a90c3c9763540a86bab,0,1,1,1,0,0,0,0,0,0,0,0,2,12.30584716796875
b2b33019cbf1c08d70f254d6c223a0bb,0,0,1,1,0,0,0,0,1,1,0,1,18,17.17401123046875
b2d440d72491b5c449bd5c13fef3621d,0,1,1,1,0,0,0,0,0,0,0,0,20,8.58123779296875
b2e064c5e1b853aa46701f88701e99ce,0,1,1,1,0,0,0,0,0,0,0,0,50,8.53729248046875
b2e2607e1b1eb5ef5df134712ccf8810,0,1,1,1,0,0,0,0,0,0,0,0,75,40.93865966796875
b2e99c402bf385b05e00682c9f41c37d,0,1,1,1,0,0,0,0,0,0,0,0,25,1.50848388671875
b2ea89abedeea73548b30acb0eed8bac,0,1,1,1,0,0,1,0,0,0,0,0,16,22.45526123046875
b2eba4c0086725d6b67aacac5909b3a8,0,0,1,1,0,0,0,0,0,0,0,0,28,28.37322998046875
b2eed3052c0e2d8965dfea7b50d04676,0,1,1,1,0,0,0,0,0,0,0,0,100,27.26336669921875
b2f9d8bb2189576061fcb20470cfe2a8,0,1,1,1,0,0,0,0,0,0,0,0,67,18.15399169921875
b2ff4bae679a31a57d7c4c4beffb04ab,0,1,1,1,0,0,0,0,0,0,0,0,86,10.12713623046875
b30a3411f326702d0884ccc9d544fdf2,0,1,1,1,0,0,0,0,0,0,0,0,64,7.80487060546875
b3117b6ac4b88cae8cf3500635c0390e,1,1,1,1,0,0,0,0,0,0,0,0,100,5.04071044921875
b31235d2eee8023e835e7a5082db2ba0,0,1,1,1,0,0,0,0,0,0,0,0,39,1.15594482421875
b316ea37cde52bd967f345b9ff9605d5,0,1,1,0,0,0,1,0,1,1,0,0,46,19.09979248046875
b318d41084469931ab163fa86632530a,0,0,0,1,0,0,0,0,1,0,0,0,64,22.62518310546875
b330b86b7ea8d39c097532469d0d48d7,0,1,1,0,0,0,0,0,1,0,0,0,30,21.27264404296875
b33483650e8784df16019b9e7e7a30e0,0,0,0,1,0,0,0,0,0,0,0,0,43,7.54998779296875
b344df029e8193190fc7492a18a5ba52,0,0,0,0,1,0,1,0,0,0,0,0,32,5.67547607421875
b349bee4609eb7295cf97fbe3d345052,0,1,1,1,0,0,0,1,0,0,0,0,46,5.20037841796875
b34f182c27a844674ccc4d3a9e10dfda,0,1,1,1,0,0,0,0,1,0,0,0,28,28.68524169921875
b350b7321a070b80750ca1956de8bc5a,0,0,1,1,0,0,0,0,0,0,0,0,36,50.95867919921875
b352d6fbd3155d31c27aa60e7b22f953,0,1,1,1,0,0,0,0,0,0,0,0,8,38.72869873046875
b36d00638c972277fd27364c1c53d4ee,0,1,1,1,1,0,0,0,1,1,0,0,37,21.73797607421875
b37124289414ea460afb6e8ae1bad9a5,0,1,1,1,0,0,0,1,0,0,1,0,59,18.30828857421875
b37474c1f5a01aaa3c69ef8eaa70a4a9,0,0,1,0,0,0,0,0,0,0,0,0,50,20.71649169921875
b377435862703e197731c102bb7f6689,0,0,1,1,0,0,1,0,0,0,0,0,4,6.31268310546875
b3775aee64f44f766c337c844bed6e71,0,0,1,1,0,0,0,0,0,0,0,0,38,19.55731201171875
b37915f3b5687d7cfec3d46d55057bbf,0,1,1,1,0,0,0,0,1,1,1,0,35,1.64471435546875
b37e07359ae2f9b1371de3167a531f27,0,0,0,1,0,0,0,0,0,0,0,0,22,28.88397216796875
b380a8efda8d553508963c15d4b41531,0,1,1,1,0,0,0,0,0,0,0,0,40,9.12664794921875
b383a8fa9a5a6064169312e92a2910c8,0,0,1,1,0,0,0,0,0,0,0,0,21,26.11444091796875
b3851459ad0284750a7a90361de55f3f,0,1,1,1,0,0,0,0,0,0,0,0,81,33.27020263671875
b38957ea0774102250c47ac1e8bbba16,0,1,1,1,0,0,0,0,0,0,0,0,27,17.07537841796875
b389efcff4f0438737c4a9bf7cb5c98a,0,1,1,1,0,0,0,0,1,0,0,0,31,10.48651123046875
b38ea25f625bed3ce800290cd1c3fc1f,0,1,1,1,0,0,0,0,0,0,0,0,40,15.15594482421875
b38ef698544db280b2180895fe7e1d09,0,1,1,0,0,0,1,0,1,1,0,0,100,18.38006591796875
b399cdfecf880e5dda931dd0da050295,1,1,1,1,0,0,0,0,0,0,0,0,24,9.91815185546875
b39e043547bb6632791e993f2a3c15af,0,1,1,0,0,0,0,0,0,0,0,0,17,13.45819091796875
b3a6bea4bcda817fcdfe66251b833f5b,0,1,1,1,0,0,0,0,1,1,0,0,48,21.91473388671875
b3a6c73c8d88e6685425afbff2fd3ba3,0,1,1,1,0,0,0,0,0,0,0,0,16,19.43084716796875
b3aa7c67d94f3ad932c9e749fc15ef22,0,0,1,1,0,0,0,0,0,0,0,1,27,43.25897216796875
b3b89aea6e0cdc9f3cae16cf9dd317c9,0,1,1,1,0,0,0,0,1,1,0,0,14,20.17596435546875
b3c023d767aedfb99a6f63ba6975d6f3,0,0,1,1,0,0,0,0,0,0,0,0,30,13.84295654296875
b3c14b2a87ca1b925889862f8d94c0e1,0,1,1,1,0,1,0,0,0,0,0,0,27,46.66278076171875
b3c689ea4b70fba3089a1d364862eb7c,0,1,1,1,0,1,0,0,0,0,0,0,29,11.70623779296875
b3c709c39990be67ad005621e8fb5b9d,1,1,1,1,0,0,0,0,0,0,0,0,55,28.29022216796875
b3de0c3ae03c128cca41b7647a53293b,0,1,1,1,0,0,0,0,0,0,0,0,28,32.64910888671875
b3e11ede8caddfbe0e6c0905717bef76,0,0,1,1,0,0,0,0,0,0,0,0,28,7.69647216796875
b3e3986fdb7c49cf04e09e3eabe7ed15,1,1,1,1,0,0,0,0,0,0,0,0,31,17.66522216796875
b3ef1d5d97987e8e4ff8f79189c258f7,0,1,1,0,0,0,0,1,0,0,1,0,37,29.64813232421875
b3f838766e60f5686c75943bc69614c0,0,1,1,1,0,1,0,0,0,0,0,0,23,26.30975341796875
b3f845cb4cf5944ca2568a37e3f35811,0,1,1,1,0,0,0,0,0,0,0,0,14,13.17303466796875
b3fa6a7805b7479a09b1d56cea36f21b,0,1,1,1,0,0,0,0,0,0,0,0,26,28.36492919921875
b3ff602e63c0aaaf17be904a77552d06,0,1,1,1,0,0,0,0,0,0,0,0,55,3.17498779296875
b405eecf551b8ac540197ecffc99a9b0,0,1,1,1,0,0,0,0,1,1,0,0,13,9.63153076171875
b4061b79fa1c0c4287c43a3fabc20177,0,0,1,1,0,0,0,0,0,0,0,1,62,22.42645263671875
b40a0db21a9575a1a21aedab792be4ad,0,1,1,1,0,0,1,0,0,0,0,0,14,19.22283935546875
b4121119566909eb07f31f3379f53b59,1,1,1,1,0,0,0,0,0,0,0,0,16,16.59832763671875
b4173544c9773bac5d5910d524a3a2f5,0,1,1,1,0,1,0,0,0,0,0,0,18,11.32684326171875
b42907d9b673a42048bd2869b36bfe53,0,1,1,0,0,0,1,0,1,0,0,0,40,30.10565185546875
b42b3e7848a0f0a8f3d25bc2061890e2,0,0,0,1,0,0,1,0,0,0,0,0,6,22.88299560546875
b4303e442a56f04c8847397cc02eaed6,0,1,1,1,0,0,0,0,0,0,0,0,100,43.78729248046875
b440584bc8495499a7d52f82aba64db5,0,1,1,1,0,0,0,0,0,0,0,0,35,37.61541748046875
b442261be1068243269ba1dda9f60270,0,1,1,1,0,0,0,0,0,0,0,0,100,28.97039794921875
b4539c5306bd10ce71c75b17d2cf3da0,0,1,1,1,0,0,0,0,0,0,0,0,32,9.13983154296875
b458ea6f022734fa26a2806c74de733a,0,1,1,1,0,0,0,0,0,0,0,0,27,14.61541748046875
b473016afe963817d9fd730377a09121,0,1,1,1,0,0,0,0,0,0,0,0,23,2.24432373046875
b4762877969af3547fd35a2991b53442,0,1,1,1,0,0,0,0,0,0,0,0,31,42.23016357421875
b47b1af0d773bd811a5eeb35741dfdc0,0,0,0,1,0,1,0,0,0,0,0,0,73,-1.72833251953125
b484505a20504791a60bad0e5d20f9f7,0,0,1,1,0,0,0,0,1,0,0,1,27,21.95916748046875
b48465610839fa0c327984169fca7a16,0,0,0,0,0,0,1,0,0,0,0,0,18,18.76678466796875
b487b0bb0bcb8572aff35007d17f203b,0,1,1,1,0,0,0,0,0,0,0,0,31,7.89422607421875
b487e377f00c4827f92aadf869cf70f5,0,1,1,1,0,0,0,0,1,1,0,0,32,24.82391357421875
b48e7eeccf46419639a2f52441a35a19,0,1,1,1,0,0,0,0,0,0,0,0,27,2.96746826171875
b4903a95871657666df16231326fc0ba,0,1,1,1,0,0,0,1,0,0,1,0,19,46.28924560546875
b491da49e41cfe9db8bda6a74ea25ce2,0,1,1,1,0,0,0,0,0,0,0,0,19,32.64422607421875
b494b4cc9a7ea726ba28362f47b19b48,0,1,1,1,0,0,0,0,0,0,0,0,36,18.26971435546875
b497492bc14809a6f35cba952642b68f,0,0,1,0,0,0,0,0,0,0,0,0,12,62.32293701171875
b49936cdc657d55a85f8f831e69f8c9a,0,1,1,1,0,0,0,0,0,0,0,0,34,26.65399169921875
b49ad3aac4296376d7520445a27726de,0,1,1,1,0,0,0,0,1,1,0,0,17,23.53778076171875
b49bf6de708a0ea3c9d64a13964db787,0,1,1,1,0,0,0,0,0,0,0,0,32,24.89813232421875
b4a2ada25df4490659fb38df568e3051,0,1,1,1,0,0,0,0,0,0,0,0,12,23.23260498046875
b4a403a0eebb92f667734414edd2f293,0,1,1,1,0,0,0,0,0,0,0,0,28,10.16912841796875
b4a81566ff73c281ed54905f34741b01,0,1,1,1,0,0,0,0,0,0,0,0,43,20.94696044921875
b4a8996a2e8f5c4343bf866267754522,0,1,1,1,0,0,0,0,0,0,0,0,32,14.32830810546875
b4b25a1a7094feaff2875628d9aa26d1,0,1,1,1,0,0,0,1,0,0,0,0,84,15.54071044921875
b4b5551e8862448e2fb55232d050773f,0,1,1,1,0,0,0,0,0,0,0,0,31,14.12615966796875
b4b662dfc2b2dfb8b76899681541b472,0,1,1,1,0,0,0,0,0,0,0,0,71,38.76629638671875
b4ca92d5f3ad8b0d49482fdc8abdcc84,0,1,1,1,0,0,0,0,0,0,0,0,24,12.49725341796875
b4d6b61ef0899ba56800acd197fd05fb,0,1,1,1,0,0,0,0,0,0,0,0,30,3.21502685546875
b4d8d5eb8d073dc3416fd7c21d0c3a6d,0,1,1,1,0,0,1,0,0,0,0,0,54,30.07781982421875
b4da1885d1b1b8da01ba2da0735211a8,0,1,1,1,0,0,0,0,0,0,0,0,11,17.25408935546875
b4db66d20b03215afe4e31069a9c0acb,0,1,1,1,0,0,0,0,0,0,0,0,43,20.09197998046875
b4df3725315c4b55ed5bdec466608879,0,1,1,1,0,0,0,0,0,0,0,0,71,9.61541748046875
b4ebd690c2b69803b1cd38786c8b7bfc,0,1,1,1,0,0,0,0,0,0,0,0,11,11.75799560546875
b4ecd098640641784e087abb145a1f2b,0,1,1,1,0,0,0,0,0,0,0,0,21,0.71307373046875
b4ef23ed5fcd408958bc0235cf531abd,0,1,1,1,0,0,0,0,1,1,0,0,32,1.36639404296875
b4f8866c4a0643c3305c35b04a8e8aec,0,1,1,1,0,0,0,0,0,0,0,0,42,26.53289794921875
b50c2590a3dcd92c39d2b507d050749f,0,1,1,1,0,0,0,0,0,0,0,0,31,12.48895263671875
b50d5a870be7ce4feb5c154c5e69f1b2,0,0,1,1,0,0,0,0,1,1,0,0,24,15.51824951171875
b50dead67dc45649587acb30e65ab201,1,1,1,1,0,0,0,0,0,0,0,0,39,-0.01788330078125
b50efc7fb0a240c573f9c68b450c1187,0,0,0,0,0,0,1,0,0,0,0,1,74,20.66912841796875
b5144b9e955f10573e9e844217c55f05,0,1,1,1,0,0,0,0,0,0,0,0,31,10.00115966796875
b517a911a6c7b9ef84b7b94813103327,0,1,1,1,0,0,0,0,0,0,0,0,2,34.53631591796875
b5191d76ee16e82718322cb6b7e35921,0,1,1,1,0,0,0,0,0,0,0,0,51,24.70819091796875
b51a4675859a987935b3b28341e0181c,0,1,1,1,0,0,0,0,0,0,0,0,48,9.40985107421875
b527270bc6d68256bca2749e2e0863de,1,1,1,0,0,0,0,0,0,0,0,0,35,62.01092529296875
b52950b82dfc36a597f9f0d02b8787ad,0,1,1,1,0,0,0,0,0,0,0,0,44,9.85858154296875
b5347a4957bcc323ba3ee6482dd1ec88,0,1,1,1,0,0,0,0,0,0,0,0,30,15.14764404296875
b53d6b842af952eba196e1c8014e0c8e,0,0,0,1,0,0,0,0,0,0,0,0,42,10.23455810546875
b53ec8667c162cedebab9061837c7fbe,0,1,1,1,0,0,0,0,1,1,0,0,40,24.53436279296875
b540d98c64c0e7c6900182991bc21f1f,0,1,1,1,0,0,0,0,0,0,0,0,100,29.43865966796875
b54266f3fbfe8f8e24b77233ef6960b7,0,0,1,1,0,0,0,0,0,0,0,1,13,10.93524169921875
b5450c0ee3436529bcefc60efc7bc26a,0,1,1,1,0,0,0,0,0,1,0,0,23,26.68084716796875
b549eff63148657e06c4c27bbcf20f40,0,1,1,1,0,0,0,0,0,0,0,0,23,14.22283935546875
b54c1174822ec18f2bc471c440318466,0,1,1,1,0,0,0,0,0,0,0,0,26,9.46307373046875
b55cef43ac3bdf14e5ae188de46e52d8,0,1,1,1,0,0,0,0,0,1,1,0,43,23.49871826171875
b55e74c7900d6b9ffed4507578c777ff,0,1,1,1,0,0,1,0,0,0,0,0,53,28.05828857421875
b562981703f3b07963dfca632da2a675,0,1,1,1,0,0,0,0,0,0,0,0,34,20.20867919921875
b564131785a9287256f6e10baf3462ea,0,1,1,1,0,0,0,0,0,1,0,0,31,52.23846435546875
b564f94b151501411b9571a7741c391c,0,0,1,0,0,0,0,0,0,0,0,0,2,12.07049560546875
b572b718d79d8598672178dee5f1f98e,0,1,1,1,0,0,0,0,1,1,0,0,29,17.04119873046875
b5748513efee33fac7ee56d6cde4f14c,0,1,1,1,0,0,0,0,1,1,0,0,47,13.99725341796875
b5857b7aa9f426f11dbda1c4c2fc0b20,0,1,1,1,0,0,0,0,0,0,0,0,100,38.13104248046875
b598224ec52428e36dc01093913ed349,1,1,1,1,0,0,0,0,0,0,0,0,42,9.06512451171875
b59a23e2695ec22ce7042a1bb689cbcf,0,0,1,1,0,1,0,0,0,0,0,0,36,41.17645263671875
b5c3b07c1cb5c44766c293e46db3561e,0,1,1,0,0,0,0,1,0,0,0,0,32,33.77899169921875
b5c423780940c61b00792ae11888d6a5,0,1,1,1,0,0,1,0,1,0,0,0,32,18.53729248046875
b5c6d24b551732a75b99a53c3c305fbf,0,1,1,1,0,0,1,0,0,0,0,0,26,50.76239013671875
b5d5bdd17785b2fe9b44b5f94b7eb22e,0,1,1,1,0,0,1,0,0,0,0,0,45,30.42108154296875
b5d6ab0a9b5cbbdb080b245ffbc5a835,0,1,1,1,0,0,0,0,0,0,0,0,19,30.26385498046875
b5dd2c5068363fef61de2cdb27be7cd2,0,1,1,1,0,0,0,0,0,0,0,0,28,23.20428466796875
b5e088eac99bde48cc14ae7a602639e7,0,1,1,1,0,0,0,0,0,0,0,0,60,1.14959716796875
b5e16f242bb8658a30df68bd79e15b56,0,1,1,1,0,1,0,0,0,0,0,0,100,13.79949951171875
b5e182b1d4c5a5d8cfe7258b9c64c189,0,1,1,1,0,0,0,0,0,0,0,0,12,31.82830810546875
b5e52d5445b9f2b8df8aff280504426a,0,1,1,1,0,0,0,0,0,0,0,0,3,24.97576904296875
b5ead9ca987b20cbb185ee3b1bba1a8d,0,0,1,1,0,1,0,0,0,0,0,1,37,55.06072998046875
b5f29b8fa07451489be7d8e485167b93,0,0,1,0,0,0,0,0,0,0,0,1,61,20.70428466796875
b5ff2af3202881a12bbecb4a150cbfc9,0,1,1,1,0,0,0,0,0,0,0,0,28,4.69061279296875
b6004a1d03498ef6ef362685e38535e2,0,1,1,1,0,0,0,0,0,0,0,0,28,32.03680419921875
b601f4c8dd2b6c5757fd7522c6822284,0,1,1,0,0,0,0,0,0,0,0,0,32,13.99237060546875
b605297747508fc8b886f4fdeed91739,1,1,1,1,0,0,0,0,0,0,0,0,24,15.81317138671875
b60dc1be0039a606969c1d688b869986,0,1,1,1,0,0,0,0,0,0,0,0,42,16.50018310546875
b60e82fd313066b801fa4431d1ce4f4e,0,1,1,0,0,0,0,1,0,0,0,0,64,16.56170654296875
b612ba67a7ca7c32f8f9b589547496f0,0,1,1,1,0,0,0,0,0,0,0,0,100,81.27557373046875
b61792bbf9e5b9e5e942d36ff1964b5c,0,1,1,1,0,0,0,0,1,1,0,0,46,32.57489013671875
b619cd8ab8064cc4f53417e6d24cdfd4,0,1,1,1,0,0,0,0,1,1,0,0,33,10.97381591796875
b61f3edccea5f41b859e6ad8d1343926,0,1,1,1,0,0,0,0,0,0,0,0,24,13.42498779296875
b623328c451216873105ceac303ec228,0,1,1,1,0,0,0,0,0,0,0,0,30,13.36639404296875
b62c7148e72cc49d0ee89c4a523d56be,0,1,1,1,0,0,0,0,1,1,0,0,31,12.18719482421875
b62fef4015a247d6825569daf8044aaf,0,0,1,1,0,0,0,0,1,1,0,1,56,25.48553466796875
b633493ca4724ec64e754a6100100658,0,1,1,1,0,0,0,0,0,0,0,0,30,32.46942138671875
b63601d46c7d74f6be619a1c14f3e0a6,0,1,1,1,0,0,0,0,0,0,0,0,69,4.60565185546875
b641c861576621f61b09965490810b6c,0,1,1,1,0,0,0,0,0,0,0,0,26,7.73260498046875
b650ba15052b67cd0c06fc88be9691f7,0,1,1,1,0,0,0,0,0,0,0,0,22,7.56756591796875
b6557d0630091ddb75fc2828cbdccd32,0,0,0,0,0,0,0,0,0,0,0,0,23,14.64422607421875
b65668926b8e2970bc66e46304a1c783,0,1,1,1,0,1,0,0,0,1,0,0,24,15.00555419921875
b65744e4f2479230d553e9e753098af8,0,1,1,0,0,0,0,0,1,0,0,0,23,11.70330810546875
b65eaed98a65afc9773a1454217799c8,0,0,1,1,0,0,0,0,0,0,0,1,16,14.78729248046875
b6648959b96e322b259352889f7922eb,0,0,1,1,0,0,0,0,0,0,0,0,60,10.23260498046875
b6745a3e80c05c47ceb7ef2738acc9c7,1,1,1,1,0,0,0,0,0,0,0,0,55,22.33367919921875
b6899aa4c5ab3cdcdc383e235300a278,1,1,1,1,0,0,0,0,0,0,0,0,23,8.74481201171875
b694201cfab47e39629a11c31c4d10bb,0,1,1,1,1,0,0,0,0,0,0,0,98,9.84002685546875
b694303c9b9ae4571a94b6d742eb7073,0,1,1,1,0,0,0,0,0,0,0,0,33,11.94940185546875
b69c3d32a120a8c37a75765ce516b7c1,0,1,1,1,0,0,1,0,0,0,0,0,24,10.16229248046875
b69f616d2ae9a5529d65eaf266590b70,0,1,1,1,0,0,0,0,0,0,0,0,28,20.74139404296875
b6a32638a58cf0deb850ec2f690a777e,0,1,1,1,0,0,0,0,0,0,0,0,95,21.98553466796875
b6b5faf94c0ecfe009731e8a4aa2a311,0,0,0,1,0,0,0,0,0,0,0,0,25,22.55291748046875
b6c217bb4b9b69294a3637a2c2c22133,0,0,1,0,0,0,0,0,0,1,0,0,95,9.06121826171875
b6c39c9745997d87549f931395d43fbb,0,0,1,1,0,0,0,0,0,0,0,1,25,39.86688232421875
b6d4950eea07b6d2c0bf115e3b5bed29,0,0,1,1,0,0,0,0,0,0,0,1,38,17.56317138671875
b6d63fee3e74a9f30bf735248f63f60d,0,1,1,1,0,0,0,0,0,0,0,0,28,18.70819091796875
b6da46b4dd925a6de5939478ead267a5,0,1,1,1,0,0,0,0,1,1,0,0,53,18.97772216796875
b6eaa5e5c19ef01e6aab16ffa41f3fa7,0,0,1,1,0,0,1,0,0,0,0,1,30,50.94256591796875
b6efedddb349a7af477879a45ab3c63d,0,0,0,0,0,0,1,0,0,0,0,1,37,42.16619873046875
b6f29ea430ef1df6741fffc700e13a21,0,1,1,1,0,0,0,0,0,0,0,0,30,19.62030029296875
b6f6fb624e9cb278e5c20f26d0da00d4,0,1,1,1,0,0,0,0,0,0,0,0,20,33.93621826171875
b6f81888cb2dded1658ea6bec1348626,0,0,1,1,0,0,0,0,0,0,0,1,31,52.61346435546875
b6f880cb7b350986353b4f3b6c94d130,0,1,1,0,0,0,1,0,0,1,0,0,50,29.89471435546875
b6f886a92a5dd3bdb2d1fb77ffd00848,0,0,1,1,0,0,0,0,0,0,0,0,19,19.45037841796875
b6fce552ee9cc51599e2359f6d41eb99,0,1,1,1,0,0,0,0,0,1,1,0,29,14.28094482421875
b7003e20d6da4a530f3de70efd82a1ca,0,0,0,0,0,0,1,0,0,0,0,0,40,13.50750732421875
b7093b9263d917382e964c3519e32e79,0,1,1,1,0,0,0,0,0,1,0,0,21,30.41131591796875
b725e5c376753ee4c1f10778b8792e12,0,0,1,1,0,0,0,0,0,0,0,1,29,26.49920654296875
b73421a0dd08acfb2159f3661c34b345,0,1,1,0,0,0,1,0,0,0,0,0,65,-1.38946533203125
b73e647333c79b4921eb495888e5073a,0,1,1,1,0,0,0,0,0,0,0,0,50,18.67401123046875
b73f5b34d9529e6efc2308a86d828c30,0,0,0,1,0,0,1,0,0,0,0,0,62,3.60223388671875
b7434f767202a73cdefc5f1fbfa317f5,0,1,1,1,0,0,0,0,0,0,0,0,22,24.33319091796875
b743863f9ae54aa66c80e8039772088a,1,1,1,1,0,0,0,0,0,0,0,0,79,12.23406982421875
b74449e0814dbf00c9df49f4529fcb0b,0,1,1,0,0,0,0,0,0,0,0,0,24,23.01092529296875
b74464da5b2dee12f37dc731575f60e3,0,1,1,1,0,0,0,0,0,0,0,0,45,15.63836669921875
b74d22c554dbf2b7f0e991a7312659cb,0,1,1,1,0,0,0,1,0,0,0,0,27,50.61688232421875
b74ebe9c6555e05f7464be61a8d7ec87,0,1,1,1,0,1,0,0,0,0,0,0,16,5.70477294921875
b7553eb2cd5f68a19543419ba13a65c4,0,1,1,1,0,0,0,0,0,1,1,0,29,14.06072998046875
b75887c229fd4614db44c8efc3689802,0,0,0,1,0,0,0,0,0,0,0,0,24,14.60516357421875
b75e8537d3965cb152def32500138b33,0,1,1,1,0,0,0,0,1,1,0,0,70,19.33905029296875
b75f04ede81208a52ebc80b7fb6b4114,0,1,1,1,0,0,0,0,0,0,0,0,50,21.37713623046875
b75f4ce5c2c8ea283d259f5e2deb8695,0,1,1,1,0,0,0,0,0,0,0,0,32,34.11639404296875
b7601c33a82b3622fee89e4c702acbad,0,0,1,1,0,0,0,0,0,0,1,0,19,38.11541748046875
b7602b49053bf60c0a9b57dfc0fd53a5,0,1,1,1,0,0,0,0,0,0,0,0,35,18.34246826171875
b764d8c47225c63eefc07567d9445f34,0,0,1,1,0,0,0,0,0,0,0,1,36,33.93182373046875
b76873d8af58abc8a45ff096fd64bbb0,0,0,1,1,0,0,0,0,0,0,0,0,27,12.78143310546875
b76d9ad0937d14be027238262b953036,0,0,1,1,0,0,0,0,0,0,0,0,53,11.31561279296875
b772ab7a7d2d13d55210337a3b9eb43c,0,1,1,1,0,0,1,0,0,0,0,0,25,8.34588623046875
b772f7c918f5dd7e870c1d70717a1c99,0,0,0,1,0,0,0,0,1,0,0,0,10,19.82147216796875
b77604f5c14842228fda08e510b04593,0,1,1,1,0,0,0,0,0,0,0,0,38,21.41717529296875
b77cf1e752da7f659edbcefb3ff553ed,0,0,1,1,0,0,0,0,1,0,0,0,59,6.54901123046875
b787fe8bc8bd0f0ee90406c3e232d4ad,0,0,0,1,0,0,0,0,0,0,0,0,62,6.94500732421875
b78899ac5195fa20f044bdd37b344060,0,1,1,0,0,0,0,1,0,0,0,0,50,6.93231201171875
b78d0eab09ad5a74b7bcdf46d0dc9037,0,1,1,0,0,0,1,1,0,0,1,0,26,32.74822998046875
b7950664b26af7e82369ce3fa7d8e356,0,1,1,1,0,0,0,0,0,0,0,0,44,17.17205810546875
b79d4e6feff2d2cdaf86d9fe9aa9114a,0,1,1,1,0,0,0,0,0,0,0,0,41,6.60955810546875
b7aa4213cb83c6f2832901cb7c4d62dc,0,1,1,1,0,0,0,0,1,1,0,0,100,13.78826904296875
b7b1422804d3d75ef1b8ef8287156253,0,1,1,0,0,0,1,0,1,0,0,0,67,2.53338623046875
b7bf4000e3da419ae864a56182babbce,0,0,1,1,0,0,0,0,0,0,0,1,7,29.13348388671875
b7c1e8e64ab4cb022e7d03bb155ef85d,0,1,1,1,0,0,1,0,0,0,0,0,26,16.53143310546875
b7c28b6d50ba7e4907be8e0aa56503e3,0,0,1,1,0,0,0,0,1,1,0,1,71,8.32586669921875
b7c5a4cd4211579f5e6bca8b51fb5fd2,0,1,1,1,0,0,0,0,1,0,0,0,71,8.41229248046875
b7c928a4355699b598a666ce49d34b01,0,1,1,1,0,0,0,0,0,1,0,0,53,18.12713623046875
b7d84ae8bb1546e9d817eea8464758e1,0,1,1,1,0,0,0,0,0,0,0,0,31,13.76287841796875
b7e0d696d5eccdd04aa6338d9b5d7dcd,0,1,1,0,0,0,1,1,0,0,0,0,40,22.85809326171875
b7ea2b79695d0b8fb70f734eae86b0da,0,1,1,1,0,0,0,0,0,0,0,0,25,48.56707763671875
b7f782594913147d1029dbd53aa4bef2,0,0,1,1,0,0,0,0,0,0,0,0,23,29.95526123046875
b7f7c4f10f74ae94fca613528b808a5b,0,0,0,0,0,0,1,0,0,0,0,0,32,42.80926513671875
b7fba5e288615c02b7f0f2cca6eda02b,0,1,1,0,0,0,0,0,0,0,0,0,38,48.59442138671875
b7fbc655db512d652d018e5d27e8d465,0,1,1,1,0,0,0,1,0,1,1,0,27,21.07586669921875
b7fff1563d0b4f56da0253235930a736,0,0,0,1,0,0,0,0,0,0,0,0,21,17.23992919921875
b806d34d48daddca2536c1da0cd65657,0,1,1,1,0,0,0,0,1,0,0,0,22,10.45379638671875
b80f09b480fef83000431b72f07c0fe5,0,1,1,1,0,0,0,0,0,0,0,0,34,9.29901123046875
b81639124b894961f3a6d0f1a7c0e3ff,0,0,1,1,0,0,0,0,1,1,0,1,48,35.83123779296875
b82f48e2e9000673b8d002539818827d,0,0,0,0,0,0,1,0,0,0,0,0,26,38.67645263671875
b837ca92d180ae07354aa97f7ca30df3,0,1,1,1,0,0,0,0,0,0,0,0,28,11.97967529296875
b83a1ac2f88a93db77b76145ab9a1bae,0,1,1,1,0,0,0,0,1,0,0,0,16,10.26824951171875
b840c95ad35f181eef730ad37a76ddae,0,1,1,1,0,0,0,0,1,1,0,0,29,8.09881591796875
b8489fedbb762699a35c8545f4a49d32,0,1,1,1,0,0,0,0,0,0,0,0,35,-1.73370361328125
b84ae186fb358d71b29fd0d76a8910cc,0,1,1,1,0,0,1,0,0,0,0,0,100,-2.39874267578125
b84ca846b23aca181994aa2fd98de823,0,1,1,1,0,0,0,0,0,0,0,0,59,19.85662841796875
b84da941995254d1b868da8349df5051,0,0,0,1,0,0,0,0,0,0,0,0,21,14.77313232421875
b850b92a64b387f625ca13ffd8af750a,0,1,1,1,0,0,0,0,0,0,1,0,41,9.87908935546875
b858d158a55e1d176e91ce3964e4bea2,0,1,1,1,0,0,0,0,0,0,0,0,18,12.12225341796875
b85cafdb3409dc62e8e67d8abdba241c,0,0,0,1,0,0,0,0,0,0,0,0,46,10.94207763671875
b8618268c03f644c91bfb28c550726b2,0,1,1,1,0,0,0,0,0,0,0,0,27,10.59295654296875
b8639c15b9708bd598732d0b70bb91b9,0,1,1,1,0,0,0,0,0,0,0,0,82,22.73553466796875
b86589c3e85f784a5278e377b726a4d4,0,1,1,1,0,0,0,0,0,0,0,0,39,7.62957763671875
b867e401f001e4042014b8775be903e7,0,1,1,1,0,0,0,1,0,0,0,0,37,18.60809326171875
b872c1a9b3438b20a746fe12007f7b5b,0,1,1,0,0,0,0,0,1,0,0,0,26,29.59100341796875
b89199007b4fbd51864eeaf8f264f946,0,1,1,1,0,0,0,0,0,0,0,0,58,71.37371826171875
b8938c495e5451bdf83211162aa739c6,0,1,1,1,0,1,0,0,0,0,1,0,42,4.62322998046875
b8983b49b91f373073ce5dbb990232b0,0,1,1,1,0,1,0,0,0,0,1,0,65,26.38641357421875
b8a9e3c29e035f7c869d2a144ff40e0f,0,1,1,0,0,1,0,0,0,0,0,0,20,26.77801513671875
b8afa4068c3f35932f0e17ba1c5a3b72,0,1,1,1,0,0,0,0,0,0,0,0,31,12.61639404296875
b8c08dd1944611fda1a8d4def10ac689,0,0,1,1,0,0,0,0,0,0,0,1,27,1.73406982421875
b8c2776eceedb1bed401d393e5a1f70d,0,1,1,1,0,0,0,0,0,0,0,0,30,24.76239013671875
b8c331700f05fbabf8d9c069be762906,0,1,1,1,0,0,1,0,0,1,0,0,50,12.93133544921875
b8c5b5013ca4a0e357d7d668f3b24e5a,0,1,1,0,0,1,1,0,1,0,0,0,3,18.61932373046875
b8ceb2877086b0db683ed28d0dbf6b3a,0,0,0,1,0,0,0,0,0,0,0,0,22,10.92645263671875
b8d1b6cc99a880923eba52d73bd35b58,0,1,1,1,0,0,0,0,0,0,0,0,49,54.95379638671875
b8db61c69cdef6b13c3e6a43b938e1b1,0,1,1,1,0,0,0,0,0,0,0,0,29,25.20428466796875
b8e5e3e2582029745e76b598d13854f9,0,1,1,0,0,0,0,1,0,1,1,0,22,39.33905029296875
b8e92e4685825deaf16fc805962b3cb7,0,0,1,1,0,0,0,0,1,0,0,0,53,13.66424560546875
b8e9f6b1ea73b59e3829af63aabb3ae1,0,1,1,1,0,0,0,0,0,0,0,0,58,28.80487060546875
b8ee01525f2bff53be08ff12ec3128ec,0,0,1,1,0,0,0,0,0,0,0,1,25,7.90985107421875
b8f428a72b436c47ab42e821eefe4278,0,1,1,1,0,0,0,0,0,0,0,0,68,22.49969482421875
b8f438a9b4abec808d60b285c4e53a8b,0,1,1,1,0,0,0,0,0,0,0,0,18,17.03045654296875
b8f920f44800ee71e4659dea84bc9bef,0,1,1,1,0,0,0,1,0,0,0,0,27,12.13983154296875
b8fda0337bfc0876a2f80d4f13191039,0,1,1,1,0,0,1,0,0,0,0,0,34,12.39910888671875
b8fe42225439dd9f14abd3aa9f0b3041,0,1,1,1,0,0,0,0,0,0,0,0,67,2.62762451171875
b90384f37990766717d78927a8ad853e,0,1,1,1,0,0,0,0,0,0,0,0,27,7.12127685546875
b9060707119bd68a527144596d3d3f08,0,1,1,1,0,0,0,0,1,0,0,0,40,8.29901123046875
b91a4aafa501532a618fc8a3e9ed34cc,0,1,1,1,0,0,0,0,0,0,0,0,9,57.45477294921875
b91bc78e1aff832d47366de03f82273f,0,1,1,0,0,0,1,1,0,0,0,0,36,15.33807373046875
b91f69ab9dcd3302c0bc370ca0518ee1,0,1,1,1,0,0,0,0,0,0,0,0,20,23.48797607421875
b9244ff300eca983152e90022eca62b9,0,1,1,1,0,0,0,0,0,0,0,0,59,16.71112060546875
b926aaf857d81a3b881359c4822437ed,0,1,1,1,0,0,0,0,0,0,0,0,75,28.98895263671875
b927bfbe38f04da5fdedf318616a3788,0,0,1,1,0,0,1,0,0,0,0,1,56,32.11102294921875
b92f7280f448657dd58d815c2739b73a,0,1,1,1,0,0,0,0,0,0,0,0,2,17.25994873046875
b930977a89be41b114782379b40d2f82,0,1,1,1,0,0,0,0,1,1,0,0,54,-1.66973876953125
b934054371176ce9455064a3a451974d,0,1,1,1,0,0,0,0,0,0,0,0,22,21.17938232421875
b939f8996d168f1111d42cb784f0b102,0,1,1,1,0,0,1,0,0,0,1,0,35,14.12615966796875
b9438be79e9cbc20d13536381f4eb2a5,0,1,1,1,0,0,0,0,1,1,0,0,33,31.70330810546875
b95009c092aab26a98c5cdbd7cd025fe,0,0,1,0,0,0,1,0,0,1,0,1,26,41.18572998046875
b956edfd0677dd6d95de6cb29a85db9c,0,1,1,1,0,0,1,1,0,1,1,0,24,17.30780029296875
b959dd135dd3c3b0ce37d3575d7a1840,0,1,1,1,0,0,0,0,0,0,0,0,22,5.88201904296875
b95c7e2f30ea95255abcdc5beab41ba8,0,1,1,1,0,0,0,0,0,0,0,0,34,21.61639404296875
b966f34f3775ec635b77fdeb7b81613c,0,0,1,1,0,0,0,0,0,1,0,1,42,18.25604248046875
b967656eb7e648a524ca4ffbbc172c06,0,1,1,1,0,0,0,0,1,1,0,0,48,55.19207763671875
b967ce4132db8233171c6134f90a2eb3,0,1,1,1,0,0,0,0,0,0,0,0,22,8.92352294921875
b97b55a0728282ac73a174662d8bae23,0,1,1,1,0,0,0,0,0,0,0,0,38,12.82342529296875
b9998c8a9f722b55e8020701a03527fa,0,1,1,1,0,0,0,0,1,1,0,0,20,25.95281982421875
b99ac7b28552f6fbf63dc99c61fbdb94,0,1,1,1,0,0,0,0,0,0,0,0,24,25.53436279296875
b9a24e5d5eacbd1a34971279c76c02ba,0,1,1,1,0,1,0,0,0,0,0,0,48,13.37030029296875
b9a2ebf5af2d6226ca759b8939d0f879,0,1,1,0,0,0,0,0,0,0,0,0,23,20.74432373046875
b9adaca6e8d19bf30224fcae623e876d,0,1,1,1,0,0,0,0,0,0,0,0,52,6.54998779296875
b9b5aed7911b5b396fe0e6aac7cd00ec,0,0,1,1,0,0,0,0,0,0,0,0,28,14.41278076171875
b9bc427034f86e5a5861dd4ad80af133,0,1,1,1,0,0,0,0,0,0,0,0,55,11.31170654296875
b9bf10c7d311a2c65ffa5763e4566f70,0,1,1,0,0,0,0,1,0,0,1,0,31,30.94989013671875
b9c2182b52a9b159731dd0e566d35297,0,1,1,1,0,0,1,0,0,0,0,0,41,14.09735107421875
b9c2bcc6b50227bad6010c2a3650b511,0,1,1,1,0,0,0,0,1,0,0,0,5,13.38592529296875
b9c3d3ba42a3d1dea2353356dbaaec2e,0,1,1,1,0,0,0,0,0,0,0,0,23,44.29217529296875
b9ce932d4982bb1e51b2709ffc2e6abc,0,1,1,0,0,0,1,0,0,0,0,0,14,25.52703857421875
b9cf47f8b3b5a0855bb3293b138776e5,0,1,1,1,0,0,0,0,0,0,0,0,36,15.66668701171875
b9d1558324949444f2fd3d2ba634fa95,0,0,1,0,0,0,0,0,0,1,1,0,18,20.86297607421875
b9d8ddaf5dc09adfddc3f5007cb3f114,0,1,1,1,0,1,0,0,0,0,0,0,22,11.86590576171875
b9db6a35bf67a786e2742c8912d64e70,0,1,1,1,0,0,0,0,0,0,0,0,42,16.55828857421875
b9e0293000bdd772c77e61601e950d99,0,1,1,1,0,0,0,0,0,0,0,0,33,33.18328857421875
b9edd2ee957a3de2d55703c0363a73de,0,0,0,0,0,0,0,0,0,0,0,0,27,38.02508544921875
ba068d7cfc8b0edcc66e13597001e19c,0,1,1,1,0,0,0,0,0,0,0,0,34,8.21551513671875
ba07e044a2a2a4d6709b933e4ecbc7dd,1,1,1,1,0,0,0,0,0,0,0,0,54,10.44793701171875
ba0f15d605033c585643ed086934ff44,0,0,1,1,0,0,0,0,0,0,0,0,27,3.15692138671875
ba0fcc8a37286942e2c8b37124219156,0,1,1,1,0,0,0,0,1,1,0,0,40,7.28875732421875
ba1b7354c33a6789d97190384b7d9a10,0,1,1,1,0,0,0,0,0,0,0,0,59,39.11053466796875
ba230a9011f1415068ed738d85404f29,0,1,1,1,0,1,0,0,0,0,1,0,20,34.86395263671875
ba31db0cfaca045442e787dac005a105,0,1,1,1,0,0,0,0,0,0,0,0,36,14.85809326171875
ba39a25e1c28ef319e4a2cbbe41d2dd0,0,1,1,1,0,0,0,0,0,0,0,0,100,23.45233154296875
ba39bf369c7477da578ab72c785962f9,0,1,1,1,0,0,0,0,1,1,0,0,39,31.09979248046875
ba3c3567dbb5690e39d3377f1f6367a7,0,1,1,1,0,0,0,0,1,1,0,0,41,18.57196044921875
ba4becc2866747a35e8d5ad4ee90bb83,0,1,1,0,0,0,1,0,0,0,0,0,21,2.43280029296875
ba4e4ac608b21ea599b590f84c52d81b,0,0,1,0,0,0,1,0,0,0,0,0,13,15.43524169921875
ba5130f0d507c1fe346e89c657d6de03,0,1,1,1,0,0,1,1,0,0,0,0,89,39.00115966796875
ba5467da447d58ec4d413ed9e53bc566,0,1,1,1,0,0,0,0,0,0,0,0,32,10.00408935546875
ba5ab518ecb364a9b9bd2b82ca16a292,0,1,1,1,0,1,0,0,0,0,0,0,59,12.19110107421875
ba64ab13f9d2a5bc036d35f43b2b566a,0,1,1,1,0,0,0,0,0,0,0,0,22,25.36248779296875
ba66d7cc891893a71ed2f2729cefbf56,0,1,1,1,0,1,0,0,0,0,0,0,50,10.86737060546875
ba6bbf7ce20e70b274fda00c966da87c,0,1,1,1,0,0,0,0,1,1,0,0,37,14.26873779296875
ba6faa385160bedd384aed93329779fe,0,1,1,0,0,0,1,0,0,0,1,0,52,20.51971435546875
ba72b0442c45364dfa3ce88c4ee8cf48,0,0,1,0,0,0,1,1,0,1,1,0,60,11.06854248046875
ba7441cd133e0528073764fe74f5cb0e,0,1,1,1,0,0,0,0,0,0,0,0,53,13.20819091796875
ba8194b599940def5a8a36fa5c576565,0,1,1,1,0,0,1,0,0,0,0,0,41,30.84002685546875
ba8295fd3a963d6ddc41ce93723fc9ec,0,0,0,0,0,0,1,0,0,0,0,0,29,14.17498779296875
ba8e3ff9323e3d2de2fe8eaa677f4723,0,0,1,1,0,0,0,0,0,0,0,1,56,11.13836669921875
baa06d88e6f376fd06c7ac59e0d584f9,0,1,1,1,0,0,0,0,0,0,0,0,37,23.85223388671875
baa8f12937417a324673c4462450788d,0,1,1,1,0,1,0,0,0,0,0,0,21,31.82049560546875
baab3780c7121ac8575071fd8c54e955,0,1,1,1,0,0,0,0,0,0,0,0,22,12.21258544921875
bab4c65315db52e8dfcf1b536ee9d621,0,0,1,1,0,0,0,0,0,0,0,0,20,22.51287841796875
babfe092390238197ef430f37f90133e,0,1,1,1,0,1,0,0,1,1,0,0,21,22.78533935546875
bacb66a9d254e21053d484a457e1e502,0,1,1,1,0,0,0,0,0,0,0,0,29,26.98504638671875
badf4bc32ad7bbe24c242f4776b6fb2a,0,1,1,1,0,0,0,0,0,0,0,0,61,33.59735107421875
bae46fbc9ac3bff17a9ece18506514b0,0,1,1,0,0,0,1,0,0,0,0,0,64,1.43377685546875
bae6eabc99b78472daf01106aa253d89,1,1,1,1,0,1,0,0,0,0,0,0,35,19.69842529296875
baf6445ace802ab98e99f58fe5a17e46,0,1,1,0,0,0,0,0,0,0,0,0,33,11.13641357421875
baf7fa58855b1767befb7aa3b1b50ac5,0,1,1,1,0,0,0,1,1,1,1,0,64,20.86883544921875
baf9f5360691620887b06588b66ab107,0,0,1,1,0,0,0,0,0,0,0,1,13,29.59588623046875
bb018056345d6332499b0640196a2359,0,0,1,1,0,0,0,0,0,0,0,1,100,17.06658935546875
bb0a4332a21ffd535795e8e65ebf0c81,0,1,1,1,0,0,0,0,0,0,0,0,55,25.35662841796875
bb0ce400874dd2fde77c2105788a8893,0,0,0,1,0,0,0,0,1,1,0,0,30,25.30926513671875
bb0d0a680828feb921c18e649dbaaa57,0,1,1,1,0,0,0,0,0,0,0,0,77,26.53582763671875
bb1c4d5aaf6cd3731507d3c4bc4ad394,0,1,0,0,0,0,0,0,0,0,0,0,24,9.20526123046875
bb263c3f1605cd5688a6fd1626f62466,0,1,1,1,0,0,1,0,0,0,0,0,27,17.67694091796875
bb2b6056ebbe8de5918f654e3595bde2,0,1,1,1,0,0,0,0,0,1,0,0,19,11.43182373046875
bb2f5ce751579762b57c069abb6736e6,0,0,0,1,0,0,1,0,0,1,0,0,32,16.84979248046875
bb31ffee7a520024b1aefd9767dac700,0,1,1,1,0,0,0,0,0,0,1,0,27,33.25213623046875
bb36cfff51f7ee2f7a9c72f7cc7a5a89,0,0,0,0,0,0,1,0,0,0,0,0,24,21.09197998046875
bb3bf5ae554d613ac627e2ff73855e1d,0,1,1,1,0,0,0,0,0,0,0,0,65,16.32977294921875
bb3f29ef9e0012df0fa7e580b7580a45,0,0,0,0,0,0,0,0,0,0,0,1,22,11.72528076171875
bb4a9b8d08562196d94eba71df3e6590,0,1,1,0,1,1,0,0,0,0,0,0,4,5.19842529296875
bb63182de33b6d1543756df22c3b7696,0,1,1,0,0,0,0,0,0,0,0,0,43,9.75408935546875
bb63839e605321a72cc36265fd66ad80,0,1,1,1,0,0,1,0,0,1,0,0,27,25.71893310546875
bb6cd88a354ab2004c0873262d24801a,0,1,1,1,0,0,0,0,0,0,0,0,51,17.01971435546875
bb7981849a37577056f2f59f9f3bbe4e,0,1,1,1,0,1,0,0,0,0,1,0,50,23.48944091796875
bb7f6cf51166300bd3692d293933da21,0,1,1,1,0,0,0,0,1,1,0,0,28,23.19647216796875
bb7ffcad10be7acdec24ca269c1074af,0,1,1,1,0,0,0,0,0,0,0,0,82,6.72967529296875
bb87ab8ce03c8cfc33f8c90dcb83d6a3,0,0,1,1,0,0,0,0,0,0,0,1,93,52.01434326171875
bb88b9feed3cb1d9f095769168a76ca5,0,1,1,0,0,0,1,0,0,1,0,0,27,26.26385498046875
bb8c893ceb55396f9d9d25956771e5d1,0,1,1,1,0,0,0,0,0,0,0,0,57,18.44647216796875
bb8fd5b3b5841f07476935f2652ab79f,0,0,1,1,0,0,0,0,0,0,0,1,33,1.48455810546875
bb92c1937c389de049d7e626d2fee624,0,0,1,1,0,0,0,0,0,0,0,0,48,31.20477294921875
bb9eaeff99727eb7c42f1f11c0dc0e7a,0,1,1,0,0,0,0,0,0,0,0,0,49,4.14764404296875
bba0015fba3df62963f62537c2158b0b,0,1,1,1,0,0,1,0,1,1,0,0,28,14.85272216796875
bba74bfa6a991a9d0d52250b97ba44ff,1,0,0,1,0,0,0,0,0,0,0,0,39,11.98406982421875
bbac1072c693f91f726e509feb44e083,0,1,1,1,0,0,0,0,1,1,0,0,19,11.63787841796875
bbb00fee6bb0f7d4b67c93a214189819,0,0,0,0,0,0,1,0,0,0,0,0,53,10.21307373046875
bbb5ff1d81b8aac66c2ca19d8fdc9400,0,1,1,0,0,0,1,0,0,1,0,0,47,24.98162841796875
bbba9168154d8e4e57548d765d6a2aa1,0,1,1,1,0,0,0,0,0,0,0,0,29,11.11053466796875
bbbaf13b1f2c6c531b7cf3153121b454,0,1,1,0,0,0,1,1,0,0,0,0,23,9.34149169921875
bbbce870aad54724f45be5d0efb36c9e,0,1,1,1,0,0,0,0,0,0,0,0,27,-3.12725830078125
bbc52756d3a4a44fd84459aa1e299ad0,0,1,1,1,0,0,0,0,1,0,0,0,27,11.14227294921875
bbd22cfe211988ed44f2973849d69cf1,0,1,1,1,0,0,0,0,0,0,0,0,33,29.72479248046875
bbd9ad05953f68f0806d9f9a9cf09a87,0,1,1,1,0,0,0,0,0,0,0,0,36,8.52703857421875
bbe3b134681ae22426f3d45efc2cc47b,0,1,1,1,0,0,0,0,0,0,0,0,27,44.95623779296875
bbe3c550fa4601f5f4d4df84182d03af,0,1,1,1,0,0,0,0,1,1,0,0,25,11.10418701171875
bbec529712ad8bd44a511eb619e8e9c4,0,1,1,1,0,0,0,0,0,0,0,0,53,22.70281982421875
bbed0a875c435ae121f468df3f6fea03,0,1,1,1,0,0,0,0,0,0,0,0,28,42.58905029296875
bbf33ad286f3602dd1468007627984ad,0,1,1,1,0,0,0,0,0,0,0,0,17,21.96795654296875
bbf3a5e72800e2fe500c2816e0f5d137,0,1,1,1,0,0,0,0,0,0,0,0,82,29.33709716796875
bbf3ec6eca7a5017cae7012c82048075,0,1,1,1,0,0,0,0,0,0,0,0,36,2.72332763671875
bbf4577c3bc56e235c2eb4ddc7526927,0,0,0,1,0,1,0,0,0,0,0,0,32,9.92694091796875
bc09ac0ccbc1b447fd21e04f2e384da6,0,1,1,1,0,0,0,0,0,0,0,0,41,12.34490966796875
bc0d38ba45541b8707f904f648b92eca,0,1,1,1,0,0,1,0,0,0,0,0,36,2.52069091796875
bc14ad7df852f089cb190b900fe3e519,0,1,1,1,0,0,0,0,0,0,0,0,28,25.12420654296875
bc1b2aba0328d85f870bb1b71729f0e7,0,0,1,0,0,0,0,0,0,0,0,0,62,18.91180419921875
bc1f4bfd2185c476f011d246c350c61a,0,1,1,1,0,0,0,0,0,0,0,0,23,29.24578857421875
bc23e516000bd8e34c4eb9a6d0b6f1fc,0,0,1,1,0,0,0,0,0,0,0,0,31,7.82000732421875
bc30501090e1e7ada4751eac220d0f65,0,1,1,1,0,0,0,0,1,1,0,0,34,18.14764404296875
bc39a9c4ae544bfc4118d59b9b089135,0,1,1,1,0,0,0,1,0,0,1,0,5,22.09881591796875
bc3e48b0830bb98f1390cd80a7f4db7d,0,1,1,0,0,0,0,0,0,0,0,0,34,12.22869873046875
bc50340a10257dfc1f682645609b8445,0,1,1,1,0,0,0,0,0,0,0,0,21,4.68377685546875
bc5281f5760c14e9d14680a219e30871,0,1,1,1,0,0,0,0,1,1,0,0,23,21.53485107421875
bc583eb5434409617b82c3163da06f6e,0,1,1,1,0,0,0,0,0,0,0,0,56,2.73455810546875
bc6a496f4aa0f5dd352d6bd55732bcdc,0,1,1,1,0,0,1,0,0,0,0,0,100,6.87860107421875
bc778fab5ba420268bc018f53bd7f93a,0,0,0,1,0,0,0,0,0,0,0,0,73,33.26824951171875
bc7d2b3b519718202e05e1965a64bc5a,0,0,1,0,0,0,0,1,0,0,1,0,100,15.05682373046875
bc872d6e6e1c93e1e2aa0b95594e3c7f,1,1,1,1,0,0,0,0,0,0,0,0,17,11.52215576171875
bc8b303988874fee0d0a7c6c6ef329a8,0,1,1,1,0,0,1,0,0,0,0,0,27,8.52703857421875
bc8d5edf61d039812732a3426bc44731,0,1,1,1,0,0,0,0,0,0,0,0,32,24.37274169921875
bc9636653a2335c6bb5b22635ff6db6e,0,1,1,1,0,0,0,0,0,0,0,0,45,11.97430419921875
bca56164b077ffae5dd53dedd68959b5,0,1,1,1,0,0,0,0,0,0,0,0,54,16.78973388671875
bca6811ee0a78bdcc41b659624608125,0,1,1,1,0,0,0,0,0,0,1,0,30,-3.32305908203125
bca9752010405608046a42bf878628ef,0,1,1,1,0,0,0,0,0,0,0,0,29,37.16619873046875
bcad70d3e57ea412079500a876d5b6e6,0,1,1,1,0,0,0,0,0,0,0,0,37,44.94158935546875
bcb5ec40a5d69785c8fd781c871e98d8,0,1,1,1,0,0,0,0,0,0,0,0,19,19.55487060546875
bcb859c79bd4c89b00a8e0b016b0bb07,0,1,1,1,0,0,0,0,1,1,0,0,25,27.93182373046875
bcbeb9feb805dc9b0dd036314cc08aa0,0,1,1,0,0,0,0,0,0,0,0,0,54,11.89666748046875
bccad15cd84c91a59402aa960da03337,0,1,1,1,0,0,0,0,0,0,0,0,28,15.25115966796875
bccb840aaa93303154f2ad1ead6585a3,0,1,1,1,0,0,0,0,1,1,0,0,74,28.50897216796875
bce09001893018dd48c19a0fd6a5b065,0,1,1,1,0,0,0,0,0,0,0,0,24,42.51385498046875
bce5486b48b9d238415e59f93704ec3d,0,1,1,1,0,0,0,0,1,1,0,0,60,12.06219482421875
bceb5b06310e4b33b63ae7701e2ea5ef,0,0,1,1,0,0,0,0,0,0,0,0,19,13.38348388671875
bcee3ab8ff5afce490cc2cc17fa94131,0,1,1,1,0,0,0,0,1,1,0,0,33,10.83172607421875
bcee6ff5cf4c7cc8616e741fcaae31f6,0,0,1,1,0,0,0,0,0,1,0,0,17,31.89471435546875
bd0c41d5252342822c040587460bb189,0,1,1,1,0,0,0,0,0,0,0,0,17,14.35272216796875
bd0f7d13a6e825b0227528ec32d633ec,0,1,1,1,0,0,0,0,0,0,0,0,36,9.44158935546875
bd185cd39836fd5192e5733c9b33eed9,0,1,1,1,0,0,0,0,1,0,0,0,24,8.22918701171875
bd1c8d5c41b4eecd91e8777110f5386f,0,1,1,0,0,0,1,1,0,0,1,0,45,27.62127685546875
bd2a6ac0e1393eb9d193221f8e05733f,0,1,1,0,0,0,1,0,0,0,0,0,50,14.33709716796875
bd31dcb0a4cda4b01724a1ea260dd967,0,1,1,1,0,0,0,0,0,0,0,0,25,20.33221435546875
bd33774d4444912c870070094de6d061,0,1,1,1,0,0,0,0,0,1,0,0,68,17.69305419921875
bd383cf3bb716b943e40a520026dcdf0,0,1,1,1,0,0,0,0,0,0,0,0,57,11.87567138671875
bd38ba569f972a4ae2bb1560d8328c12,0,1,1,1,0,0,0,0,1,1,0,0,21,16.61737060546875
bd3bb617b64243c9f1d1fce07ccc8672,0,1,1,1,0,0,0,0,0,0,0,0,26,45.79217529296875
bd40494f5258148248b71d3aa8adb826,0,1,1,1,0,0,0,0,1,1,1,0,24,14.71502685546875
bd41e40dbe1b198aba5115df0b33dd69,0,1,1,1,0,0,0,0,0,0,0,0,30,4.32293701171875
bd48eebc9a9332d0a5aa0d66508a963d,0,1,1,1,0,0,0,0,0,0,0,0,8,27.52020263671875
bd571270553f6bf6cebaf184fe75741d,0,1,1,1,0,0,0,0,1,1,0,0,24,16.18768310546875
bd574d851d60d19d0a61e1ef72560b5e,0,1,1,1,0,1,0,0,0,0,0,0,28,16.69989013671875
bd6e9c6445173b13f2dc740cd65c87e0,0,1,1,1,0,0,0,0,0,0,0,0,14,25.32244873046875
bd740d3c9c78480d5eb43ad2a69655de,0,0,1,1,0,0,0,0,0,0,0,1,33,20.85174560546875
bd802c6bbf5a628dc4d944e29a86b27f,0,1,1,0,0,0,1,0,0,1,0,0,39,40.93377685546875
bd81e404df19571bc28db38867846753,0,1,1,1,0,0,0,0,0,0,0,0,30,3.99334716796875
bd956ca9208f7c12c8cc7bbdc2a4d539,0,0,1,1,0,0,0,0,0,0,0,0,14,28.62957763671875
bd9e94d94bfdd4423a33683ab2f295b4,0,1,1,1,0,0,0,0,0,0,0,0,43,18.48455810546875
bda018a6a0601d9e9323507550ff882b,0,0,0,0,0,0,1,0,0,0,0,1,36,18.39129638671875
bda994daac0551f6c11d119a090b3e01,0,1,1,1,0,0,0,0,0,0,0,0,68,48.62030029296875
bdbcbd1f7d9cca4bfac2cfa510e344de,0,1,1,1,0,1,0,0,0,0,0,0,30,10.69989013671875
bdc507fd18dd4d15d105f4e03d1a3639,0,1,1,1,0,0,0,0,0,0,0,0,47,30.55780029296875
bdca31e3d0438224e87bbe0686bdaa60,0,1,1,1,0,0,0,0,0,0,0,0,45,18.43084716796875
bdd26de2f9e8eab5056e4e18314c72d3,1,1,1,1,0,0,0,0,0,0,0,0,14,7.85955810546875
bde5d4c85fa5c728bd49cbf9c20f7fc2,0,1,1,1,0,0,0,0,0,0,0,0,26,8.28924560546875
bde71741d2b1016c303a226e0b1a46d6,0,1,1,1,0,0,0,0,1,1,0,0,47,6.68133544921875
bded31676a3f553d1794c92357cd732b,0,1,1,1,0,0,0,0,0,0,0,0,27,17.96502685546875
be033557bfefeacf5fd9593ec3352d16,0,1,1,1,0,0,0,0,0,0,0,0,88,30.06170654296875
be1a71466c05ad4a70355f5778496419,0,1,1,1,0,0,0,0,0,0,0,0,43,41.72674560546875
be218697fbf537ff349d54dceb9d36e8,0,1,1,1,0,0,0,0,0,0,0,0,38,16.55780029296875
be2263d34984f5a3d03b57d4b828fa22,0,1,1,1,0,0,0,0,0,0,0,0,21,11.79266357421875
be238ba0600d577abc32fa1fceb3b9db,0,1,1,0,0,0,0,0,0,0,0,0,26,20.05780029296875
be2896de892b73efb28932e3e20566ee,0,0,1,1,0,0,1,0,0,0,0,1,28,42.61932373046875
be3412908467524bc29c5e4646e3f764,0,1,1,1,0,0,0,0,0,0,0,0,37,23.28533935546875
be3f2648f23ff50e791937e96168efc2,0,1,1,1,0,0,0,0,0,0,0,0,28,14.84051513671875
be4dfcdc0f96ea703a74c7936f96b4c5,0,1,1,1,0,0,0,0,0,0,0,0,43,23.24871826171875
be4f1e17767afe7cbfaf1fb6334e6568,0,1,1,1,0,0,0,0,1,1,0,0,30,8.36248779296875
be4fb87b36775ce55024f24b968cc19f,0,0,1,0,0,0,0,0,0,0,0,1,36,17.38592529296875
be643944d1c53858a2bfbae6ae435fca,0,1,1,1,0,0,0,0,0,0,0,0,40,17.63250732421875
be82fb5ea77fea131344f7036bb2cbce,0,1,1,1,0,0,0,0,1,1,0,0,15,28.27947998046875
be840d985be7e2af2db8daec95ba7eb5,0,1,1,1,0,0,0,0,0,0,0,0,18,23.89178466796875
be86ff76fb480d5fd395d865c1930458,0,1,1,1,0,0,1,0,0,0,0,0,27,16.24725341796875
be9005e6b56bb8e438c6bd05f20ec692,0,1,1,1,0,0,1,0,0,0,0,0,27,13.68426513671875
be9d672b8cdd5e108b0dec692a147e5a,0,1,1,1,0,0,0,0,0,0,0,0,32,33.35174560546875
beae6f79eeebf2d752ab7ff3cf9e4772,0,1,1,1,0,0,0,0,0,0,0,0,44,13.61639404296875
beb6c6581d66b72e49f7c61347abed2d,0,1,1,1,0,0,1,0,0,0,0,0,38,15.25360107421875
bebb7f6020a7ba7f65894fbb6179f72b,0,1,1,0,0,0,1,0,0,1,0,0,22,27.04901123046875
bebbac0a5e9d96dfb3b8fce763997ed8,0,1,1,1,0,0,0,0,0,0,0,0,35,17.62371826171875
bec1df580d3281e2da0a2291117c511f,0,1,1,1,0,1,0,0,0,0,0,0,100,11.71014404296875
bece30556fe24bcdc676d63638f09267,0,1,1,1,0,0,0,0,0,0,0,0,36,25.47576904296875
beda72785c39243cf6253aab3cd95aae,0,1,1,1,0,0,0,0,0,0,0,0,26,25.37322998046875
bee1f1283bdaeca3a71dffd56587e454,0,0,0,0,0,0,1,0,0,0,0,1,14,41.26678466796875
bee6c88dd3f895f7382970d6a5960fb6,0,0,0,1,0,1,0,0,1,0,0,0,62,36.41864013671875
bef2c48ee21fd323b6ba9be6940455eb,0,1,1,1,0,0,0,0,0,0,0,0,28,30.57781982421875
bef630e57c2a2fdc56163eb2fdea1eb0,0,1,1,1,0,0,1,0,0,0,0,0,56,12.35272216796875
befc7aa8e68e5609a45dd5710b84dc84,0,0,1,1,0,0,0,0,0,0,0,0,38,15.53680419921875
bf1274af648e8f422abbf662411ef400,1,1,1,1,0,0,0,0,0,0,0,0,44,13.29412841796875
bf158db367c606b0a190f8a987875f09,0,0,1,1,0,0,0,0,1,1,0,0,58,-0.97149658203125
bf1b04ea91be28741b75c35bf0cb42e6,0,1,1,1,0,0,1,0,0,0,0,0,51,25.72039794921875
bf264d789ad9934d9c3b0ad3e164383e,0,0,0,1,0,0,1,0,0,0,0,0,28,17.34588623046875
bf2688b59e2d755458971b2fc1b31827,0,1,1,1,0,0,0,0,0,0,0,0,16,56.91522216796875
bf3c161749d66e23ee13cd91b470bbf4,0,1,1,0,0,0,1,1,1,1,1,0,77,15.51190185546875
bf41f3b4a3be6b2d8c6a0797c706a61a,0,1,1,1,0,0,1,0,0,1,0,0,20,24.96844482421875
bf435ff3d50ce0ea332678255d24b7f4,0,1,1,1,0,0,0,0,1,1,0,0,34,1.51287841796875
bf49bb8f13a38fa65d8e7b6644d741e7,0,1,1,1,0,0,0,0,1,1,0,0,40,7.89031982421875
bf5401b07e4fea774d4553db1f021510,0,1,1,1,0,0,0,0,0,0,0,0,22,44.63983154296875
bf55bac782fe38226c82177fd3b1e36b,0,1,1,1,0,0,0,0,0,0,0,0,27,4.99725341796875
bf5e775cdb83e380c3f149db028c2cb6,0,1,1,1,0,0,0,0,0,0,0,0,34,22.64666748046875
bf5f937356a78b5f701287935cd5c6e5,1,1,1,1,0,0,0,0,0,0,0,0,51,21.42791748046875
bf620404ce80488009c9dfffa0fbe53e,0,1,1,1,0,0,0,0,0,0,0,0,40,6.31072998046875
bf64682764503041a19a62a2cba9c5b4,0,0,1,1,1,0,1,0,0,0,0,0,24,13.82196044921875
bf6653ae2050128bcd47130e35987cb2,0,0,0,0,0,0,0,0,0,0,0,0,41,11.81903076171875
bf66a9505046c50e4c6418329146e450,0,1,1,1,0,0,0,0,0,0,0,0,59,18.09783935546875
bf68040faf8f3f0b35755c795ca08fd1,0,1,1,1,0,0,0,0,0,0,0,0,40,24.72479248046875
bf6b8de124e852fca6c0579c39197696,0,1,1,1,0,0,0,0,0,0,0,0,17,5.30975341796875
bf74c254676d9345836eb1562fc09d70,0,1,1,1,0,0,0,0,0,0,0,0,80,6.38787841796875
bf771e843977a2c6f349c14ebaefc2d8,0,1,1,0,0,0,0,0,0,0,0,0,35,10.51580810546875
bf7933ccc75070fc32c4bd002251786a,0,1,1,1,0,0,0,0,0,0,0,0,22,30.95574951171875
bf7b1ee5e5e85d0a1d8e271fcff1c3bb,0,1,1,1,0,0,0,0,0,0,0,0,44,17.39373779296875
bf7cd72da5c2c0b2cc742ce69279f3a1,0,0,1,1,0,0,0,0,0,0,0,1,37,29.80389404296875
bf7d7f0d9b936751fe781a002a198ff8,0,1,1,1,0,1,0,0,0,0,0,0,29,24.11541748046875
bf809c14eb103c07710fc073f32a5d76,0,0,1,1,0,0,0,0,0,0,0,1,19,10.15301513671875
bf82028a44815f895c42198fbcb8b037,0,1,1,1,0,1,0,0,0,0,0,0,83,16.04998779296875
bf8501acaeeedc2a421bac3d9af58bb7,0,1,1,1,0,0,0,1,0,0,1,0,27,33.28680419921875
bf9290cf2f3f3df839a89f774a95c34b,0,0,1,1,0,0,0,0,0,0,0,1,33,16.36737060546875
bf97378ae679b901da31dbb20555a108,0,1,1,1,0,1,0,0,0,0,0,0,27,-0.97052001953125
bf981f48fbee3fd4b34b03db2ea34284,0,0,1,1,0,0,0,0,1,1,0,0,81,20.92303466796875
bfa93f9cda77b599497625c683880096,0,1,1,1,0,1,0,0,0,0,0,0,36,9.82147216796875
bfaa7dcfe76c749315708af0b960be00,0,1,1,0,0,0,0,1,0,0,0,0,19,37.07489013671875
bfb5b8fb0d6662739bac78298636fe26,0,1,1,1,0,0,0,0,0,0,0,0,3,29.79315185546875
bfbdc7266184cf766e9a92bfafb4d8b1,0,1,1,1,0,0,0,0,0,0,0,0,44,12.81072998046875
bfc773d5f4f0138bf32420432ed7d3c3,0,1,1,1,0,1,0,0,0,0,0,0,100,36.16180419921875
bfc857d570da2d0eb286ee645aa60059,0,1,1,1,0,0,0,0,0,0,0,0,49,22.40301513671875
bfc85a3cd1d01e91eb4123720a20db11,0,1,1,1,0,1,0,0,0,0,0,0,7,16.25946044921875
bfd3a28ea16b73471a0203965bf210c9,0,1,1,1,0,0,0,0,0,0,0,0,49,15.75408935546875
bfd7ee9599ca0da5bb367d897f09fd5d,0,1,1,1,0,0,0,0,1,1,0,0,34,12.96893310546875
bfd82bf098bc6376cf16b4507b5252c4,0,1,1,1,0,0,0,0,0,0,0,0,25,17.17108154296875
bfefa66579a8686131af7c6d720cab07,0,1,1,1,0,0,1,0,0,0,0,0,34,12.60955810546875
bff29abd6d2c0eb62d88b74859203d21,0,1,1,1,0,0,1,0,0,0,0,0,38,9.02264404296875
c00198f31a74927d061f17637c1599a6,0,1,1,1,0,0,0,0,0,0,0,0,34,15.77557373046875
c009eca2bb9348b1e4a0d02b400f93c7,0,1,1,1,0,0,0,0,0,0,0,0,30,15.03094482421875
c00d8fa46a0f49a3d9640d6fcea8787d,0,1,1,1,0,0,1,0,0,0,0,0,51,19.69989013671875
c00e3329a90a17e315a7c149c2685c10,0,0,1,1,0,0,0,0,0,0,0,1,58,44.43621826171875
c01951246de769cd4d2f55abd09a1a32,0,1,1,1,0,0,0,0,1,1,0,0,63,13.54656982421875
c020c85eb32f42fa2f988c1f85f79a5a,0,1,1,1,0,0,1,0,0,0,0,0,47,13.30877685546875
c0233ec2ee8103ba3d96b1d351ccc3f8,0,0,0,1,0,0,0,0,0,0,0,0,28,9.56463623046875
c02bd68ad90cf04894f6e6db78275b39,0,1,1,1,0,1,0,0,0,1,1,0,100,0.77606201171875
c0310055a307946a80207c435a7c6eca,0,0,1,1,0,0,0,0,0,0,0,1,44,21.40789794921875
c0359b7f7d99d2cb512016c0811436eb,0,1,1,1,0,0,0,0,0,0,0,0,34,12.66424560546875
c03ccf1de8ad97cdb18bed70302c4c0c,0,1,1,1,0,0,0,0,0,0,0,0,34,8.85858154296875
c03d8a0d8ee8c44d759c7972a65ace50,0,1,1,1,0,0,0,0,0,0,0,0,30,38.16619873046875
c03e543e186863127eb6572d19b8d143,0,0,1,0,0,0,0,0,0,0,0,0,24,14.08416748046875
c04034bbfe0a0d89729541c2271a674e,0,1,1,1,0,0,0,0,0,0,0,0,48,11.43035888671875
c047edc2fd793084291591cfcdff26e0,0,1,1,1,0,0,0,0,1,0,0,0,45,16.01092529296875
c05255a04e0d11e1f21da7d2fb648b7d,0,1,1,1,0,0,1,0,0,0,0,0,78,19.68280029296875
c05fc6c26ed3a25760acd313a2557a30,0,0,0,0,0,0,0,0,1,0,0,1,22,19.84979248046875
c0654fce0307c2b7a6b11297afd10eb6,0,1,1,0,0,0,1,1,0,1,1,0,32,28.46014404296875
c06adb30a78063ec4e85337a5af49dce,0,1,1,1,0,0,0,0,0,0,0,0,27,67.21893310546875
c075a1b64678485f3c773641ae16b366,0,1,1,1,0,0,0,0,0,0,0,0,44,26.53680419921875
c07740c193e10a862f7c562711230d71,0,1,1,1,0,0,0,0,0,0,0,0,26,8.12957763671875
c077606393692b76022b7c84dd75ef65,0,0,1,1,0,0,0,0,0,0,0,0,45,26.76092529296875
c07d1dc8e2fbe1d8acb0807747df0ab1,0,0,0,1,0,0,0,0,0,1,1,0,4,17.42694091796875
c07daceca9170dfb45d0f30534c3fc76,0,1,1,0,0,0,0,0,0,0,0,0,53,34.57049560546875
c08420d775dee3528541bd8063714ca0,0,1,1,1,0,0,0,0,0,0,0,0,16,1.93963623046875
c08f7bb3af61c59210e79e54a476be0f,0,1,1,1,0,0,0,0,0,0,0,0,41,10.62030029296875
c09363480fc81d32e6bbcc1631b5da2a,0,1,1,1,0,0,0,0,0,0,0,0,71,16.48651123046875
c099737ac1fb280fee45e0c138caa8fd,0,1,1,1,0,0,0,0,0,0,0,0,100,32.98114013671875
c0a5cbfae93695ec6912ef71d5aa5ac3,0,1,1,1,0,0,0,0,0,0,0,0,43,40.56072998046875
c0a6b5742a93b2ac50b07c06a2a6d972,0,1,1,0,0,0,0,0,0,0,0,0,38,13.26873779296875
c0a95220d6213d87e2561a1997880dfd,0,1,1,1,0,0,1,0,0,0,1,0,34,3.36932373046875
c0c6f1236bbcc4b75f8251a6949113d2,0,1,1,1,0,0,1,0,0,1,0,0,28,36.11492919921875
c0d2144c25bf085403df0e0112028864,0,1,1,1,0,0,0,0,0,0,0,0,28,24.01385498046875
c0e289a44e146c92726abaeb1ecf8064,0,1,1,1,0,0,0,0,0,0,0,0,22,18.12371826171875
c0ec63fc30169e29bcb5b4e1f4c5dfda,0,0,1,1,0,0,0,0,0,0,0,1,31,22.56561279296875
c0ec9b5056874a8b51e5321ccb849f2e,0,0,0,0,0,0,1,0,0,0,0,0,59,17.59490966796875
c0ecfb6bb668beff951de197f547ffab,0,1,1,1,0,1,0,1,0,0,1,0,24,22.13348388671875
c0f0096c62866998572dba2afe6dde95,0,1,1,1,0,0,0,0,0,0,0,0,16,10.78192138671875
c0f077d1e16502af0bf3a9f1f21b4ac7,0,1,1,1,0,0,0,0,0,0,0,0,34,4.04803466796875
c0f48ee34a65d2b3b7b65bea6350f8e0,0,1,1,1,0,0,0,0,0,0,0,0,36,26.93572998046875
c0f4f33f1e0a07d0f9cc11df7e185dff,0,1,1,1,0,0,0,0,0,0,0,0,32,28.09344482421875
c1008826e41b8574538526ee7b7affb3,0,1,1,1,0,0,0,0,0,0,0,0,27,9.07928466796875
c105a9e0c4c5fcdeb51a84b98798019f,0,1,1,1,0,0,0,0,0,0,0,0,41,26.61785888671875
c108e0d195641875f090da1701475a45,0,0,1,1,0,0,0,0,0,0,0,0,25,29.56317138671875
c119876b92e966d2a009e42365f7fa92,0,0,1,1,0,0,0,0,0,0,0,1,35,57.43084716796875
c125083fb91b9959600c2911dc28d597,0,1,1,1,0,0,0,0,1,1,0,0,18,19.48162841796875
c125779cb8d840147e0df5d7a1d79364,0,1,1,1,0,0,0,0,1,1,1,0,22,4.91229248046875
c1294a010720b1e1809ec30f300a48fb,0,1,1,1,0,0,0,0,0,0,0,0,22,15.74676513671875
c129b99f6a1fb68cf0ccc21798c20489,0,0,0,1,0,0,0,0,1,0,0,0,31,15.65692138671875
c12ac556c8a22c960a06b9ec3d9d3967,0,1,1,1,0,0,0,0,0,0,0,0,17,22.40789794921875
c136beac34aaaacb3560149f488754f9,0,0,1,1,0,0,0,0,0,0,0,1,31,11.50164794921875
c13cd6b0740aa0d5f0f3d263a82d79b2,1,1,1,1,0,0,0,0,0,0,0,0,34,12.12225341796875
c149fe1e2629bc48ba4bb40188956744,0,1,1,1,0,0,0,0,1,0,0,0,33,14.83514404296875
c15c49ddb053de83759f50f22c11c070,0,1,1,1,0,0,0,0,1,1,0,0,36,8.95135498046875
c15e0ccf99ec3a3a6fa6169fdb9e3c49,0,1,1,1,0,1,0,0,0,0,0,0,12,29.66082763671875
c15ea22e87e8009781f7fc050dcc06dd,0,1,1,1,0,0,1,0,0,0,0,0,26,21.98358154296875
c16b6e55a60c23300de3b8adfa835f5e,0,0,0,1,0,0,0,0,0,0,1,0,45,26.37225341796875
c1715b7b4d4752b0fc950e94f822bfee,0,1,1,1,0,1,0,0,0,0,0,0,30,16.30242919921875
c175ed92b91068f0636e799b9df050b3,0,1,1,1,0,0,0,0,1,0,0,0,57,2.58172607421875
c1782b1983d72e3677c20222b7ffacb3,0,1,1,0,0,0,1,0,0,0,0,0,40,21.06121826171875
c17d1ff99c883f0b9fa78c049ee0c067,0,0,1,1,0,0,0,0,0,0,0,1,63,48.81658935546875
c189e1fffebed8b41e60b6338c56488d,0,1,1,1,0,0,0,0,0,0,0,0,31,9.68231201171875
c18e2e62f023f94c8b50d11eed654b2a,0,0,1,1,0,0,0,0,1,1,0,1,54,15.39520263671875
c19931522ce6b68f6da376459cde9c8f,0,0,0,0,0,0,0,0,0,0,0,1,45,19.77313232421875
c1a1daf4e17d09752a59f8545ee797bd,0,1,1,1,0,0,0,0,0,0,0,0,27,23.55194091796875
c1a2f6233a032b20cf84df5c74680ca9,0,1,1,1,0,0,0,0,0,0,0,0,58,14.69158935546875
c1a547ec8be4ddba5072ee3c0ee9cd6f,0,1,1,1,0,0,0,0,0,0,0,0,28,15.91473388671875
c1a71f4da7e8e6393f91610acdbf0d64,0,1,1,1,0,0,0,0,0,0,0,0,81,30.38153076171875
c1a7c8d4e4baa1c15869920cdf69c837,0,0,0,1,0,0,0,0,0,0,1,0,25,12.00604248046875
c1b171ba725d500b54d91036ec0dbfe7,0,1,1,1,0,0,0,0,0,1,0,0,60,35.21746826171875
c1b29292dc7e8484acc657586c9c7947,0,1,1,1,0,0,0,0,0,0,0,0,39,25.64276123046875
c1bc1b94c96956386b0d54f93e88d5c9,0,0,0,1,0,0,0,0,1,1,0,0,41,5.73748779296875
c1bc26d18d42d8950c881b87ef825826,0,1,1,1,0,0,0,0,0,0,0,0,47,3.90057373046875
c1c2ac3c342ee6d3111df5ba79d1e85f,0,0,0,1,0,0,0,0,1,1,0,0,41,9.52752685546875
c1c3b2dede5a93586991cbf72a915101,0,1,1,1,0,0,0,0,0,0,0,0,35,19.76873779296875
c1e5610529465ff5b9e337f205b7209a,0,1,1,1,0,0,0,0,0,0,0,0,100,22.83123779296875
c1ed76a8ca4a2c541333537da7cb0d40,0,1,1,1,0,0,0,0,0,0,0,0,25,9.66864013671875
c1ee0b0f2b6c91aad757245200710a64,0,1,1,1,0,0,1,0,0,0,0,0,25,9.45574951171875
c20c5d9a1d120daaf08aa5233b8be4ac,0,1,1,1,0,0,0,0,1,1,0,0,19,23.03485107421875
c2243c99e0a96d5e0dfbb9b00e922bed,0,1,1,1,0,0,0,0,0,0,0,0,24,13.95819091796875
c237226d368c5d51e118c8055f3e1c5d,0,1,1,1,0,0,0,0,0,0,0,0,19,5.09100341796875
c237a7f00c9a43915791b7dadd570877,0,1,1,1,0,0,0,0,0,0,0,0,23,9.98309326171875
c2475664308bfc704800af25dfdea65f,0,0,0,1,0,0,0,0,0,0,0,1,6,19.72137451171875
c249b8f28576da0018cb2c9145179e72,0,1,1,1,0,0,1,0,0,0,0,0,32,8.08319091796875
c25384f6d93ca6b802925da84dfa453e,0,1,1,1,0,0,1,0,0,0,0,0,9,9.38299560546875
c2559dca095073cd62f5073380f1341a,0,1,1,1,0,0,1,0,0,0,0,0,25,20.01873779296875
c25f73d6d6681fda015a5fa84794e1a8,0,1,1,1,0,0,0,0,0,0,0,0,25,18.64617919921875
c269deb9851501a4bbc912ea97dd74ef,0,0,0,1,0,0,0,0,0,0,0,0,29,9.42742919921875
c269fd0c1ec2f568aec9429177bb173b,0,1,1,1,0,0,0,0,0,0,0,0,49,12.59295654296875
c26aaaa32cf198e3de126cabbd5f7443,0,0,1,1,0,0,0,0,0,0,0,1,24,9.44549560546875
c26b442582357054a02a2c8cfa54cacf,0,0,0,1,0,0,0,0,1,0,0,0,45,26.93280029296875
c26de3ffd03a8f98a5927f2130ea9ba8,0,0,1,1,0,0,0,0,0,0,0,1,54,8.07244873046875
c274a71fa8ec03cb3b1c8f1c0c063e36,0,1,1,1,0,0,0,1,0,0,1,0,35,16.36199951171875
c279f1e5c7f71c046bd82045fd6bedac,0,0,1,1,0,0,0,0,0,0,0,1,55,42.84979248046875
c286da93e579fe9c3ba5c87634fad254,0,1,1,0,0,0,0,0,0,1,0,0,46,15.31317138671875
c2921e389c9b64fa46eaa356c887c006,0,0,1,1,0,0,0,0,1,1,0,0,36,12.14276123046875
c2975e5ca8aea5fefeb19ee28479be99,0,1,1,0,0,0,0,0,0,0,0,0,39,21.50506591796875
c29a94f75eabb74278d7275c0f8dea79,0,1,1,1,0,0,0,0,0,0,0,0,35,27.04461669921875
c29c3c55569e226ec6bbef8d58b97c8f,0,1,1,0,0,0,0,1,1,1,1,0,28,11.28729248046875
c2a454109632c3d8ffb3a74224699555,0,1,1,1,0,0,0,0,1,1,0,0,35,16.39080810546875
c2aa0fc0fc70b862326201b92ffaa79b,0,0,0,0,0,0,1,0,0,0,0,0,49,12.52166748046875
c2ab5566db2727ecc5c5981100d7414f,0,0,1,1,0,0,0,0,0,1,0,1,41,22.35955810546875
c2aecbb70ac73d0fb9aa00b9cdc1d4d0,0,0,1,1,0,1,0,0,0,0,0,0,55,18.66131591796875
c2b3f8cc8ff08227f8ca3a8362b44253,0,0,0,0,0,0,1,0,0,0,0,0,53,48.34783935546875
c2ba097979ee7c3bbb0c16075d89726b,0,0,1,1,0,0,1,0,0,1,1,0,54,14.54266357421875
c2c1db008e551b9f11f79c5ad6db621b,0,1,1,1,0,0,0,0,0,0,0,0,50,25.77850341796875
c2cae93a85346c5d64d3655a6c11b15c,0,0,0,1,0,0,0,0,0,0,0,0,17,9.17889404296875
c2cca881653b7ff4256733dd2bac7464,0,0,1,1,0,0,0,0,1,0,0,0,29,6.02801513671875
c2cfd5bbb2826ed42f9972acb9b7f0e5,0,1,1,0,0,0,1,1,1,0,1,0,33,7.16424560546875
c2de853c327dcb20b9027817f620aa76,0,1,1,1,0,0,0,0,0,0,0,0,36,12.65936279296875
c2e97e3afa26b83abcaae69e12b90a10,0,0,0,1,0,0,0,0,0,0,0,0,32,33.02362060546875
c2ef7773a525977087f8a47a2f4625c2,0,1,1,0,0,0,0,0,0,0,0,0,24,14.84295654296875
c2f007648dec34abc4a3cb8e4a3ef3a7,0,1,1,1,0,0,0,0,0,0,0,0,61,18.55438232421875
c2f1ba95edac1f1d56449856f3431a5e,0,1,1,1,0,0,0,0,0,0,0,0,28,17.84783935546875
c300bfef5cc3272b312c2068db8adf98,0,1,1,0,0,0,1,0,0,0,0,0,63,23.16082763671875
c3035822930fcb385d808f5e762b4823,0,1,1,1,0,0,0,0,0,0,0,0,38,13.47088623046875
c307f87d59c523de57e913e886cde5d8,0,1,1,1,0,0,0,0,0,0,0,0,19,6.61199951171875
c31a5b1899a9eb27edf1b8ac6aedb6f6,0,1,1,1,0,0,0,0,0,0,0,0,25,25.54022216796875
c31d06e164a1316f7e54152c6b623073,0,0,1,0,0,0,0,0,1,0,0,0,29,15.82781982421875
c3212c580d4ce2f6e301e7ee82992565,0,1,1,1,0,0,0,0,1,0,0,0,100,14.90838623046875
c3214f7072e168d0a2f9ee6b4ddcd3c1,0,0,1,1,0,0,0,0,1,1,0,0,100,25.33319091796875
c3248efcba4c1af39db988d0f9b8e41d,0,0,1,1,0,0,0,0,0,0,0,1,77,53.92352294921875
c329c64fb8b1e4fcfaaa9f081443d247,1,1,1,1,0,0,0,0,0,0,0,0,52,20.63836669921875
c32a950492a47622700c3d847848a475,0,0,0,1,0,0,0,0,0,0,0,0,27,11.18719482421875
c33819749d5f4209a4ea68dafd729e84,0,0,1,1,0,0,0,0,0,0,0,0,23,23.19842529296875
c33fa3b379d6cab0d006460934117065,0,1,1,1,0,0,0,0,0,0,0,0,35,29.57635498046875
c349f295c02ac04339b3e65c9bccfc57,0,0,1,1,0,0,1,1,0,0,0,0,100,11.43572998046875
c34fa423573802c6c046d890788f0a44,0,0,0,0,0,0,0,0,1,0,0,0,35,9.64569091796875
c35109d17927a00a3a2bd9df0a257df8,0,0,0,1,0,0,0,0,0,0,0,0,40,31.84344482421875
c3569a190ebbf331b9cf77d01d9b9fd4,1,1,1,1,0,0,0,0,0,0,0,0,13,11.89276123046875
c3595519689bd0232adc5de447fde550,0,1,1,1,0,0,0,0,0,0,0,0,16,17.34588623046875
c38876e6ac0e0bb94b01ebd045482803,0,0,0,0,0,0,1,0,0,1,0,0,44,-3.96856689453125
c39173e9eb2127820ad758ac00d6b7d7,0,1,1,1,0,0,0,0,0,0,0,0,29,13.91180419921875
c391db468c4c2dac217fcbc6eab9dc47,1,1,1,1,0,0,0,0,0,0,0,0,32,28.10369873046875
c393e0b51dfa9fb2fd0082c217e8ca72,0,0,0,1,0,0,0,0,0,0,0,0,55,27.40399169921875
c395a858529730d4763965b7bfc057b3,0,0,0,0,0,0,1,0,0,0,0,0,26,7.90838623046875
c39c3712ec33e45d90d139118f3c6533,0,1,1,1,0,0,0,0,0,0,0,0,15,13.01434326171875
c3a9d439133024288da0bb3f2ee8d488,0,0,0,1,0,0,0,0,0,1,0,0,30,13.86688232421875
c3ad817e8904e58aef89782bd7aeea0a,0,1,1,1,0,0,0,0,0,0,0,0,25,15.45233154296875
c3ae20e7de8c74a62a37166bb57f4e2e,0,1,1,1,0,0,0,0,0,0,0,0,65,17.39813232421875
c3bee9ced5c84b161870bef7030131a6,0,1,1,1,0,0,0,0,0,0,0,0,34,21.26824951171875
c3c58747a9fa3bf1372c6c5663fd9ef3,0,1,1,0,0,1,0,1,0,0,0,0,9,14.03924560546875
c3cb985fbc378139d781f278066db3f5,0,0,0,1,0,0,0,0,1,1,0,1,8,42.50360107421875
c3cdb91a7b44ca974bb132f592691dae,0,1,1,1,0,0,0,0,0,0,0,0,100,42.54461669921875
c3d605a076b4c96abf2bd505659fe76f,0,0,0,0,0,0,0,0,0,0,0,0,24,57.34002685546875
c3ded9c50ec9d0a26aa828bf103108e2,0,1,1,1,0,1,0,0,0,0,1,0,24,32.09979248046875
c3e11dae434189a133b35b59a4d79a12,0,1,1,1,0,0,0,0,1,1,1,0,23,5.35662841796875
c3e29a5bc92709df4d7b9e021d4d330a,1,1,1,1,0,0,0,0,0,0,0,0,31,58.45330810546875
c3e3eb5dc48f278232b60fa498f20eed,0,1,1,1,0,0,0,0,0,0,0,0,18,9.33221435546875
c3e3fd9604afa189f6c03f78e4ee0d17,0,1,1,0,0,0,0,0,0,0,0,0,31,5.33905029296875
c3e4453fb60903a6ffd6250d61ef651f,0,1,1,1,0,1,0,0,0,0,0,0,94,19.55731201171875
c3f0aeadd9c56494255108c34fdac62c,0,1,1,1,0,0,0,0,0,0,0,0,42,21.81463623046875
c3f58ebd5ecf823f0311a7b2847256ea,0,1,1,0,0,0,0,0,0,0,0,0,35,44.73651123046875
c3f61eb6373e786224144c875d008267,0,0,1,1,0,0,0,0,0,0,0,0,64,27.49139404296875
c4088c9c176dc4788aa0c4f084db2505,0,1,1,1,0,1,0,0,0,0,0,0,26,26.26190185546875
c410a8256f2a5b265604ab83a6ae4923,0,0,1,1,0,0,0,0,0,0,0,1,28,27.23016357421875
c411a62db19363a5b8a35d2fac2b7ac8,0,1,1,0,0,0,1,0,0,1,0,0,59,32.18719482421875
c4136f3ed5c3c70c9a0d4e9763d72035,0,0,0,1,0,0,0,0,0,0,0,0,53,48.80340576171875
c414ca0fb59eb43abfd72dcb10cc85f2,0,1,1,1,0,0,0,0,0,0,0,0,16,18.36444091796875
c420c7158cba6b82dc5b3cb652a866c9,1,0,0,1,0,0,0,0,0,0,0,0,65,0.19158935546875
c4215cc6a820c777f3df68e10204dda8,0,1,1,1,0,0,0,0,0,0,0,0,45,32.73651123046875
c425e7f74dade463807695697b095ad0,0,0,0,0,0,0,1,0,0,0,0,0,100,21.37860107421875
c42d94bf451569413dc56fe331822f10,0,0,1,1,0,0,0,0,0,0,0,1,18,47.29022216796875
c43417daf533e3d6500996813f12c44d,0,1,1,0,0,1,1,0,0,0,0,0,26,15.82147216796875
c4343c86305ca66a5d0fb25c23a6258c,0,1,1,1,0,0,0,0,0,0,0,0,37,6.94842529296875
c440a1c202a595eebb82f4047864d17b,0,0,0,0,0,0,0,0,1,1,1,0,35,72.91864013671875
c441bc822f68ad00ff31f2527cc8f882,0,1,1,1,0,0,0,0,0,0,0,0,53,-4.85870361328125
c442030c2cb499fea349a86768c56db9,0,1,1,1,0,0,0,0,0,0,0,0,100,32.08514404296875
c4491f605265cbc524e8f8855bbe89f7,0,1,1,1,0,0,0,0,0,0,0,0,28,6.73016357421875
c449903d41b025d1236b888d5ecb975d,0,1,1,1,0,0,0,0,1,0,0,0,36,12.77508544921875
c45017428ab9335b62b4b10228e439fe,0,0,0,0,0,0,0,0,0,0,0,0,22,30.90399169921875
c454ddf218d0717b98baea08c0f8af20,0,1,1,1,0,0,0,0,0,0,0,0,30,17.50213623046875
c463fb2214cb1871f5171e1e06f287af,0,1,1,1,0,0,0,0,0,0,0,0,94,11.80584716796875
c464575bc8f62d7ce1bd92074f68889a,0,1,1,1,0,0,0,0,0,0,0,0,42,16.08856201171875
c468f419bec726dd52f46755c3dab666,0,1,1,1,0,0,0,0,0,0,0,0,40,31.51483154296875
c4706f6503e7a74b195afa1550d99ea8,0,1,1,1,0,0,0,0,0,0,0,0,27,32.69549560546875
c476d3bed3007caf763d447cef5aa600,0,1,1,0,0,0,0,0,0,0,0,0,19,35.78436279296875
c48fe19cda7a80e4fb9d386712407f26,0,1,1,1,0,0,0,1,0,0,0,0,11,8.88201904296875
c490e413a905f5462f2935a1a1f52d7c,0,1,1,0,0,0,1,0,0,0,0,0,24,14.48797607421875
c49631f500119845ef66687193b59fd9,0,1,1,1,0,0,1,0,0,1,0,0,28,28.84051513671875
c497cdd2671c8c4e21ad24192d5bd789,0,0,1,1,0,0,0,0,0,0,0,0,62,68.98553466796875
c498c3c31942afc4531ea1ea582da785,0,1,1,1,0,0,0,0,0,0,0,0,25,22.47088623046875
c4ad9207c42b534dba85b6028b4cd95f,0,0,0,0,0,0,1,0,0,0,0,0,8,11.83563232421875
c4b28fea00bb41d256527bd4ce79842c,0,1,1,1,0,0,0,0,0,0,0,0,32,14.07147216796875
c4bf2c4819811fddc5e980c2c1fcf93d,0,1,1,0,0,0,1,0,0,1,0,0,32,24.23260498046875
c4d76024f7f48b0c7b9135ede4aaee0e,0,1,1,0,0,0,0,0,0,0,0,0,23,22.01287841796875
c4de9af134fdb5eb5da5f5d586a0025e,0,0,1,1,0,0,0,0,0,0,0,0,26,29.73114013671875
c4e5531a2b45bc0553fdf20dad85b525,0,1,1,1,0,0,0,0,0,0,0,0,31,7.46258544921875
c4f826f0060f48e857967581db75a2d2,0,1,1,1,0,1,0,0,0,0,0,0,21,31.28729248046875
c504568822c53675a4f425c8e5800a36,0,1,1,1,0,0,0,0,0,0,0,0,40,0.14764404296875
c5133b3826c27dc707e020c35e8b1867,0,1,1,1,0,0,0,0,0,0,0,0,29,10.27362060546875
c51548988eb67ed48e317acde3fdd9f7,0,0,0,1,0,0,0,0,0,0,0,0,50,8.71795654296875
c523760f358a99557344b4cfec2617ca,1,1,1,1,0,0,0,0,0,0,0,0,32,16.74237060546875
c5256f1e65bd9dafad048f2be8ae7e2b,0,0,1,1,0,0,1,0,0,0,0,0,30,14.29656982421875
c5281913668624d44f1a77b475b1e774,0,1,1,1,0,0,0,0,0,0,0,0,24,17.53631591796875
c5414b9ba364c9ed4f99e344a69e9d16,0,1,1,1,0,0,0,0,0,0,0,0,27,4.10321044921875
c5432b85263fce42e6f8e2c99bb48a24,0,1,1,0,0,0,0,0,0,0,0,0,26,33.51531982421875
c54843ce85be6139aa248dfc462506fd,0,1,1,1,0,0,0,0,0,0,0,0,50,-4.11407470703125
c54dfebf2dbf68b0e66cc981d92e435a,0,1,1,1,0,0,0,0,0,0,0,0,30,27.29705810546875
c55719cf7da3f8ee2741aa9e2536866c,0,1,1,1,0,0,0,0,0,0,0,0,79,37.62811279296875
c55e1abb52ece940578e904803cae266,0,1,1,0,0,0,0,0,1,1,0,0,31,12.60662841796875
c56043dc8fb778f6ddffe998b4414495,0,1,1,0,0,0,1,1,0,0,0,0,76,1.40594482421875
c5697d9e07ddf7cc2c6253c47d8b709b,0,0,1,1,0,0,0,0,0,0,0,0,40,3.80975341796875
c56ee3ad07d8aea7325af47b05a404cc,0,0,0,0,0,0,0,0,0,0,0,0,47,27.25701904296875
c576d8622dab5d8fd199dbcac38dd98c,0,1,1,1,0,0,0,0,1,1,0,0,38,34.94842529296875
c582cbb2a4cf62dccbc73e997a7b3793,0,1,1,1,0,0,0,0,0,0,0,0,26,15.32928466796875
c583c4ad31a633b83bb4f7bcd42d7cbc,0,1,1,1,0,1,0,0,0,0,0,0,20,35.02069091796875
c5926d7adc760612b0ab8e6e830ebdec,0,0,1,1,0,0,0,0,0,0,0,1,55,31.03973388671875
c597049231098f439a375b9ae3e4cb98,0,0,0,1,0,1,0,0,0,0,0,0,56,26.76190185546875
c59a96f9152b25886f8506fbe323a30e,0,1,1,1,0,0,0,0,1,1,0,0,21,14.87518310546875
c59af2d676843aec9a203c0ceacab105,0,0,0,0,0,0,1,0,0,0,0,0,31,15.29803466796875
c5ba46bc5dc8e89bd194ca3908f2ee71,0,0,1,1,0,0,0,0,0,0,0,0,60,21.61248779296875
c5ba9fdb6b6addc144ae06cface9ed75,0,1,1,1,0,0,0,0,0,0,0,0,28,7.54803466796875
c5c8df05b6766271662f9a2b2cb5b214,0,1,1,1,0,0,0,0,1,1,0,0,44,44.56365966796875
c5d8f1dc9a16bbce7d6e0f9337e27934,0,0,1,1,0,1,0,0,0,0,0,1,94,16.07147216796875
c5e2213bdf407f7e330415c90ecd2570,0,1,1,1,0,0,0,0,0,0,0,0,39,33.69158935546875
c5e343b26cabeb9ca247decc75e00826,0,0,0,0,0,0,1,0,1,0,0,0,35,22.74383544921875
c5e41604db6d3ec335b4bb4b4511a19e,0,1,1,1,0,1,0,0,0,0,0,0,62,45.43621826171875
c5e453e9db92cb9ab31d1b73c31fbea1,0,1,1,1,0,0,0,0,0,0,0,0,23,1.05682373046875
c5ea43448fce4d269eb2aa89481399dc,0,1,1,1,0,0,0,0,0,0,0,0,17,11.03826904296875
c5f024d370ab279348696d8954f07c9b,1,1,1,1,0,0,0,0,0,0,0,0,39,11.44940185546875
c5f501778b25efb12050072dcdf80819,0,0,0,1,0,0,0,0,0,0,0,0,49,12.75799560546875
c5f729d18607cc381edfe96e0694d3b8,0,1,1,1,0,0,0,0,0,0,0,0,5,65.87371826171875
c5f97eacd10294fc8da79eaf18fa13f1,0,0,0,0,0,0,1,0,0,0,0,0,59,16.14764404296875
c603b87efe1bad1f87014808177490a9,0,1,1,1,0,0,0,0,0,0,0,0,27,2.57684326171875
c6090a10bf049650fc9933dca1eecdba,0,1,1,1,0,0,0,1,0,0,1,0,29,25.31024169921875
c622f44ead171bd0e028f57741ba2305,0,1,1,1,0,0,0,0,0,0,0,0,47,0.55438232421875
c6317a41fd6a796658c555c71655392b,0,1,1,1,0,1,0,0,0,0,0,0,75,26.58367919921875
c648a5acaa3517c27c5fbfa724158024,0,1,1,1,0,0,0,0,0,0,0,0,28,10.26385498046875
c648ad725a5691f7ebbb6acb1d8178b0,0,1,1,1,0,0,0,0,0,0,0,0,25,39.03485107421875
c64cbb63ba064b69b1eb1184a588e8a6,0,0,1,1,0,0,1,0,0,0,0,0,3,9.14666748046875
c64f0ef71ac2fe0a1ac30193bef02c8e,0,1,1,1,0,0,0,0,0,0,0,0,24,21.72576904296875
c64f696923abfcdc108980d8c3f3358d,0,1,1,1,0,0,0,0,1,0,0,0,31,26.77752685546875
c6500c61bd0ebf744f3592610737883c,0,1,1,1,0,0,0,0,0,0,0,0,36,30.23455810546875
c651f95cb2b5bdfb9de1825100151580,0,1,1,1,0,0,0,0,0,0,0,0,41,7.70623779296875
c657a24116496a96d422cbb1597051e2,0,1,1,1,0,0,0,0,0,0,0,0,3,12.77606201171875
c65a20236d69d490fea15a08d748c078,0,1,1,1,0,0,0,0,1,0,1,0,32,24.97528076171875
c66b337f9d602f2588da3d71cde8a4c5,0,1,1,0,0,0,1,0,0,0,0,0,30,4.80584716796875
c66da0518d6ba3b6c06d003f7a46ec1e,0,1,1,0,0,0,0,0,0,0,0,0,38,22.78924560546875
c6700383291e0c6c2cd62f1a450b2517,0,1,1,1,0,0,0,0,0,0,0,0,38,1.38494873046875
c6824b00fc57657965fcaaee7d20d632,0,0,1,1,0,0,0,0,0,0,0,0,27,3.79998779296875
c6824c993b76092a52fbb8a57ff94e37,0,0,1,0,0,0,0,0,0,0,0,0,24,59.32684326171875
c68cba426e726797167c910fd757ecef,0,1,1,1,0,0,0,0,1,1,0,0,48,18.66815185546875
c68d9b073b88af320090007e7b3f8f9b,0,1,1,1,0,0,0,0,0,0,0,0,58,13.30584716796875
c690502e081502b0035d1e91311fdc05,0,1,1,1,0,0,0,0,1,1,0,0,63,20.34393310546875
c692fb99a4ed3a4d2102a8616e986418,0,0,1,1,0,0,0,0,0,0,0,0,2,13.24676513671875
c699ca5e388439834605fd1a8786eaef,0,1,1,1,0,0,0,0,1,1,0,0,47,35.48504638671875
c6a60ab32dcf980bf154216b24264dfc,0,1,1,1,0,0,0,0,1,1,0,0,30,16.01971435546875
c6b1b5b76f69448d6fd2c6d0fb9e3cbd,0,1,1,1,0,0,0,0,0,0,0,0,42,16.87615966796875
c6b1cbcb4453a2f1b73bd07a791006df,0,1,1,1,0,0,0,0,1,1,0,0,6,18.82049560546875
c6c0fa226e4b97e264cf33a0a082078f,0,1,1,1,0,0,0,0,1,1,0,0,31,16.74383544921875
c6c6ff64636f3f4fd88c15de22298c4b,0,1,1,1,0,0,1,0,0,0,0,0,37,14.12322998046875
c6cf1ee29ebee2cc1d700a8f42e1bab5,0,1,1,1,0,0,0,0,0,0,0,0,41,24.68524169921875
c6e0446b9ba6cc2ad9e71e98aadd5e29,0,1,1,1,0,1,0,0,0,0,0,0,35,22.03045654296875
c6e0ddfefa2407e496c466bbdee0f4f3,0,0,0,1,0,0,0,0,0,0,0,0,28,17.12811279296875
c6e402a0dcb9bbdd527a819f9911072e,0,0,1,1,0,0,0,0,0,0,0,0,33,20.34002685546875
c6eb508263d9d5c39eb5cccf0d51dc17,0,1,1,1,0,0,0,0,0,0,0,0,31,30.34539794921875
c6f1e5bebf81b609e812fe3912611205,0,1,1,0,0,0,0,0,0,0,0,0,55,38.05389404296875
c6f30fccad3cdc444a5d97ed12f9cee1,0,1,1,1,0,0,0,0,0,0,0,0,18,22.69061279296875
c70b3ef59d2077456fb44269520495c2,0,1,1,1,0,0,0,0,0,0,0,0,73,19.33660888671875
c70d58d9dc8b8b4a4a82bb94875cc89d,0,1,1,1,0,0,0,0,0,1,0,0,24,14.02459716796875
c70f4cde12dd73369a8773c6478f1956,0,0,1,1,0,0,0,0,0,1,0,1,20,43.08612060546875
c7183a70e41e9be95fe0a2ebe6cf39c6,0,1,1,1,0,0,0,0,0,0,0,0,60,6.97869873046875
c71b2140a4126a1224d9779c89bd5caf,0,1,1,1,0,0,0,0,1,1,0,0,63,9.38787841796875
c71ff825771654180e90a28e115738d6,1,1,1,1,0,0,0,0,0,0,0,0,50,9.14373779296875
c7231afcfbf6941ebc53de3f1cbb9f59,0,1,1,1,0,1,0,0,0,0,0,0,41,24.21209716796875
c72677b7eade0d7bba7ec84963053303,0,1,1,1,0,0,0,0,0,0,0,0,25,35.38787841796875
c72a516328f24a09a37f914203f3b277,0,1,1,1,0,1,0,0,1,1,0,0,27,1.76336669921875
c733fc1ed14638489856330276fecf7b,0,1,1,0,0,0,0,0,0,1,0,0,29,15.63006591796875
c734efb633d60271a98f291f1e1abce0,0,0,0,1,0,0,0,0,1,0,0,0,77,21.90447998046875
c736e2d50c61a62c0c953c5d13bf7da7,0,1,1,1,0,0,0,0,0,0,0,0,24,9.41326904296875
c7520f4d1664bdd58999f54530576a3c,0,1,1,1,0,0,0,0,1,1,0,0,57,15.62664794921875
c752554c44413fdfaa99fbb865047c31,0,0,1,1,0,0,0,0,0,0,0,0,34,29.44354248046875
c752d68d956f43e6a0ed850d4851f5e7,0,1,1,1,0,0,1,0,0,0,0,0,28,24.35272216796875
c762bdcf416524acc6759c11d0d025af,0,1,1,1,0,0,0,0,0,0,0,0,13,2.61053466796875
c76fed340008af126f869aa69d61f2eb,0,1,1,0,0,0,0,0,1,1,0,0,42,48.42449951171875
c7788640b4964af4ef5cfc3f4e01f9cb,0,1,1,1,0,0,0,0,0,0,0,0,42,21.28729248046875
c780797f5ffbe2464ded97aeefc6db03,0,1,1,1,0,0,0,0,0,0,0,0,25,23.43328857421875
c78220986aaef16f91d5e83289275fbb,0,1,1,1,0,0,0,0,0,0,0,0,74,7.00213623046875
c7915affccd65ddc9d4429be0351cd75,0,1,1,1,0,0,0,0,1,1,0,0,26,23.63885498046875
c7a260c343faf877293f5d4ced1237c4,0,1,1,1,0,0,0,0,0,0,0,0,29,17.91229248046875
c7b7a912d11d6f68efdcb33907473711,0,1,1,1,0,0,0,0,1,1,0,0,60,8.64276123046875
c7b919c565369592f8d4d0d9ae14876c,0,0,0,1,0,0,0,0,0,0,0,1,34,29.92449951171875
c7bf2100fa8c7271013b0ed3bb12592a,1,1,1,1,0,0,0,0,0,0,0,0,27,16.89715576171875
c7c2b3ff2f802bcf23625d9d39a36e0e,0,1,1,1,0,0,0,0,1,1,0,0,39,31.19696044921875
c7cbbd4ddf1afc69e201750d349dac7e,0,1,1,1,0,0,1,0,0,0,0,0,18,6.09002685546875
c7cc01d88c12f875cd4cf8241ed4ca48,0,0,1,1,0,0,0,0,0,0,0,0,71,55.36688232421875
c7e08541712f1474f30bd62ef9d03e3b,0,1,1,0,0,0,1,1,0,1,1,0,54,8.48260498046875
c7e9f370f473b4db1c3905145f6e0860,0,1,1,1,0,0,0,0,0,0,0,0,31,23.69061279296875
c7eb9ae19b69c5116e857ecafbedeb7d,0,0,1,1,0,0,0,0,0,0,0,0,28,11.41961669921875
c7f100d63577523b6285502bc70bb3a2,0,0,1,1,0,0,0,0,0,0,0,1,48,9.30047607421875
c7f6c7d43fb3f7cefa868478f4ea8418,0,1,1,1,0,0,0,0,0,0,0,0,46,2.29705810546875
c80595ceef85956f4870f87c4c5c7bc8,0,1,1,1,0,0,0,0,0,0,0,0,29,17.48651123046875
c811ef82067c00530bfe64fd63444ef8,0,1,1,1,0,0,0,0,0,0,0,0,22,28.72772216796875
c8275730fa300ada4e2fa6aeb8ad496a,0,1,1,1,0,1,0,0,0,0,0,0,41,16.91912841796875
c8283c218b7d58cbb087c1efc3bb21cc,0,1,1,0,0,0,0,0,0,0,0,0,29,12.27947998046875
c82953627ee40e35db7396f8b3a0e27c,0,1,1,0,0,0,0,0,0,0,0,0,96,51.13934326171875
c82d5574baaa6302de13044eaf52195c,0,1,1,1,0,0,0,0,1,1,0,0,31,4.89959716796875
c84083836f0104dd4bb2c2aa1d57e386,0,0,1,1,0,0,0,0,0,0,0,1,19,21.88494873046875
c85db16da39664396fd6042ba72e82c2,0,1,1,1,0,0,0,0,0,0,0,0,37,37.51727294921875
c8607fa1bff0d2dac680db3a7544d4ef,0,1,1,1,0,0,1,0,0,0,0,0,92,6.27264404296875
c86fe58fcfb959cda493dc6578c1868c,0,1,1,1,0,0,0,0,0,0,0,0,32,52.58953857421875
c87ccfb31b071fa722e43111526ff02e,0,0,1,1,0,0,0,0,0,0,0,0,29,11.90643310546875
c880d3a3b97f41b028fc116c58b315f8,0,0,0,0,0,0,1,0,0,0,0,0,32,19.32049560546875
c8878d389016542daf370b0faa39d3a1,0,1,1,1,0,0,0,0,0,0,0,0,44,8.37615966796875
c88c94b87ae276967221c0e7ebd79f61,0,1,1,1,0,0,0,0,1,1,0,0,31,20.48846435546875
c890a18276a8df01766fab9dec7f6b5d,0,1,1,1,0,0,0,0,1,1,0,0,25,8.88446044921875
c8912a033573a457b723cad2c754c2bb,0,1,1,0,0,0,1,1,1,1,1,0,52,27.20428466796875
c89405f4755ac1311244e3e82c1ae862,0,0,1,1,0,0,0,0,0,0,0,0,11,15.21112060546875
c8968ec42af5e801d3314b0a049fbb72,0,1,1,1,0,0,0,0,0,0,0,0,14,14.34490966796875
c89f47cbfad9bd529cea597347039a33,0,1,1,1,0,0,0,0,0,0,0,0,38,19.16473388671875
c8a49f9949576af2171984b7b87149ed,0,0,1,1,0,0,0,0,0,0,0,0,2,10.96649169921875
c8b052aa2565bc611c80512ba9024105,0,1,1,1,0,0,0,0,0,0,0,0,35,23.79119873046875
c8bbc856514bfda17fd3ac4ea06c139f,0,1,1,1,0,0,0,0,0,0,0,0,23,5.88006591796875
c8bf16963a6c7674dfc370b8f73433da,0,0,0,1,0,0,0,0,1,0,0,0,78,5.74627685546875
c8c87b894aef51aec56151dc5c98ebed,0,1,1,1,0,0,0,0,0,0,0,0,55,12.12615966796875
c8cd8f6ba09698428f76e5f340c659bb,0,1,1,1,0,0,0,0,0,0,0,0,30,31.72674560546875
c8ded6023b2b5b040e654840329dd8e3,0,1,1,1,0,0,0,0,0,0,0,0,42,16.91229248046875
c8e63845a156feb1a16d9644e6733a96,0,1,1,1,0,1,0,0,0,0,0,0,34,25.71014404296875
c8e7c03e0c22d28629e21aa3b1debf4a,0,1,1,1,0,0,0,0,0,0,0,0,26,31.34490966796875
c8ee212f328367197ac7f0e8602b1ddd,0,1,1,1,0,0,0,0,0,0,0,0,20,36.29364013671875
c8ee7a301ad3159cd1722c770d91097d,0,0,0,0,1,0,0,0,0,0,0,1,34,16.88934326171875
c8faa744fc7e41ca61ea23122e6fce82,0,1,1,1,0,0,1,0,0,0,0,0,19,45.79412841796875
c8faf3877371b2566e97c90336ef15f3,0,1,1,1,0,0,0,0,0,0,0,0,93,13.69891357421875
c904c0db18ad257d9e98cb7245ee6006,0,1,1,1,0,0,0,0,0,1,0,0,23,15.77947998046875
c915c4f19dbe276312356d16ca6122de,0,0,0,0,0,0,1,0,0,1,0,1,23,16.68328857421875
c9223e4977a95e3a41552ade4e8af9bb,0,0,1,0,0,0,0,0,0,0,0,1,24,32.63348388671875
c923cf1ba122dedca31217296d276fad,0,1,1,0,0,0,1,0,0,0,0,0,17,9.14959716796875
c9284f5c8eb26e6beb4405e100bd6266,0,0,1,1,0,0,0,0,1,1,0,1,46,13.73162841796875
c92da17004a317caff339914dc2bdc92,0,1,1,1,0,0,0,0,0,0,0,0,32,34.88885498046875
c935d33d30fab139b87567e6445fe2fe,0,1,1,1,0,0,0,0,0,0,0,0,18,6.10467529296875
c94d7148f49bde00714748c73cd532b7,0,0,1,1,0,0,0,0,0,0,0,0,52,20.29412841796875
c9527b4461faee5b238e8c6156f36366,0,0,0,1,0,0,0,0,0,0,0,1,39,52.98602294921875
c9658ffa2881fddd26d764ec024d4b42,0,1,1,1,0,0,0,0,0,0,0,0,45,2.05487060546875
c96afa3d6db6a10188cbb75ceb3ca973,0,0,0,1,0,0,0,0,0,0,1,0,35,63.68280029296875
c9738b2df7091da17ec67a21404c966f,0,0,1,1,0,0,0,0,1,0,0,1,42,42.71795654296875
c97498a8f67676fed254ae35e735a312,0,1,1,0,0,0,1,0,0,0,0,0,41,11.52899169921875
c9797df50878fef63c99fef7ef7a016b,0,1,1,1,0,0,0,0,1,1,0,0,14,23.83905029296875
c979c9097cc044bb6cbae35eb6ca1dd4,0,1,1,0,0,0,0,1,1,1,0,0,78,11.46942138671875
c97b03ee38190f9dd558f2ba973f0467,0,1,1,1,0,0,0,0,0,0,0,0,34,4.71307373046875
c98aa080c3d633cf86ee3af112138135,0,1,1,1,0,0,0,0,0,0,0,0,41,8.53533935546875
c994c9e45ca930c5b38d7670f2cf4e78,0,1,1,1,0,0,0,0,0,0,0,0,29,11.75994873046875
c997d6985821642eaac3120949ac4e47,0,1,1,1,0,0,0,0,0,0,0,0,10,0.84344482421875
c99cb757c03fb6d498c7ff9b1ed27cf4,0,1,1,1,0,0,0,0,0,0,0,0,56,19.37078857421875
c99f880e31886188c2551f86c1485801,0,1,1,1,0,0,0,0,0,0,1,0,57,16.24530029296875
c9ab9ed4f8bbdb9efa80330652a7b04a,0,1,1,0,0,0,0,0,0,0,0,0,100,19.02801513671875
c9b18cbf0fbcb9f2f06000ab7be2d676,0,1,1,1,0,0,0,0,0,0,0,0,62,20.00115966796875
c9b44cfed1511663612d40ca80a30e18,0,0,1,1,0,0,0,0,0,0,0,0,7,35.44451904296875
c9b582c29deb5b7baee90efc8dccc37d,0,1,1,1,0,0,0,0,1,1,0,0,35,21.00799560546875
c9ba0d1ae6e08d3784ced2e58d897402,0,1,1,1,0,0,0,0,0,0,0,0,18,6.36590576171875
c9bd7f7c498a5189bae9eab446cd8e01,0,1,1,1,0,0,0,1,0,0,1,0,49,16.01385498046875
c9c8dcabd8e1a7beeb641398219d75d9,0,1,1,1,0,0,0,0,0,0,0,0,26,12.46844482421875
c9ceefed09659c05833e996f723e3ebf,0,0,0,1,0,0,0,0,0,0,0,0,71,11.77410888671875
c9d483419c032fc157b2fff3725fb961,0,1,1,1,0,0,0,0,0,0,0,0,13,35.79998779296875
c9dee7fd854f65d8737c40d19620931d,0,1,1,1,0,0,0,0,0,0,0,0,24,27.68182373046875
c9f04686f68aca4be9e901c11d9af2f0,0,1,1,1,0,0,0,0,0,0,0,0,46,23.20770263671875
c9f2fb0bc2bf2e43df917f715c1356ad,0,1,1,1,0,0,0,0,0,1,0,0,77,26.23553466796875
c9fb4e56db8b332166ef5974a9ed6ffe,0,0,0,1,0,0,0,0,1,0,0,0,35,42.80096435546875
c9fe1d342620af867c3ed2c413bb9dbd,0,1,1,1,0,0,0,0,0,0,0,0,48,14.60906982421875
ca2689476a4482ed801d07824b561df7,0,1,1,1,0,0,0,0,0,0,0,0,42,7.78045654296875
ca2eaa448a89aa938df2a89614c46db7,0,1,1,1,0,0,0,0,1,1,0,0,39,24.83465576171875
ca302f6ef0d56a527a2a5efbb598cdfa,0,1,1,1,0,0,0,0,0,0,0,0,35,16.99432373046875
ca33f29333a842228952b2bbe6b4df3a,0,1,1,1,1,0,0,0,0,0,0,0,51,28.13201904296875
ca357cceb5519cece3d3f7604cfa8daa,0,0,1,1,0,0,0,0,1,1,0,1,29,28.41229248046875
ca3d849be4db6b65a4d6f8499a5aff34,0,1,1,1,0,0,0,0,0,0,0,0,57,11.54119873046875
ca4e65d488de3cc577e17d33493bd757,0,1,1,1,0,0,0,0,0,0,0,0,18,29.43280029296875
ca50d428a779b043fffb0728fedfc646,0,1,1,0,0,0,1,0,0,1,0,0,43,38.70721435546875
ca51bf73479db3f86288b9744cfa24d0,0,1,1,1,0,1,0,0,0,0,0,0,36,44.10711669921875
ca8d8a81d0b85fdc13980bdf36f976e1,0,1,1,1,0,0,0,0,0,0,0,0,59,8.71990966796875
ca8fb2491b79e3c83ba3c82d1f685ee3,0,1,1,1,0,0,0,0,0,0,0,0,19,16.11590576171875
ca9be407215fff4683ed4e3cd0c99d3f,0,0,0,1,0,0,0,0,0,0,0,0,35,22.81024169921875
caa3a0fd6621ef1f24daff91bf18784d,0,1,1,1,0,1,0,0,0,0,0,0,13,0.91229248046875
caaa84588034b6166e135f53dcd708be,0,1,1,1,0,0,0,0,0,0,0,0,28,31.03973388671875
caab2a54f77711ace86831143298a559,0,1,1,1,0,0,0,0,0,0,0,0,29,27.20819091796875
caab55069b9fd11b61591b40dc475821,0,1,1,1,0,0,0,0,0,0,0,0,28,19.31414794921875
caae3ce7a7f7b2745c0b7ed43bd8e05e,0,1,1,1,0,0,0,0,0,0,0,0,25,30.56463623046875
cab71d7959441ccf51e9220137f7fb32,0,1,1,1,0,0,0,0,0,0,0,0,36,16.66278076171875
cacd6f1bc88fa1e1b080f0875d72089b,1,1,1,1,0,0,0,0,0,0,0,0,26,14.49481201171875
cacddc36d490a4c19188c1b466c78fac,0,0,0,1,0,0,0,0,1,1,0,0,43,3.92401123046875
cad1a39e700e4ab44a9f97817779b185,0,1,1,0,0,0,0,0,0,0,0,0,55,9.72625732421875
cad4b2849fceec84f533988e0bff0eb4,0,1,1,1,0,0,0,0,0,0,0,0,24,17.48944091796875
cad70607e4f1849915fcbac667f6eb0f,0,1,1,1,0,0,0,0,0,0,0,0,26,17.83074951171875
caddfb3f8bff9c4b95dbe022018eea21,0,0,1,1,0,1,1,0,0,0,0,0,55,17.64276123046875
cae5a6bb790f69a65ea923f2928a3769,0,1,1,1,0,0,0,0,0,0,0,0,78,10.60174560546875
caed286f9f12b2ff6724e464643e2eb7,0,0,0,1,0,0,0,1,0,0,1,0,36,25.09979248046875
caf91e8f02fdfb107cfe44555b7b0a93,0,1,1,1,0,0,0,0,0,0,0,0,33,23.73602294921875
cafd9b2bcaa23d2c6eae826f5fdb6b4e,0,1,1,1,0,0,0,0,0,0,0,0,35,19.24285888671875
caffc6b86f07e3ae2b3f609c3cf8d5cb,0,1,1,1,0,0,0,0,0,0,0,0,44,28.12030029296875
cb04b7bfd8adf5ce647b24abed88e500,0,1,1,1,0,0,0,0,0,0,0,0,28,23.14569091796875
cb0793b4b53041c8d02ffaed92cd12d9,0,0,1,1,0,0,0,0,0,0,0,1,27,49.70770263671875
cb07c6982befeef89f08f645d0544483,1,1,1,1,0,1,0,0,0,0,0,0,30,-6.63214111328125
cb17b307bcd0eb9a875701d741cd1e9d,0,1,1,1,0,0,0,0,0,0,0,0,40,29.59051513671875
cb1bc6a32d362457832061fc02f9778c,0,1,1,1,0,0,0,0,0,0,0,0,50,14.44012451171875
cb1e0148287f4d3f4de61aeb87046801,0,1,1,1,0,0,0,0,0,0,0,0,32,15.55194091796875
cb226a79d5427f35f375d025c1ebfa29,0,1,1,1,0,0,0,0,0,0,0,0,39,27.04510498046875
cb3c6cd061a57a3ea68920ce8e41d9d1,0,1,1,1,0,0,0,0,0,0,0,0,43,21.12322998046875
cb3ff16a2d8c51228ce4c131576a2fba,0,1,1,1,0,0,0,0,0,0,0,0,20,20.07928466796875
cb476eaa9296859192e1464a5a932420,0,0,0,0,0,0,1,0,0,1,0,0,33,26.52264404296875
cb5605dc7d3783ae18aea8e715838d85,0,1,1,1,0,0,0,0,0,0,0,0,29,23.04266357421875
cb5fd6880a23f127ecb29eb16701f6dd,1,1,1,1,0,0,0,0,0,0,0,0,28,-1.10333251953125
cb66460351582e68bacb6ba91605d914,0,1,1,1,0,0,0,0,0,0,0,0,11,23.79705810546875
cb6b00ace4941f7328a58e21738e048d,0,1,1,1,0,0,0,0,0,1,0,0,40,15.86883544921875
cb6f11fd46bf5334c92c8e066fbc6e9c,0,0,0,1,0,0,0,0,0,0,0,0,24,14.13934326171875
cb7035c74ceb21a43ec1dcc0144e2d3f,0,1,1,1,0,0,1,0,0,0,0,0,44,14.37322998046875
cb76a68334edb3678dba37cd303c1fec,0,1,1,1,0,0,0,0,0,0,0,0,30,28.66375732421875
cb773371ae3a525423656d9fa2e76b21,0,0,0,1,0,0,0,0,0,0,0,0,6,-0.52032470703125
cb81509feec138381d51dc5ffb9a85e2,0,1,1,1,0,0,0,0,0,0,0,0,60,14.74041748046875
cb819cac890932b06e56c831e3161727,0,1,1,1,0,0,0,0,0,0,0,0,26,7.69012451171875
cb8fd6fffd1419452eb793820532d827,0,1,1,1,0,0,0,0,0,0,0,0,49,14.17645263671875
cb9416b5ba6b2b7ed0499af43aa976ff,0,1,1,1,0,0,1,1,0,0,1,0,49,17.72869873046875
cb946566378944c1c2ba49b2400c30a7,0,1,1,1,0,0,0,0,0,0,0,0,29,43.69940185546875
cba0a926ba711ab9aca4afd72b6a4b19,0,0,0,1,0,0,0,0,0,0,0,0,28,1.77557373046875
cba0eea4e847f521a6d016351669e064,0,1,1,1,1,0,0,0,0,0,0,0,64,45.20330810546875
cbace4c864e54d8dd414a10026118068,0,0,1,0,0,0,1,0,0,1,0,0,24,15.02264404296875
cbba672ed4e386c28b3b493383f4e588,0,1,1,1,0,0,0,0,0,0,0,0,15,10.80389404296875
cbbc0d60227377518c91bc597cec5b71,0,0,1,1,0,0,1,0,0,0,0,1,59,9.09539794921875
cbbef450415ca6d718c8c93e31e8c09c,0,1,1,0,0,0,1,0,0,0,0,0,31,9.12713623046875
cbbefa832fb12a852dcacb9d7556c1f3,0,1,1,0,0,0,1,0,0,0,0,0,26,25.15155029296875
cbc16e381f7d9e0f1fa9cb6d91276a20,0,1,1,1,0,0,0,0,1,0,0,0,95,17.72869873046875
cbc27493ddaca7127e8cee6705c3b75e,1,1,1,1,0,0,0,0,0,0,0,0,39,37.28680419921875
cbd0562da0d17d6aa89a6d2e8f94e842,0,1,1,1,0,0,0,0,0,0,0,0,12,16.93280029296875
cbd2bcaccd52f314d0c448518f6155a9,0,1,1,1,0,0,0,0,0,0,0,0,30,5.14862060546875
cbd4a806a5b293e755673678d2cb4566,0,1,1,1,0,0,0,0,0,0,0,0,42,10.74237060546875
cbd724eb1fb414d066c0f40a2f63a891,0,1,1,1,0,0,0,0,0,0,0,0,31,16.75115966796875
cbd944e95cb5b71e9343d442f6cef5fe,0,1,1,0,0,0,0,0,0,0,0,0,27,11.92889404296875
cbe81e7b3a15e51e8b5fdd18967e6cb9,0,1,1,1,0,0,0,0,0,0,0,0,63,16.11346435546875
cbea8d24c52fdc01bb44b4385c999129,0,1,1,1,0,0,0,0,0,0,0,0,20,42.21990966796875
cbed4f0e94cbdf505eb43e205cba14c2,0,1,1,1,0,0,0,0,1,1,0,0,41,32.62615966796875
cbef161b1bd7322e7bc4ce7d3dc33dbf,0,1,1,0,0,0,0,0,1,0,0,0,25,2.44403076171875
cbf02cdc16d326de0ecf911c6ac18bdf,0,1,1,1,0,0,0,0,1,1,0,0,26,2.56463623046875
cbf159b2eed9def4fbabb32078e62a06,0,1,1,0,0,0,0,0,0,0,0,0,40,17.22283935546875
cbf1a99c295200267c25d3bd680e0d07,0,1,1,1,0,0,0,0,0,0,0,0,29,20.93524169921875
cbfad1d6932c7a273ea6bd9d7e4d7a67,0,0,1,1,0,0,0,0,0,0,0,1,26,19.86199951171875
cc05e4aa4d33ba95ade247d0781599d5,0,1,1,1,0,0,0,0,0,0,0,0,20,3.49334716796875
cc1306f5b447ea83496e10d8f77509a2,0,1,1,1,0,0,0,0,0,0,0,0,28,30.95965576171875
cc201a9a49fe5f5ab4be0a2ec5758f3e,0,0,0,1,0,0,0,0,0,0,0,0,29,34.69549560546875
cc23a7d54ad6a80d8be771b7e9125843,0,0,0,0,0,0,1,0,0,0,0,0,52,11.89764404296875
cc3feb6e763e3c5354b4e8e2c971d648,1,1,1,1,0,0,0,0,0,0,0,0,46,21.20428466796875
cc43a456ebacf90562e1324898ee2ff5,0,1,1,0,0,0,0,0,0,0,0,0,45,14.28045654296875
cc4d3029946fdb000c1115051f4428a6,0,1,1,1,0,0,0,0,0,0,0,0,32,19.69744873046875
cc547a847f686116ba31dbe63fa93f0e,0,0,0,1,0,0,0,0,0,0,0,0,2,10.85516357421875
cc58a1406592f979eb3517899a255090,0,0,0,1,0,0,0,0,0,0,0,0,41,19.72039794921875
cc5d408a0be357dba21edfa6c10cc8f5,0,1,1,1,0,0,0,0,1,1,0,0,37,15.87030029296875
cc5de8bbbff3cb57f873be45eb962ad5,0,1,1,1,0,0,0,0,0,0,0,0,27,33.44110107421875
cc62944480ccef9ef093e6626a54792b,1,1,1,1,0,0,0,0,0,0,0,0,23,11.07342529296875
cc62c17535141003b01cb6f2eec9f833,0,0,1,1,0,0,0,0,0,0,0,1,18,32.84295654296875
cc66d7a6a006c15e3ee3307927cc5a02,0,1,1,1,0,1,0,0,0,0,0,0,31,20.38787841796875
cc6a4613e44016d9b48c04a8fbe2e5de,0,1,1,1,0,0,0,0,0,0,0,0,29,16.52459716796875
cc7b5cfb3dd8ea87535e5ae22eb856b1,0,1,1,1,0,0,0,0,0,0,0,0,28,11.55828857421875
cc81f5cf6508582796e0a1f5ac2c8fce,0,1,1,1,0,1,0,1,0,0,1,0,18,26.10467529296875
cc832cdf684ee5e3bb6ed747c494de65,0,1,1,1,0,0,0,0,0,0,0,0,16,24.62518310546875
cc845b17d9842d8872fc34c5c78b71be,1,1,1,1,0,0,0,0,0,0,0,0,54,13.56512451171875
cc867dc24fde59240f16929193b8d8d0,0,1,1,0,0,0,0,0,0,0,0,0,48,18.58026123046875
cc8c767121b99a5d823518fe06ac6dc9,0,1,1,1,0,0,0,0,0,0,0,0,66,22.44696044921875
cc90bed3c8ce831bf2b9a27fe2c51800,0,1,1,0,0,0,0,0,0,0,0,0,26,27.73651123046875
cc9bc5e58672dbec5a8ea5e3c529c4b7,0,0,1,1,0,0,0,0,0,0,0,0,31,17.46063232421875
cca6f558ef342ba6f1c3a8ec36aa77f4,0,1,1,1,0,0,0,0,0,0,0,0,44,11.67791748046875
ccac0f31afaeac831cf772eaf32fda3f,0,1,1,1,0,0,0,0,0,0,0,0,36,40.46209716796875
ccb5c7b498ccdd32a111f8b264810930,0,1,1,1,0,0,0,0,0,0,0,0,10,43.92352294921875
ccb7be0c9a6fd2d983b096329391e811,0,0,0,0,0,0,0,0,1,0,0,1,13,8.65936279296875
ccb8be802a6c169289365dba667c4b31,0,1,1,1,0,0,0,0,0,0,0,0,22,6.45233154296875
ccc0022f31e0b4ad40a5142d58419c51,0,1,1,1,0,0,0,0,1,1,0,0,55,11.73602294921875
ccc4ee1c7166ea31cce114b85958cb14,0,0,1,1,0,0,0,0,0,0,0,0,25,30.46014404296875
ccc7121c7f18b077bb4618021d716205,0,1,1,1,0,0,0,0,0,0,0,0,42,10.10467529296875
ccc822df80e2c9adb4a68e56d68d97c5,0,1,1,1,0,0,0,0,0,0,0,0,7,24.26239013671875
ccca57056c61b7a40538a208fc8ac7aa,0,1,1,1,0,1,0,0,0,0,0,0,64,1.24530029296875
ccdd628225e6f5bb16c91705ab8533be,0,0,1,1,0,0,0,0,1,1,0,1,68,18.19940185546875
cce06473ae5ffc4e66281e20733f0cac,0,0,0,0,0,0,0,0,1,1,0,1,33,31.89666748046875
ccf463ffec5b362bea815b55d472ebca,0,1,1,1,0,0,1,0,0,0,0,0,28,12.40155029296875
ccf58ca1648afba4df1030663341f5c2,0,1,1,0,0,0,0,1,0,0,1,0,32,19.02947998046875
ccf9b31669347f17f37d8d72c969b74a,0,1,1,0,0,0,0,1,0,0,1,0,25,9.43914794921875
ccfade16d837febb3a81f12d585b7149,0,1,1,1,0,0,0,0,0,0,0,0,40,16.23455810546875
cd0403d5d3fac985ecde45ecb5f8df6d,0,1,1,1,0,0,1,1,0,0,0,0,53,13.94793701171875
cd11ff5af7eee1a82ef99b74241e670d,1,1,1,1,0,0,0,0,0,0,0,0,13,19.62371826171875
cd1274d3d2624cab3eed3a470413552a,0,0,1,1,0,0,0,0,0,1,0,1,42,38.03485107421875
cd1358c08247c6ed8b630212e8a9082b,0,1,1,0,0,0,0,0,0,1,0,0,27,15.71893310546875
cd1740b10ef465b6471fd0fde9d24e0f,0,1,1,1,0,0,0,0,1,1,0,0,14,20.33758544921875
cd1ec2378b0ac6e57643f7b05b6f715a,0,1,1,1,0,0,0,0,0,0,0,0,33,40.71405029296875
cd26e9092735a1d4671e151cd612b8c9,0,1,1,1,0,1,0,0,0,0,0,0,68,44.65985107421875
cd2e8f007c821c0bf9c22952822ca263,0,0,0,1,0,1,0,0,0,0,0,0,11,8.91180419921875
cd3d741ac47fdfaa06fe93470452bb7b,0,1,1,1,0,1,0,1,0,0,0,0,42,22.37030029296875
cd50013762287d0237173e34fb308fe6,0,1,1,1,0,0,0,0,0,0,0,0,27,12.29901123046875
cd585fda7c298e713c950295676dfb4c,0,1,1,1,0,0,0,0,1,1,0,0,41,3.84100341796875
cd6ff75a03556292a604c449f863b02e,0,1,1,1,0,0,0,0,0,0,0,0,47,24.79901123046875
cd79beef618139277aadebc7a3f2882a,0,1,1,1,0,0,0,0,1,1,0,0,44,-2.36114501953125
cd7b87cd2935fa9fde63f77f06d9b953,0,1,1,1,0,1,0,0,0,0,0,0,71,0.95184326171875
cd863f5c6a56232e5d7b9f26656e479f,0,1,1,1,0,0,0,0,0,0,0,0,27,29.48651123046875
cd895e70682ed5151a1a411f1e656a6b,0,1,1,1,0,0,0,0,1,1,0,0,68,-1.22052001953125
cd89974266e5591b36eb35d301d8a314,0,1,1,1,0,1,0,0,0,0,0,0,37,34.02508544921875
cd909abf8f425d7e646eebe4d3bf4769,0,0,1,1,0,0,0,1,0,0,0,0,27,32.41375732421875
cd969c18c37e989972b63cf5ba2455f9,0,1,1,0,0,0,0,0,1,0,0,0,35,19.41033935546875
cd98ae251b413749669a83e6305fc674,0,1,1,0,0,0,1,0,0,0,1,0,24,17.24871826171875
cd9aa7741fc0dc90c779048c84c80324,0,1,1,1,0,0,0,0,1,1,0,0,31,1.54852294921875
cda63a81ee0072a5fd35f899aa5fe175,0,1,1,1,0,0,0,0,0,0,1,0,31,9.97479248046875
cda815a2e2c20e65fc4bc35e40eb6b2e,0,1,1,1,0,0,0,0,0,0,0,0,16,10.57635498046875
cda998949ee096e41e190f767561960a,0,1,1,1,0,0,0,1,0,1,1,0,12,3.71453857421875
cdafd0a7c39231497e4827bc4a0c99c0,0,1,1,1,0,1,0,0,0,0,0,0,73,16.67889404296875
cdb3cf96fb0300f3272b5157ec2f77d9,0,0,0,0,0,0,1,0,0,1,0,0,38,19.29461669921875
cdce90fba529efbd06a374cbfe541fdf,0,0,0,1,0,0,0,0,1,0,0,0,22,11.84881591796875
cdcfc81c1cfe370ebda8c5946fa5a663,1,1,1,1,0,0,0,0,0,0,0,0,37,46.78240966796875
cdd6218abb4a6b607b66da5717c95ea6,0,0,0,1,0,0,0,0,1,0,0,0,25,15.42303466796875
cdd8382fcc1d1befe3d876c52b0d1ccd,0,0,1,1,0,0,1,0,0,0,0,0,48,36.51922607421875
cddda1f3f2bcb67beb8f6e55f6c906f0,0,1,1,1,0,0,0,0,0,0,0,0,34,19.28436279296875
cddf434e6b384b9788b48ccc6fc96cb5,0,1,1,1,0,0,0,0,0,0,0,0,47,18.74481201171875
cde00d026a0b84ad613669a77e7ffa3e,0,1,1,1,0,0,0,0,1,0,0,0,21,25.32147216796875
cde4a743e40a395f9597375cae17e47b,0,1,1,1,0,0,0,0,0,0,0,0,19,11.60858154296875
cde959f8d96e464346155b0f6a54b7a9,0,1,1,0,0,0,0,0,0,0,0,0,49,12.82684326171875
cde9c5cded2fd0d146cd2c7df350acca,0,1,1,1,0,0,0,0,1,1,0,0,44,19.41912841796875
cdf35081029c355145d07e1c16c0959a,0,1,1,1,0,0,0,0,0,0,0,0,32,37.72283935546875
cdf7523545e5cb0d16658df31c1f69fb,0,1,1,1,0,1,0,0,0,0,0,0,16,19.24041748046875
cdfb5b19aa414dc7c05d0a2c19c7af4a,0,1,1,1,0,0,0,0,0,0,0,0,20,23.03924560546875
cdfd8ed3a221488b50605892dd766c20,0,0,0,1,0,0,0,0,0,0,0,0,44,8.04901123046875
ce103a91eb8967f54e0c04a83567f881,0,1,1,0,0,0,0,0,0,0,0,0,53,29.37713623046875
ce1e7b3cd2b63b2a67ebd11e1a2c3911,0,1,1,1,0,0,0,0,0,0,0,0,29,22.21795654296875
ce22d71d378c712fe1b4ab24447f35f8,0,1,1,1,0,0,0,0,0,0,0,0,34,18.59442138671875
ce2c22615a3e2a2da012aa916da91189,0,1,1,0,0,0,1,1,0,0,0,0,28,-2.48321533203125
ce3c31f422fe79436b1380d3896d0e02,0,1,1,1,0,0,0,0,0,0,0,0,14,14.69842529296875
ce401880c38525d8c64d03ee67973546,0,1,1,1,0,0,0,0,0,0,0,0,28,43.61248779296875
ce4a6fca8def7e96a88d7bde4a2cc9be,0,1,1,1,0,0,0,0,0,0,0,0,55,41.24237060546875
ce4bcbf192eb4a7995e9d788ee0e2cdb,0,0,1,1,0,0,0,0,0,0,0,1,32,26.10174560546875
ce4c4e2eafc6c1abc0ba45e1bc9ab3a9,0,1,1,1,0,0,0,0,0,0,0,0,3,21.76580810546875
ce506ebd1546d0840f4b841ab3665acb,0,1,1,1,0,0,0,0,0,0,0,0,85,13.31610107421875
ce5363b16e5f8c6a36a0826e96464614,0,0,1,0,0,0,0,0,1,1,0,0,51,24.57049560546875
ce5eef52eb5a69af5bb0ecf5efbfbf80,0,1,1,1,0,0,0,0,0,0,0,0,70,21.14569091796875
ce62fbe8ff96b8ec0a8d0174cf073032,0,0,0,1,0,0,0,0,0,0,0,1,24,35.01824951171875
ce635d7de8702f10d3d1b99dc83d41cc,0,1,1,0,0,0,0,0,0,0,0,0,59,15.30291748046875
ce661697247a951c7827fe64150645d3,0,1,1,1,0,0,0,0,0,0,0,0,43,16.51287841796875
ce71875109ca1b0661226c68f461ce23,0,1,1,1,0,0,0,0,1,1,0,0,48,7.38153076171875
ce78c8e71a27f1bd37d52432bc270e40,0,0,1,1,0,0,0,0,1,0,0,0,55,17.41522216796875
ce7c1eeb07bb16f63ecee2781d20c88a,0,1,1,1,0,0,0,0,0,0,0,0,28,10.31756591796875
ce7c7ce873981fc7a3a805a5cd88e5f3,0,1,1,1,0,0,0,0,0,0,0,0,26,13.11737060546875
ce90733f620826634306d62fe00a6550,0,1,1,1,0,0,0,0,0,0,0,0,65,22.18280029296875
ce90c82f4f19eae8f1bb054d516dc38f,0,1,1,1,0,0,0,0,0,0,0,0,98,6.42108154296875
ce98bf315bce16e93803046a44b0b8d6,0,1,1,1,0,0,0,1,0,0,0,0,9,3.93572998046875
ce9e99ebbc61bcd36226bc86029c9c27,0,1,1,1,0,0,0,0,0,0,0,0,91,21.23895263671875
cea60d573785eed732b00bfd518ee5cf,0,1,1,1,0,0,0,0,1,1,0,0,95,6.68426513671875
cea614ce24bce343f4d90b347f1b551a,0,1,1,0,0,0,0,0,0,0,0,0,53,4.19793701171875
cea6de0575e30fb38d2ce481ec309cfe,0,0,1,1,0,0,0,0,0,0,0,0,47,12.10809326171875
cea8659ff783e891e6157ed92971c624,0,0,1,1,0,0,0,0,0,0,0,1,17,34.01727294921875
ceaf40ac5c2bf2a06df80e3d0dca47b8,0,1,1,1,0,0,0,0,0,0,0,0,26,2.28094482421875
ceb7406947a35405536506aa5314cd7f,0,1,1,0,0,0,1,0,0,1,0,0,72,34.37518310546875
ced7ef91e2927cdd29f89db39373d656,0,1,1,1,0,0,0,0,0,0,0,0,57,60.06951904296875
cee6a6845d848055784bbfffeab3a9c8,1,1,1,1,0,0,0,0,0,0,0,0,29,-4.72442626953125
ceeb6ddfdeae718eafd511fad7a16fc7,0,1,1,1,0,0,0,0,0,0,0,0,84,73.76629638671875
cef76c7a41630a8484720a50df82034d,0,0,0,1,0,0,0,0,0,0,0,0,26,12.92303466796875
cef79dc7c56fc65cefc999ea0460d975,0,0,0,1,0,0,0,0,1,0,0,0,34,7.47479248046875
cefaadfafc92c9ff680ded93d3f91f38,0,1,1,1,0,0,0,0,0,0,0,0,29,19.53192138671875
ceff850f19fa76da188acff182dee0f2,0,1,1,1,0,0,0,0,0,1,0,0,43,14.52459716796875
cf001172cf4c458c3978365caaa4036b,0,1,1,1,0,0,0,0,0,0,0,0,51,17.55926513671875
cf071d5b22310af252678336817450d0,0,1,1,1,0,1,0,0,0,0,0,0,37,9.00164794921875
cf0876ee467df8cfe250d6f1f5be8723,0,0,0,1,0,0,0,0,0,0,0,0,42,5.19451904296875
cf12c10dde17dff5a75e4d326d2e14cb,0,0,0,1,0,0,1,0,0,0,0,0,31,13.34979248046875
cf14c2d167a5ccf6e3ef62197943292e,0,1,1,1,0,0,0,0,0,0,0,0,32,40.21112060546875
cf1609a2c7f055bfdce31bd20cb507c6,1,1,1,1,0,0,0,0,0,0,0,0,100,18.00408935546875
cf1a9e076628aee3816a0958ae03b6b5,0,1,1,1,0,0,0,0,0,0,0,0,37,21.04510498046875
cf1eafc45e56163cfab60600c216c90e,0,0,1,0,0,0,0,0,1,1,0,0,18,8.27801513671875
cf20c24005d7daa5203a92652ed76b10,0,1,1,0,0,0,0,0,0,0,0,0,43,35.16424560546875
cf22f2e8517b440feab7794f50bca3fa,0,1,1,1,0,0,0,0,0,0,0,0,47,5.88397216796875
cf29f2f64e94748284ab331444e418a6,0,1,1,1,1,0,0,0,0,0,0,0,28,15.29656982421875
cf38affd52407f2473e95e1b95df378a,0,1,1,1,0,0,0,0,0,0,0,0,30,13.06805419921875
cf473d0ed58ce45ea10215bfb51e4336,0,1,1,1,0,1,0,0,0,0,0,0,100,18.25213623046875
cf49bd2b6eb803d57d4c1d408899083d,0,1,1,1,0,0,0,0,0,0,0,0,37,20.25213623046875
cf66b8e38416e282a1b3b1787dcf0335,0,0,1,1,0,0,0,0,0,0,0,0,37,28.11395263671875
cf6a202ef85a1f94180fcf91e8083764,0,1,1,1,0,0,0,0,0,0,0,0,48,23.65106201171875
cf6e40e6734626da4f6985718a2dacb8,0,1,1,1,0,0,0,0,0,0,0,0,83,5.17596435546875
cf6fcb4fcb3cf5169536400d1b34281d,0,0,1,1,0,0,0,0,0,0,0,1,27,15.57879638671875
cf7f5ebe5c7d28d1bb94e966bc4d4b90,0,0,0,1,0,0,0,0,0,0,0,0,3,8.26776123046875
cf804f6aa3cd40e743cf313bd609859c,0,1,1,0,0,0,0,1,0,0,0,0,42,18.04949951171875
cf866794828008ad18c249226dc768a9,0,1,1,1,0,0,0,0,1,1,0,0,70,14.45233154296875
cf8e2c50330095c2d9764e413f642785,0,1,1,0,0,0,1,0,0,0,0,0,27,13.49139404296875
cf8e3efbdf4efe64d3efd4ed1647c46a,0,1,1,1,0,0,0,0,0,0,0,0,17,-3.06036376953125
cf92c349b22aa3d6f44f28ff2dd41682,0,1,1,1,0,0,1,0,0,0,0,0,60,50.49090576171875
cf9bc838063ca7e135ba59dbadd3aebd,0,1,1,1,0,0,0,0,0,0,0,0,44,21.07049560546875
cf9f1ce62e89d5fbf55f0d90ba4dceae,1,1,1,1,0,0,0,0,0,0,0,0,43,18.44451904296875
cfac085036f560dacc6e7af69ecedba8,0,1,1,1,0,0,0,0,0,0,0,0,17,8.60760498046875
cfbd2704f93e1d38c9dc3e7c75d6bf1d,0,0,1,1,0,0,0,0,0,0,0,1,70,22.21502685546875
cfc706acbf7f3cc1f1a2e664bca147a6,0,1,1,1,0,0,0,0,1,1,0,0,83,9.90252685546875
cfca5a915e9231b506603b868e8fe747,0,1,1,1,0,0,0,0,0,0,0,0,46,15.15985107421875
cfdefd1559fc3eccd84fcd6adb14d86d,0,1,1,1,0,0,0,0,0,1,0,0,24,26.26190185546875
cfe66786a9c53db0e6936209291cc67d,0,1,1,1,0,0,0,0,0,0,0,0,13,76.07489013671875
cff753506903eb992f93ff1e9bd3323a,0,0,1,1,0,0,0,0,0,0,0,1,72,47.16619873046875
cff786473e03b8f1f9a7bc5d33710a4c,0,1,1,1,1,0,0,0,0,0,0,0,59,53.44354248046875
cffdcbe7f44f19ffaafe26accb8e8bd4,0,0,1,1,0,0,0,0,0,0,0,1,22,27.33172607421875
cffeca1ad97abe759e43a608310723f8,0,1,1,1,0,0,0,0,0,0,0,0,69,17.09881591796875
d009546eaf4252eef6323636de528c97,0,1,1,1,0,0,0,0,0,0,0,0,33,12.69305419921875
d00dbffcf82860d010097201974a494c,0,1,1,1,0,0,0,0,1,1,0,0,11,39.78631591796875
d00e5d29d4ec09de1e0e0ebec41b2d03,0,0,1,1,0,0,0,0,0,0,0,0,5,17.15203857421875
d01999dbaf2ee6955131bc734dcc705a,0,1,1,1,0,0,0,0,0,0,0,0,39,11.54315185546875
d0289df6ac7373064614f5025b21a603,1,1,1,1,0,0,0,0,0,0,0,0,25,-0.05157470703125
d02ce75a109173176ebeed2c61fa7543,0,1,1,1,0,0,0,0,0,0,0,0,23,35.09783935546875
d0385a621bd4f833f829cb8e442a16df,0,1,1,1,0,0,0,0,0,0,1,0,100,37.91326904296875
d041c9a91a52a93100f1dd54d373e725,0,0,0,0,0,0,0,0,0,0,0,0,30,47.03338623046875
d042a84e62e2ab515aefa6f2e45d4947,0,1,1,1,0,0,0,0,0,0,0,0,20,7.90057373046875
d049edf38d0f3566e99bcfa6fa5a3d77,0,1,1,1,0,0,0,0,0,0,0,0,26,27.65106201171875
d050e78384bd8b20e7291b3efedf6a5b,0,1,1,1,0,0,0,0,0,0,0,0,57,10.34149169921875
d058da3a2d91e568d4382196a58c2724,0,1,1,1,0,0,0,0,1,1,0,0,40,20.84930419921875
d060d4b5b5ed7a34f080ef4285f0a47a,0,1,1,0,0,0,0,0,0,0,0,0,18,24.58074951171875
d0685d0bf012af32af841c8fc8bab0c2,0,1,1,1,0,1,0,0,0,0,0,0,23,8.21844482421875
d06bac49dd4ddfdfb8ae7f6e08553a4e,0,1,1,1,0,0,1,0,0,0,0,0,42,1.77752685546875
d06dde4ad0c2df4c7813e29d9361a198,0,0,1,1,0,0,0,0,0,0,0,0,20,18.49334716796875
d06dde91cef08e0bf88f5d7395fbde0f,0,1,1,1,0,0,0,0,0,0,0,0,40,20.18865966796875
d0852a91aa3951501f1366c18fd3df89,0,1,1,0,0,0,0,0,0,0,0,0,28,14.35711669921875
d08a2a68b33dbe841b96408fe5128a6f,0,1,1,1,0,0,0,0,0,1,0,0,30,4.82684326171875
d08c055a6513278adc9d9f192aaf779c,0,1,1,1,0,0,0,0,1,1,0,0,39,10.57879638671875
d0934f85325a67cbae6a626dcf9c055b,0,1,1,1,0,0,0,0,0,0,0,0,36,13.75018310546875
d09725e0acf28249ac32467d526a19c2,0,1,1,1,0,0,1,0,0,0,0,0,60,4.06903076171875
d0b367aa832b8fa6d708cad5d7f41059,0,1,1,1,0,0,0,0,0,0,0,0,100,21.52899169921875
d0b5faa43a99a5e2bf6d9c2b48fd1e8b,0,0,1,1,0,0,0,0,0,0,0,1,21,10.67840576171875
d0b8239b7904054ac8d74285ccafd043,0,1,1,1,0,0,0,0,0,0,0,0,18,19.46258544921875
d0d19266e486f0046531f133c0c2d4d4,0,1,1,1,0,0,0,0,0,0,0,0,59,14.02166748046875
d0d7fc42086712ca65c78acae0775279,0,1,1,1,0,0,0,0,0,0,0,0,26,29.29119873046875
d0dbc620fb37c2b9f4c062cd9f72fcdb,0,1,1,1,0,0,0,0,1,1,0,0,22,11.80194091796875
d0e09f82a02426e9b604173e5d7b05dc,0,1,1,1,0,0,0,0,0,0,0,0,26,16.61346435546875
d0e0b224e159dc9524eb6c7b945b253d,0,0,0,1,0,0,0,1,1,1,0,0,26,21.56365966796875
d0f2d577b0a3bf5a1751ccc82546653f,0,1,1,1,0,0,0,0,0,0,0,0,24,24.13397216796875
d0f5effb2a889d38171fdf9cc732789e,0,1,1,1,0,0,0,0,0,1,1,0,60,7.24530029296875
d0fa3096b3b048f477137f439a7014a7,0,1,1,1,0,0,0,0,0,0,0,0,84,48.03289794921875
d10567732a94b5235f63ee2dfa3e02fa,0,1,1,1,0,0,0,0,0,0,0,0,28,5.34832763671875
d11ddfd8ef024495ecac50f10020a887,0,1,1,1,0,0,0,0,0,0,0,0,27,5.11737060546875
d1246a4b62ad2b7d99b991582d0d4bc6,0,1,1,1,0,0,0,0,0,0,0,0,28,11.25018310546875
d12716540a56941439039983d9d98a3a,0,1,1,0,0,0,0,0,1,0,0,0,21,30.80584716796875
d129848143caf8b89d39afffc628f94a,1,1,1,1,0,0,0,0,0,0,0,0,20,16.84100341796875
d12c83b865a2960729668f86695d2bed,0,1,1,1,0,0,0,0,0,0,0,0,30,15.46649169921875
d12ce713fd844e2585554f3da45ad63d,0,1,1,1,0,0,0,0,0,0,0,0,22,16.49627685546875
d12ecd92f4c262190aa84af6ed8d147f,0,1,1,1,0,0,0,0,1,0,0,0,94,17.07928466796875
d13397f6c36e1d43c53dca6ee17f0670,0,1,1,1,0,0,0,0,0,0,0,0,16,22.06707763671875
d14973fa69a8ddde9adf791f6ae4e25f,0,1,1,1,0,0,0,0,1,1,1,0,33,18.86785888671875
d14b0090d892711200a525f5f958d948,0,1,1,1,0,0,1,0,0,1,0,0,23,9.09930419921875
d14c388cd67c0f61f0e0184d5ede7a80,0,1,1,1,0,0,0,0,0,0,1,0,27,24.42205810546875
d14cdc0d1a1cf8661587e18511c9861d,0,1,1,1,0,0,1,0,0,1,1,0,100,47.89813232421875
d14d2c324573944d8e5f829d902d1604,0,0,1,1,0,0,0,0,0,0,0,0,36,13.48260498046875
d14f8f689357065ca6a94c8a9a441afb,0,1,1,1,0,0,0,0,1,1,0,0,30,3.20623779296875
d15daf8d2ee460ce963d7079f12c1df7,0,1,1,1,0,0,0,0,0,0,0,0,33,15.77362060546875
d15f2feadcc11a6ec273e91b408a604c,0,1,1,1,0,0,0,0,0,0,0,0,100,22.31756591796875
d16058d59621c37ecda893510a7e30ae,0,1,1,1,0,0,0,0,1,1,1,0,64,11.43084716796875
d1628b65fc8a3fc5d206d8eaf4cc2ff3,0,1,1,1,0,0,1,0,0,0,0,0,65,5.87127685546875
d16b285b2d9b350bc8e79eb42f2d796a,0,1,1,1,0,0,0,0,1,1,0,0,41,16.49041748046875
d16c443cbaf9d6c2e75b32ca0058a729,0,1,1,1,0,0,0,0,0,0,0,0,33,11.86346435546875
d17925145e56d88f4e482a4cca185f3a,0,1,1,1,0,0,0,0,1,1,0,0,17,6.65692138671875
d181c8dd267fcadce9d11c642381b7ca,0,0,1,1,0,0,0,0,0,0,0,0,26,37.93475341796875
d18da7cb7040ab8b75739ee736e0370a,0,0,0,1,0,0,0,0,0,0,0,0,93,39.72967529296875
d18e0959c7ead3ec2f1790f2a5df9ed8,0,1,1,1,0,0,0,0,0,0,0,0,28,17.88494873046875
d191247955fcebf5f6a9086cd5e6c371,0,1,1,1,0,0,0,0,1,1,0,0,30,17.54217529296875
d192007f6074c6bd8459f03bc51f28b7,0,1,1,1,0,0,0,0,1,1,0,0,27,16.43475341796875
d19f2d9ba23bb6dd460cc6bc5ea674ef,0,1,1,0,0,0,0,1,0,1,0,0,33,15.71551513671875
d1a2e1d6dc61c0053ee65be5e09fdb19,0,1,1,1,0,0,0,0,0,0,0,0,36,42.38446044921875
d1a5d4ac94ab09c1b7549ad6bd0d3ce7,0,1,1,1,0,0,0,0,0,0,0,0,29,12.87127685546875
d1a7f822d0f1d8d2a04e87d6f021bca4,0,1,1,1,0,0,0,0,0,0,0,0,41,13.07000732421875
d1a8006db602e358a67f11b50f0fe8d3,1,1,1,1,0,0,0,0,0,0,0,0,37,11.53631591796875
d1b277af0edb7bd5e66564fd34ec67e3,0,1,1,1,0,0,0,0,0,0,0,0,27,28.45330810546875
d1c4e200951a3401af5f2c8fbb69fb8f,0,1,1,1,0,1,0,1,0,0,1,0,43,14.86590576171875
d1c4f27d9f606497f90d0770fcb00630,0,1,1,1,0,0,0,0,0,0,0,0,38,24.12078857421875
d1c8acbd8be293f242cc490767d7eae7,0,1,1,1,0,0,0,0,0,0,0,0,33,7.17938232421875
d1e654875f4f3451a6924d4a422e9a59,0,0,0,0,0,0,0,0,0,0,0,0,25,9.28533935546875
d1ec46759614640e2b4aaa07754e3b44,0,1,1,1,0,0,1,0,0,1,0,0,33,39.06463623046875
d1ed66d1a8608df37371e9cc8af85e03,0,1,1,1,0,0,0,0,0,0,0,0,45,8.28875732421875
d1f0abea453f69838640fe5e0a7b6721,0,1,1,1,0,0,0,0,0,0,0,0,34,10.62860107421875
d2051a2210ceb8e778ac4ca3fa7caae1,0,1,1,1,0,0,0,0,0,0,0,0,26,17.66815185546875
d208eba7f272e8b6c6d7996959cf89c0,0,1,1,1,0,0,0,0,0,0,0,0,32,29.66131591796875
d20cf059a9e892dcb8bb991bf5acf010,0,1,1,1,0,0,0,0,1,1,0,0,26,16.11639404296875
d20e71e87eb17e17a99db85b39f2dedf,0,1,1,1,0,0,0,0,0,0,0,0,59,14.79217529296875
d21119507c00ee3254e28d2e55e54436,0,1,1,1,0,0,0,0,0,0,0,0,40,15.72479248046875
d211a7cffb868f1a8db968e00a4e6c7c,0,1,1,1,0,0,0,0,0,0,0,0,98,24.17205810546875
d217f683f40363ac6855ad185bf4b58c,0,1,1,1,0,0,0,0,1,1,0,0,18,10.16668701171875
d21b3e28d6aadccdfcc03aaec8c71b88,0,1,1,1,0,0,0,0,0,0,0,0,15,28.47137451171875
d21e49106292b4dc39b05bb3b244e652,0,0,1,1,0,0,1,0,1,0,0,1,37,32.79315185546875
d2207138575b7f6f6c8b8fa8a6695c5f,0,1,1,1,1,0,0,0,0,1,0,0,24,20.04510498046875
d221b46947fc086e7445590e2bd1e808,0,1,1,1,0,0,0,0,1,0,0,0,100,4.52362060546875
d224f987dda8945770807984dc10c886,0,1,1,1,0,0,0,0,1,1,0,0,35,14.76043701171875
d22573cbc66083c9f326ff3bf7b5d21a,0,1,1,0,0,0,1,0,0,0,0,0,75,30.03631591796875
d2267f14158625a4106179f21fb60743,0,1,1,0,0,0,1,0,1,0,0,0,28,64.37811279296875
d2273d34671eb47fb0f8600d60554bd1,0,1,1,1,0,0,0,0,0,0,0,0,34,24.20526123046875
d22da16a635031c1ae7554c839f26c9b,0,0,1,1,0,0,0,0,0,0,0,0,48,15.45526123046875
d236d3ce8c297c721bb053a2c601f640,0,1,1,1,0,0,0,0,0,0,0,0,23,12.06317138671875
d2396a2d7b1d84ed6b3f4c99e865579c,0,1,1,1,0,0,0,0,1,0,0,0,49,9.52508544921875
d23adcb7161d8de97e8787b97d516284,0,1,1,1,0,0,0,0,0,0,0,0,34,15.97674560546875
d24269bac7130233be3cef9f8b2dcaeb,0,1,1,1,0,0,0,0,1,1,0,0,33,27.27996826171875
d248ce88d89b7825475527b2c99625e1,0,1,1,1,0,0,0,0,1,1,0,0,70,16.02362060546875
d24a95c356c8268a8547364dc632d577,0,0,1,1,0,0,1,0,0,0,0,0,62,33.65740966796875
d24f53b0fe2f23650c510cd01b385be0,0,1,1,1,0,0,0,0,0,0,0,0,26,70.41424560546875
d25ac9dafabe6a3631ccf12256fa1cae,0,1,1,0,0,1,0,0,1,1,0,0,28,20.17352294921875
d25eacb2246780ae2eef2a0dce5284c4,0,1,1,1,0,0,0,0,1,0,0,0,45,8.40936279296875
d26a260dddd3a5001f47bb9209e85b12,0,0,1,0,0,0,0,0,0,0,0,0,92,20.09344482421875
d26e990caa3a246b1087eaabbc3a3605,0,1,1,1,0,0,0,0,0,0,0,0,61,28.65887451171875
d2712c7b2ebbe9b4d8022a6206d39eb4,0,1,1,1,0,0,0,0,0,0,0,0,29,9.28875732421875
d2795148dddbf817800873ddcf6c053f,0,1,1,1,0,0,0,0,0,0,0,0,54,5.85858154296875
d279994f7bb0b0eff104b29c6b3abc45,0,1,1,1,0,0,0,0,0,0,0,0,29,10.85467529296875
d27d23fb5823992a09645127d9276942,0,1,1,1,0,0,0,0,0,1,0,0,18,32.04217529296875
d28a861026ac8424091b8062a00d1d0b,0,0,1,1,0,0,0,0,0,0,0,1,22,50.01483154296875
d28b84cfa976679db85b5deac65aa2c2,0,1,1,1,0,0,0,0,0,0,0,0,22,42.57391357421875
d28f445fb4bc0716cf1ef8ea6333912d,0,0,0,1,0,0,0,0,1,1,0,0,29,18.73065185546875
d29347834b9bd203de5fb002687e684c,0,0,1,1,0,0,0,0,0,0,0,1,46,31.03631591796875
d29f66e828fee9aae475f6c491390443,0,1,1,1,0,0,0,0,0,0,0,0,32,25.40155029296875
d2a38278f9cdd1abcc6b20e86fb916f0,0,1,1,1,0,0,0,0,1,1,0,0,28,21.61004638671875
d2a4ce674ed076153cb379cf1f6fb41c,0,0,1,1,0,0,0,0,0,0,0,1,71,41.49627685546875
d2a83b5178961e6e8bc1eb9586c92a0d,0,1,1,1,0,0,0,0,0,0,0,0,25,4.18865966796875
d2b53489fbd5a14ebc86ff167a87b8d6,0,0,1,1,0,0,0,0,0,0,0,0,7,5.48162841796875
d2c2f1619e29e484d328fbe0e2dddd59,0,0,0,1,0,0,0,0,0,0,0,0,40,3.85028076171875
d2ce3e56831a34f61cd709614ed6c57e,0,1,1,1,0,0,0,0,0,0,0,0,44,26.01483154296875
d2db47fbb63de69afa944a95f75a4899,0,1,1,1,0,0,0,0,0,0,0,0,21,3.53387451171875
d2e3efd68bf3451d8b7a4bc95eaaa142,0,1,1,1,0,0,0,0,1,0,0,0,3,6.88494873046875
d2ebec50cb0ff7bbe4ebeb83d04c9cd2,0,1,1,1,0,0,0,0,0,0,0,0,18,11.79412841796875
d301063a38729fc46bd87771ae2417f6,0,1,1,1,0,1,0,0,0,0,1,0,18,26.14666748046875
d3020d8cb3aac29d97d7df28469b0734,0,1,1,1,0,0,0,0,1,1,0,0,31,20.88934326171875
d3027fc6856d1395328d198b56269ab0,0,0,1,0,0,0,1,0,0,0,0,0,44,25.83221435546875
d3050bb126adc8d88bd4a1acf34a204b,0,1,1,0,0,0,0,0,0,0,0,0,45,17.53143310546875
d30ac6b0818b1cc62351a51d0bc9d2de,0,1,1,0,0,0,0,0,1,1,0,0,100,19.48358154296875
d31b9ab490f2074b42c4179db7b1b064,0,1,1,1,0,0,0,0,0,0,0,0,84,24.13885498046875
d3213ca345c74020a2a928dad75f76e8,0,0,1,0,0,0,1,0,0,0,0,0,54,44.64715576171875
d3214df162fdee6ca7dab6a247e31b05,0,1,1,1,0,0,1,0,0,0,0,0,31,22.07147216796875
d3269d486609e0b9bb910607de7c4a2c,0,1,1,1,0,1,0,0,0,0,0,0,23,1.58514404296875
d3338d46ca212de0b102d892c0c06663,0,1,1,1,0,0,0,0,0,0,0,0,40,23.00750732421875
d33b32db9d93bbabb2a28b0bd770cbda,0,1,1,1,0,0,0,0,0,0,0,0,62,42.94207763671875
d349e0aab1259b62e2087196de926df0,0,1,1,1,0,0,0,0,0,0,0,0,9,16.16864013671875
d35d3834ae866cae5f99a0856218395a,0,1,1,1,0,0,0,0,0,0,0,0,29,36.55633544921875
d35f0bfc7b34a0b258da2d468a5cb93e,0,1,1,1,0,0,0,0,0,0,0,0,4,15.05682373046875
d360b0077052a84d4f3d072877d8712d,0,1,1,1,0,0,0,0,0,0,0,0,49,10.70526123046875
d3666b0645462dff630bdc8665524ea1,1,1,1,1,0,0,0,0,0,0,0,0,73,6.32293701171875
d36d768c74da43c234a14194dd8ce067,0,1,1,1,0,0,0,0,1,1,0,0,57,21.32196044921875
d36db685d635ddda53a042987b652603,0,1,1,1,0,0,0,0,0,0,0,0,13,22.50604248046875
d3790cddae0daad172764d7718005dbd,0,1,1,1,0,0,0,0,0,0,0,0,58,16.12225341796875
d37da2d2a513557c2a8ba79cd373a503,0,1,1,0,0,0,0,0,0,0,0,0,35,8.57830810546875
d37dafb1c5c75bed442da3b5f9b08396,0,1,1,1,0,0,0,0,0,0,0,0,60,51.93475341796875
d381e39a614bf840c7a372d567f5b27d,0,1,1,1,0,0,0,0,1,0,0,0,29,5.06219482421875
d3896b3f3640997169a688abef174cf7,0,1,1,1,0,0,0,0,1,1,0,0,28,29.09686279296875
d39b9d363f3aef9c9b312106e8e30e9c,0,1,1,1,0,0,0,0,1,1,0,0,56,25.74285888671875
d3a0c4378737b0c753c8e1cbf01d4b9f,0,1,1,1,0,1,0,0,0,0,0,0,35,17.02313232421875
d3aa8621987a26afe2dfb35fdb0e2622,0,1,1,1,0,0,0,0,0,0,0,0,65,12.06756591796875
d3abbb88104402c5fb5f9819d925c55e,0,1,1,1,0,0,0,0,1,1,0,0,31,24.24822998046875
d3b192651cc3c2e6539432e3fd272232,0,0,1,1,0,0,0,0,1,0,1,0,51,12.30096435546875
d3b3253710779ac515ec86257a84657c,0,1,1,0,0,0,0,1,1,0,1,0,37,5.96405029296875
d3bb31b416df9ce62b1e19e83a5e4b37,0,1,1,0,0,0,1,0,0,0,0,0,66,17.85565185546875
d3c893a857aa57cf0f68260447d38e50,0,1,1,1,0,0,0,0,0,0,0,0,25,5.34149169921875
d3d1dfbef6640de65a4943e606891f0b,0,1,1,1,0,0,0,0,0,0,0,0,36,15.48797607421875
d3d491baddf922fb6670df67523c871b,0,1,1,1,0,0,0,0,0,0,0,0,57,23.26971435546875
d3df4e2dc7713406b258c4e8b5c935cc,0,1,1,1,0,0,0,0,0,0,0,0,55,13.93280029296875
d3df7802063d5cd7df72a873824015b2,0,0,1,1,0,0,0,0,0,0,0,0,30,12.39276123046875
d3f2dc3dbe512a1e7cceb512615e2d80,0,1,1,1,0,0,0,0,0,0,0,0,25,19.18524169921875
d3f86ed3a12394a6c89701bfc9f0a9c5,0,0,1,1,0,0,0,0,0,0,0,0,21,11.37713623046875
d403ad270cbac218e1efc47dee4be8d8,0,1,1,1,0,0,0,0,1,1,0,0,34,21.92449951171875
d4043790ba5cc0d41d3da12ed48d5f19,0,1,1,0,0,0,1,0,0,0,0,0,57,18.54364013671875
d404ffe88959b31d1c8c99fd41103b34,0,1,1,0,0,0,0,0,0,0,0,0,32,63.42010498046875
d413954e7ec9e5600df31116afac81b7,0,1,1,1,0,0,0,0,0,0,0,0,70,14.62908935546875
d41b38d278b0ad635e21a4f1951df396,0,1,1,0,0,0,0,1,1,1,0,0,21,15.45916748046875
d41e8327d33ad2a70470141a384bc979,0,1,1,1,0,0,0,0,0,0,0,0,18,9.52166748046875
d421b432f3e54b7c667a125c10ea4c5b,0,1,1,1,0,0,0,0,0,0,0,0,38,8.25457763671875
d4256bf5c43e01a7477ff356c35d2a40,0,1,1,1,0,0,0,0,0,0,0,0,32,12.33807373046875
d430adf6e24febfeda8f4cb34eea6329,0,1,1,1,0,0,1,0,0,0,0,0,42,39.51190185546875
d4401de267ad533a869da45e35bf1556,0,1,1,1,0,0,1,0,0,0,0,0,81,17.34490966796875
d44a86e576017c8cd9f6af99f89ea916,0,1,1,1,0,0,0,0,0,0,0,0,37,10.51873779296875
d458e28fdccd116ae56e125cc76fb44a,0,1,1,1,0,0,0,0,1,0,0,0,32,8.05096435546875
d459f1a3ce7d716f42ecb8d50cf27487,0,1,1,1,0,0,0,0,0,0,0,0,51,11.67889404296875
d46bd657c317c36412b3d2e26bf8d12a,0,1,1,1,0,0,0,0,1,1,0,0,100,46.43914794921875
d46c103dd539d3bafa3f8c2e6270aadc,0,1,1,0,0,0,0,0,0,0,0,0,35,17.58709716796875
d4700d8f202f31eec48e4c9f8950f708,0,1,1,1,0,0,0,0,0,0,0,0,23,12.46014404296875
d47dcf43a9eabaad06e8746d8ef12343,0,1,1,1,0,1,0,1,1,0,0,0,37,14.43670654296875
d47f79cee95e969c5ab23de90841532e,0,1,1,1,0,0,0,0,1,1,0,0,17,18.56170654296875
d4804b8deb052cd74677300ad631de1d,0,1,1,1,0,0,0,0,0,0,0,0,26,6.55291748046875
d48ad6a20f6588a387f668a455280f61,0,1,1,1,0,0,0,0,0,0,0,0,18,10.82440185546875
d48d5adcff1ba13e62a2099c8d14cc0f,0,1,1,1,0,0,0,0,0,0,0,0,36,11.35076904296875
d48e157f60a1eb3c5d6a1bac5316c2a3,0,1,1,1,0,0,0,0,0,0,0,0,32,6.00604248046875
d490235bb57e77c16965ecbccb0908e9,0,0,1,0,0,0,0,0,0,0,0,1,29,40.48114013671875
d49dc143b156db5b1dd14f5a5403061f,0,1,1,1,0,0,0,0,0,0,0,0,36,13.89617919921875
d4a41be6fa0a450488d6a8280bc93492,0,1,1,1,0,0,1,0,0,0,0,0,34,6.02655029296875
d4a5c20c9f9d6de2c7a92e9da30a85fc,0,1,1,1,0,0,0,0,0,0,0,0,24,7.32537841796875
d4aed61ab65db9c57bac91b4d859dcf8,0,1,1,1,0,0,0,0,0,0,0,0,14,20.78143310546875
d4b3b181788ed2231dcee96da13547b3,0,1,1,1,0,0,0,0,0,0,0,0,30,15.78778076171875
d4b669d71af79b3c40a9db0a52f2c5cd,0,1,1,0,0,0,1,0,1,0,0,0,46,20.97186279296875
d4b7c1f451384c90a9e9e71fd69a57f9,0,1,1,1,0,0,0,0,1,1,0,0,30,16.61444091796875
d4b8e3ecfd3b5384bb91bafb255d5c2f,0,1,1,1,0,1,0,0,0,0,0,0,47,31.52117919921875
d4c5cbbe12bb663c4a6d20f8d3eeb0a4,0,1,1,1,0,0,1,0,0,0,0,0,29,13.61395263671875
d4ce7b85e12ba67f09982cce4cdd8ba9,0,1,1,1,0,0,0,0,0,0,0,0,61,9.43182373046875
d4e3b800f301d9e35253245f4bd1e545,0,1,1,1,0,0,0,0,0,1,0,0,45,10.28436279296875
d4eb73fcebde30f2210a8b1a0f8796cb,0,1,1,0,0,0,1,0,0,0,0,0,23,-3.10137939453125
d4fd23fd9524e9b5962410edfdd39da8,0,0,0,1,0,0,0,0,0,0,0,0,77,12.41815185546875
d4fe9c30ccdce5150c8f2e5a67234473,0,1,1,1,0,0,0,0,1,0,0,0,24,7.29119873046875
d50088ea769325a175997dcb762fa288,0,1,1,1,0,1,0,0,0,0,0,0,21,9.62713623046875
d5040c7ed4b1a81caf9de107a6014d4d,0,1,1,1,0,0,0,0,1,1,0,0,33,-0.57550048828125
d5055d6dc29fc876ce40278538ff7517,0,1,1,1,0,0,0,0,0,0,0,0,44,21.27069091796875
d5060c93dc4e7dadf5a77d1bd6fea19a,0,1,1,0,0,0,1,1,1,1,1,0,36,7.22576904296875
d507b9df4cdb8c60f78a008c333d6eab,0,1,1,1,0,0,0,0,0,0,0,0,92,25.47674560546875
d51a497cccaab30045904cb26c6ab7a0,0,1,1,1,0,0,0,0,1,1,0,0,29,11.12615966796875
d51a634e436868276f2a2ce5103c9875,0,1,1,1,0,0,0,0,1,1,0,0,42,13.38494873046875
d51bcb18e18c37a01bda0de7666475a7,1,1,1,1,0,1,0,0,0,0,0,0,14,26.23846435546875
d51ca81884c96a45f4806c94e71facf9,0,1,1,0,0,0,1,0,0,0,0,0,40,16.63104248046875
d52792af108bfdab3633031828e88b22,0,1,1,1,0,0,0,0,0,0,0,0,15,14.73016357421875
d5279f11ef137efc38a473792b760c1d,0,0,1,1,0,0,0,0,0,0,0,0,29,14.49725341796875
d537e5176db7c3c2eca807b350f8e4b9,0,1,1,1,0,0,0,0,1,1,0,0,32,8.24432373046875
d556e9d7a49f64be8bae0abc9e3799bf,0,1,1,1,0,0,0,0,0,0,0,0,28,6.91278076171875
d557738ca61c8d29049619a98d911a04,0,0,0,1,0,0,0,0,0,0,0,0,25,9.99969482421875
d55c6390e9fb35d6f7ad6644a7dc9f3a,0,1,1,1,0,0,0,0,0,0,0,0,24,20.16571044921875
d55de2132e5374431edcb8987fde1ef4,0,0,0,0,0,0,1,0,0,0,0,0,37,10.97088623046875
d55e1c9a861125b666fcdd8bf0814503,0,0,1,1,0,0,0,0,0,0,0,0,26,36.86199951171875
d5617775baec420df943e637dafc509a,0,1,1,1,0,0,0,0,0,0,0,0,79,53.25457763671875
d563b459976a4115aa87158731550e4c,0,1,1,1,0,0,0,0,0,0,0,0,28,23.57489013671875
d567d63a7265e172122e117bf96a24d1,0,1,1,1,0,0,0,0,0,0,0,0,34,10.44549560546875
d57157a26ac09cb28dcb0bb7dde71ae1,0,1,1,1,0,0,0,0,0,0,0,0,67,36.21844482421875
d57332ca787f4d6513d20f079b933ede,0,0,1,1,0,0,1,0,0,0,0,0,35,32.67303466796875
d57cbce8f60908839115b5998b79be7e,0,1,1,0,0,0,0,0,0,0,0,0,35,55.25848388671875
d582f1a2bbe34c3194bd3cac1a0c373f,0,1,1,1,0,0,0,0,0,0,0,0,48,35.61639404296875
d583f77c7b6e08cc9acbc898212c84ee,0,1,1,1,0,0,0,0,0,0,0,0,27,29.20428466796875
d5872ee0074400ffb3cbd3eac091ed1d,0,1,1,1,0,1,0,0,1,1,0,0,31,11.45965576171875
d589622fa271d6f64056fe7bc860ed3b,0,1,1,1,0,0,0,0,0,0,0,0,45,17.10711669921875
d58c6e7f51250c845f4de73350bd499e,0,0,1,1,0,0,0,0,0,0,0,1,5,36.57000732421875
d599808278f36c375841445089e3cdef,0,1,1,1,0,0,1,0,0,0,0,0,43,31.45281982421875
d59f8d038e4a5a05c40600c34f7ce5c3,0,1,1,1,0,0,0,0,0,0,0,0,86,66.30096435546875
d5a58434857c67df5da99144b833df47,0,1,0,1,0,0,1,0,0,0,0,0,29,13.13397216796875
d5b30d7f811ca6225d16266e3e1c1467,0,1,1,1,0,0,0,0,1,1,0,0,29,28.43768310546875
d5b4162a80b8fddfcc3aedf3fa8e54db,0,1,1,1,0,0,0,0,0,1,0,0,38,21.86932373046875
d5b5f5ba91a06dca2981f0f896e04c35,0,1,1,1,0,0,0,0,0,0,0,0,41,7.58612060546875
d5bdf3446e86ce4ec67ce7a00f1cccc2,0,1,1,0,0,0,0,1,0,1,1,0,27,35.11834716796875
d5c0c55411bf777e90a447941c1135a2,0,0,1,0,0,0,0,0,0,0,0,0,25,87.51531982421875
d5c282b41c7b273a404028a827d7bbc6,0,1,1,1,0,0,0,0,0,0,1,0,60,19.01971435546875
d5c9c2cfc92da0777b36477a6b9d71c3,0,0,0,1,0,0,0,0,0,0,0,0,52,10.76190185546875
d5d1cff4a553363f26c367f1b3028e6a,0,1,1,1,0,0,0,0,0,0,0,0,40,10.63397216796875
d5dbd3f49b6a87cb01348a485aaef485,0,1,1,1,0,0,0,0,1,1,0,0,65,22.81610107421875
d5dbd5daf522b458189292d75312e1e1,0,1,1,1,0,0,0,0,0,1,0,0,58,26.83856201171875
d5ecc07ba6eecc0f1885c21fff21ac68,0,1,1,1,0,0,0,0,0,0,0,0,46,29.31414794921875
d5ed263495e16cc12873117c1578647f,0,1,1,1,0,0,0,0,0,0,0,0,57,6.97381591796875
d5eecaf8f7d0e2c89e7d2d0011b15a2e,0,1,1,1,0,1,0,0,0,1,1,0,22,20.96551513671875
d5f7488a7fef322edd71c4b3734ca771,0,1,1,1,0,0,0,0,0,0,0,0,36,35.32977294921875
d5f8af19eb62b4b0f0363647c43ba733,0,0,1,1,0,0,0,0,1,1,0,0,22,6.93280029296875
d604e76aab1136084f80f5c2f92e41b3,0,0,1,0,0,0,1,0,0,0,0,0,21,22.62322998046875
d608c93b783d0ec67f1ed087d1aeceff,0,1,1,1,0,0,1,0,0,0,0,0,33,10.42059326171875
d616b67d72a6f24cc93f49b40d47564b,0,0,1,1,0,0,0,0,0,0,0,1,39,12.95477294921875
d616e6764019dc8f0342e1d93807f7d4,0,1,1,1,1,0,1,0,0,0,0,0,49,17.96258544921875
d619f7291870ba8f7673b15331a6290e,0,1,1,1,0,0,0,0,0,0,0,0,30,20.99822998046875
d61c609ce96b9a367d06e09dc7ea6416,0,1,1,1,0,0,0,0,1,1,0,0,21,14.24090576171875
d61c9348b547564b354490cc16ccc0b1,0,1,1,1,0,0,0,0,1,0,0,0,35,38.36883544921875
d61e49cd1ff16a8fe62f4f8e5c0fedff,0,1,1,1,0,0,0,0,0,0,0,0,49,11.05584716796875
d6211a102aaaaef8fdc6de32f94af7b2,0,1,1,0,0,0,0,0,0,0,1,0,21,25.20184326171875
d62effb47573aaad356672b17ccfdf96,0,1,1,1,0,0,0,0,1,1,0,0,3,46.23895263671875
d6374388f804ad44c62cf2601f5c8d45,0,0,1,0,0,0,1,0,0,0,0,0,35,23.34100341796875
d63f87cff08bb28164e3936b2b4b4e00,0,1,1,1,0,0,0,0,0,0,0,0,29,12.91766357421875
d63fbe75c5a07b281c1d4d9b2cfab528,0,1,1,1,0,0,0,0,0,0,0,0,39,30.90545654296875
d6463809efeaaded3dfc4a80ae42bea0,0,1,1,1,0,0,0,0,0,0,0,0,14,41.42889404296875
d6489a1d26181ac34c37659e8cc55120,0,1,1,1,0,0,0,0,0,0,0,0,43,27.74871826171875
d65684f2f890306ea40680075fd6de86,0,1,1,1,0,0,0,0,0,0,0,0,33,22.71258544921875
d6593cc86aa0b7f17808cf9f568626d9,0,1,1,1,0,0,0,0,0,0,0,0,48,33.33905029296875
d66680ef8c898d7cf3685df556aa5b7e,0,1,1,0,0,0,0,0,0,0,0,0,21,49.12420654296875
d67754386ee31ea46d09a5954473acae,0,1,1,0,0,0,0,1,1,1,0,0,51,12.96356201171875
d67a7d292fed65958882a70d9461be3b,0,1,1,1,0,0,0,0,0,0,0,0,31,12.18963623046875
d68d07de825adcadc895c52626d7b55f,0,1,1,1,0,0,0,0,0,0,0,0,100,9.74139404296875
d68fa653b1798b826f7c33cd712393b8,0,1,1,0,0,0,1,0,0,0,0,0,44,34.09930419921875
d690f0c9887b4a58fda2cf9db0bd2e26,0,1,1,1,0,0,0,0,0,0,0,0,7,29.69744873046875
d69283569a92115744a385b20a749b35,0,1,1,1,0,0,0,0,0,0,0,0,14,30.18963623046875
d69c336701b79a5f066d6c2d47954b1b,0,1,1,1,0,0,0,0,0,0,0,0,34,19.83856201171875
d69ea5e0bdfea382ff05bd7953e8996c,0,1,1,1,0,0,1,0,1,1,0,0,23,7.00311279296875
d6ab99d00fba79d14f4d8173f8272b9b,0,1,1,1,0,0,0,0,0,0,0,0,29,10.60858154296875
d6ad770f2983a69790ab6b5062260266,0,1,1,0,0,0,1,1,1,1,1,0,36,22.00262451171875
d6b22200c5b83dc51b539f36c3a0904b,0,1,1,1,0,0,0,0,0,0,0,0,30,14.75408935546875
d6bcf2856fbc274058f679f0c4cbe9d7,0,1,1,1,0,0,1,0,0,0,0,0,72,7.26336669921875
d6bf1c194e3d459f2569f250fc1d5db4,0,1,1,1,0,0,0,0,0,0,0,0,72,24.31463623046875
d6bf9c5bb45c94f707c7050e4f0baef8,0,1,1,1,0,0,0,0,0,1,0,0,60,25.87615966796875
d6c57f4072a60dda34aac6f584de2120,0,1,1,1,0,0,0,0,1,0,0,0,31,12.62420654296875
d6c73e0e9e99081b0e4a738f2469e3c7,0,1,1,1,0,0,0,0,0,0,0,0,22,7.23651123046875
d6c76e6d91eba9e9e3aff3cf3efecd79,0,0,0,1,0,0,0,0,0,0,0,0,63,34.11590576171875
d6d09ad75de57657c3119135d071c0cf,0,0,1,1,0,0,0,0,0,0,0,1,30,47.15447998046875
d6d62941011b94eb150ba97804ab813f,0,1,1,1,0,1,0,0,0,0,0,0,30,11.08221435546875
d6e64af0f41c011a0cfdc15bbcfed214,0,1,1,1,0,0,0,0,0,0,0,0,27,15.44403076171875
d6ef8dd6e6ad2e38f2392a2984507aae,0,0,0,1,0,0,0,0,0,0,0,0,25,14.44793701171875
d6f1bbdb6b25e12dd6ffafb71bcc5d01,0,1,1,1,0,0,0,1,0,0,1,0,25,12.99725341796875
d70c224084a1e71d603403b18d42b5a9,0,0,1,1,0,0,0,0,0,0,0,1,19,22.46502685546875
d70ccef60a3dc5824c8d8f2f2f22186f,0,1,1,1,0,0,1,0,0,0,0,0,40,16.34197998046875
d71cedbee7e4148a19a495923d43afcf,0,0,1,0,0,0,0,0,0,0,0,0,46,21.16571044921875
d722a25c7c78230bc132929350437d9a,0,1,1,1,0,0,0,0,0,0,0,0,36,18.22967529296875
d725be638c6c27afb62b7f4f6e4bfb67,0,1,1,1,0,0,0,0,0,0,0,0,25,12.41619873046875
d72f3ea713b9c453e95655a8b11e3c8b,0,0,0,1,0,0,0,0,0,0,0,0,81,16.18768310546875
d7337eb23527ff50f5e77edad64ea25f,0,1,1,1,0,0,0,0,0,0,0,0,23,19.13543701171875
d73767031dfc0075b47f122cc3c5a989,0,1,1,1,0,0,0,0,1,1,0,0,24,22.38397216796875
d73e2c8d8c0e91b79949a44a5a89506e,0,1,1,1,0,0,0,0,0,0,0,0,36,24.53436279296875
d752229e227558705d70871b3d660b1f,0,0,0,1,0,0,0,0,0,0,0,0,40,21.55389404296875
d7595b8b9e4a10ada23f94713f9da82c,0,0,1,1,0,0,0,0,0,0,0,0,26,13.34588623046875
d759c249279a6cc737140741a2e71531,0,0,1,1,0,0,0,0,0,0,0,1,43,30.26092529296875
d75baf8285e6eb2c76c28d1d5f645524,0,1,1,1,0,0,0,0,0,0,0,0,30,16.96112060546875
d75f686bf1a7043a77e71a8fa4caf2b2,0,1,1,1,0,0,0,0,0,0,0,0,27,33.85711669921875
d761e75d1f9ca9c476fdbcea1018d8c5,0,0,1,1,0,0,0,0,0,0,0,1,2,13.10711669921875
d772302806bbcded2ffd576491cd70f4,0,1,1,1,0,0,0,0,0,0,0,0,31,43.27069091796875
d77a123e6338c0fa6a6b5ef3b94a6f87,0,1,1,1,0,0,0,0,0,0,0,0,31,-1.24444580078125
d77cbb32318b41770954ed1a73e35dcb,0,1,1,1,0,1,0,0,0,0,0,0,48,5.46063232421875
d7823d104bcb0af71e3f6dbc68bbd102,0,1,1,1,0,0,0,0,0,0,0,0,33,25.61492919921875
d78a183d82dcae6c68bcdb54f8e514be,0,1,1,1,1,0,0,0,0,1,0,0,17,18.65692138671875
d79455f5d550ceb622e73db800344e53,0,1,1,1,0,0,0,0,1,1,0,0,70,21.14324951171875
d795ab245ffa5ef759617d2fe838f807,0,1,1,1,0,0,0,1,0,0,0,0,31,11.41326904296875
d79c474316d76a46b6609975d299a69e,0,1,1,1,0,0,1,0,0,0,0,0,34,26.68914794921875
d79c480d33cc7b11047c5dfd2cc44bb8,0,1,1,1,0,0,1,0,0,0,0,0,36,21.26287841796875
d7af6baf97ec13ccc275f01dc8927fd3,0,1,1,1,0,0,0,0,0,0,0,0,27,23.93572998046875
d7b42d13e6ba2cc9ad979b1980ba2afc,0,0,1,1,0,0,0,0,0,0,0,1,31,30.97039794921875
d7b770a70106cfe557c3c1cc404d3fca,0,1,1,1,0,0,0,0,0,0,0,0,33,23.54364013671875
d7c1d30e37e58fd50603066e940f28e7,0,1,1,1,0,0,0,0,0,1,0,0,36,14.81658935546875
d7c513b2e53258018d5ce712e9ecb80e,0,1,1,1,0,0,1,0,0,0,0,0,28,55.29949951171875
d7cfd0035ad581d2d7629a82ad793c98,0,0,1,0,0,1,0,0,0,0,0,1,20,54.50067138671875
d7d222be164177b8a1033fb51a5d762f,0,1,1,1,0,0,0,0,0,0,0,0,30,10.39178466796875
d7d32e41d7e95e563fa60a761b30e67a,0,1,1,1,0,0,0,0,0,0,0,0,64,48.67449951171875
d7d64d8a895f3927886fc9d444b866a6,0,0,1,1,0,0,0,0,0,0,1,0,46,14.21258544921875
d7e18617da875323fe79a22b8b259072,0,1,1,1,0,0,0,0,0,0,0,0,24,36.05780029296875
d7f8d8a73853b9cba5d0e8a511f7a362,0,1,1,0,0,0,0,1,0,0,1,0,18,30.87860107421875
d7fbd0a8f7e14659f68d0329fecc34a2,0,0,1,1,0,0,0,0,0,0,0,1,36,31.18914794921875
d8052ff978e5d29cd55df55d94c90523,0,1,1,1,0,0,0,0,0,0,0,0,25,8.83612060546875
d8083b2cff4525dcf456722a98748427,0,0,0,1,0,0,0,0,0,0,0,0,93,27.84979248046875
d81e6fbb155ea33b872536c61a73f610,0,1,1,1,0,0,1,0,0,0,0,0,36,16.09197998046875
d820bfa0a3654f4576a089b224df600f,0,1,1,1,0,0,0,0,0,0,0,0,24,17.92156982421875
d823ff8e3ea4e9434c1d8a4244987a9e,0,1,1,1,0,0,0,0,0,0,0,0,34,17.38397216796875
d82afe0c787d654fc4a7be069e8cba9b,0,1,1,1,0,0,0,0,0,1,0,0,100,26.36004638671875
d82b333a2cf565293e531211147218fa,0,1,1,0,0,0,1,1,0,0,0,0,36,12.40740966796875
d82eb0f4785aad05385ebb292a70ac84,0,1,1,1,0,0,0,0,0,0,0,0,67,33.24530029296875
d83557a61f1dba74de72aa24c8e5f39d,0,1,1,1,0,0,0,0,0,0,0,0,42,6.23114013671875
d845aa17608f8377b3204c77f48dcdac,0,0,0,0,0,0,1,0,0,0,0,1,65,17.67254638671875
d84fef68b5c40c4df75d6257d03d0cdf,0,0,1,1,0,0,0,0,1,1,0,1,33,20.59490966796875
d8571bbd0e1247f2a96e42ec82b57f9f,0,1,1,1,0,0,0,0,1,0,0,0,30,17.63494873046875
d857ffeef6c6aa6d277710a62dcb9afa,0,1,1,1,0,0,0,0,0,0,0,0,35,25.18865966796875
d85bbe5f3018bfebbc1654e752fdfa4d,0,1,1,1,0,0,0,0,1,0,0,0,29,13.54949951171875
d8615b9fcdc7b8bc140570709bbeef27,0,1,1,1,0,0,0,0,0,0,0,0,30,9.22235107421875
d866f3cbafe3a286a5cc862df42449ed,0,1,1,1,0,0,1,0,0,1,1,0,28,12.56707763671875
d868794df8e5d18ff2648760d26f9a6c,0,1,1,1,0,0,0,0,0,0,0,0,21,16.00213623046875
d86bb0c0b34a1711d00ed3f5ba6dd0ee,0,0,1,1,0,0,0,0,0,0,0,1,75,2.04461669921875
d87810f762081dd515cdf4d189c209b5,0,1,1,1,0,0,0,0,0,0,0,0,100,8.11883544921875
d87820655a2741f557dff08a5dfc79c2,0,1,1,0,0,0,1,0,0,0,0,0,21,41.24481201171875
d87a5bef3664255e37e5bcf582766337,0,1,1,1,0,0,0,0,0,0,0,0,28,30.57830810546875
d87c509bc16c8f53478ab9b434e522cc,0,1,1,1,0,0,0,0,1,0,0,0,33,2.20623779296875
d87c9622db856a8d92d702e103f28728,0,1,1,1,0,0,0,0,0,0,0,0,97,22.40692138671875
d8818e7ad35258af3f7d1697d4f25d67,0,1,1,1,0,0,0,0,0,0,0,0,76,17.85955810546875
d88b355bcde2f306865187552c3e307f,0,1,1,1,0,0,0,0,0,0,0,0,58,27.87908935546875
d89acbced612cdf4a461ab86a5a3cb15,0,1,1,1,0,0,1,0,0,0,0,0,37,11.67205810546875
d89af779d275df9bd24761d0ee589606,0,0,1,1,0,1,0,0,0,0,0,0,29,5.42254638671875
d89d171190eb616613632f0180aecb70,0,0,0,1,0,0,1,0,0,0,0,0,8,35.21160888671875
d8aaebba6c46b36f7f84aa234893406e,0,0,1,1,0,0,1,0,0,0,0,0,40,9.65643310546875
d8abd2bb7e26c87883453f678aba29e5,0,1,1,1,0,0,0,0,1,1,0,0,3,6.29949951171875
d8b66d6d63ef99cb78b18e75fc9668e5,0,1,1,1,0,0,0,0,0,0,0,0,27,16.50994873046875
d8c239a66d88efe486ce9c9d8a52542d,0,0,0,1,0,0,0,0,0,0,0,0,35,22.87469482421875
d8ca53cea42986dd1506347613b72c5e,0,0,1,1,0,0,0,0,0,0,0,0,51,8.42987060546875
d8cb5231f5238abc42ff3ebc2b904fa9,0,1,1,1,0,0,0,0,0,0,0,0,45,24.13006591796875
d8d4c10d848e8293e343b859d4ab42d2,0,0,0,1,0,0,0,0,0,0,0,1,52,17.28192138671875
d8d79469b76774ed9bafc837dfc51fb5,0,0,1,1,0,0,0,0,0,0,0,1,19,34.12713623046875
d8dae531e5081fafd33aec1d810ff4b3,0,1,1,1,0,0,0,0,1,1,0,0,22,6.59832763671875
d8eb603ed9e38797cc93ae8a7125febb,0,0,0,0,0,0,0,0,0,1,0,0,19,11.42254638671875
d8ef319a79cfee7d568270cd94452c3a,0,0,0,1,0,1,0,0,0,0,1,0,61,11.33416748046875
d8f04c9498a54829ca21cfed1a0d02e0,0,1,1,1,0,0,1,0,0,0,0,0,2,5.79608154296875
d8f2174433d359fab8cb96a521843aab,0,0,0,1,0,0,0,0,0,1,0,0,37,24.63983154296875
d8f888896d05b09fa2de042ddd163673,0,1,1,1,0,0,0,1,0,0,0,0,21,16.50164794921875
d90122ddb0755ee4d3cb0b3be756b9bb,0,1,1,1,0,0,0,0,0,0,0,0,83,34.44842529296875
d9060886a2b125a077bd865a654ebbda,0,1,1,1,0,0,0,0,0,0,0,0,33,14.37762451171875
d907c9ce76fa8ff799804abe005b257e,0,1,1,1,0,0,0,0,1,1,0,0,32,18.09002685546875
d90db6bce62106f963c551f5f1ef5f91,0,1,1,1,0,0,0,0,0,0,0,0,20,46.87762451171875
d91f22bcc7ac10e19f3e44906afc8d7e,0,1,1,0,0,0,0,0,0,0,0,0,28,20.60565185546875
d91f352b84a4f9eb0e0fa4e2aaec8e55,0,1,1,1,0,1,0,0,0,0,0,0,39,-0.60430908203125
d9226a1de80627c4086aa8a2b193b6d2,0,0,1,1,0,0,0,0,0,0,0,1,13,17.45330810546875
d926484b538d2ede04c7af8082fe2692,0,1,1,1,0,0,0,1,1,1,0,0,43,19.67010498046875
d930157fab2a2e5fbc1c6dbbd24860b6,0,1,1,0,0,0,1,1,0,0,0,0,39,28.17449951171875
d935db4fc13fa973b9875650f97f8f03,0,1,1,1,0,0,0,0,0,0,0,0,26,11.79217529296875
d938b46d8bb7130578b81a31bc1ad64a,0,1,1,0,0,0,0,0,0,0,0,0,13,14.91131591796875
d94c46d42e14aebca59c4d655ba9be2a,0,1,1,1,0,0,0,0,1,0,0,0,16,26.66522216796875
d9503194050213335f11643eea30cdc3,0,1,1,1,0,0,0,0,0,0,0,0,21,13.73651123046875
d953d720d042b54136e9c4425b436ec8,0,1,1,1,0,0,0,0,0,0,0,0,45,6.66522216796875
d956ca193d9f5628302f9a4cbe5afc9f,0,1,1,1,0,1,0,1,0,0,0,0,48,15.46990966796875
d962de2b309487b61e01d44ed61f8b04,0,1,1,1,0,0,0,0,1,0,0,0,36,16.82733154296875
d96963528e007fc59d3a3e7e5505f372,0,1,1,1,0,0,0,0,0,0,0,0,39,10.58221435546875
d978195be7faa46f3c44bf7b14d04631,0,1,1,1,0,0,0,0,0,0,0,0,35,16.02655029296875
d97aafc16895edb0f97a49e618a43a39,0,1,1,1,0,0,0,0,0,0,0,0,31,13.42645263671875
d9896c444d85e0882de361ce6bfaebcd,0,1,1,0,0,0,0,0,0,0,0,0,30,23.96405029296875
d98dc8864dd52b12793c186981234448,0,1,1,1,0,0,0,0,0,0,0,0,44,33.22332763671875
d98e0578566c1f7c791aab11b02726e8,0,1,1,1,0,0,0,0,0,0,0,0,21,5.33026123046875
d9935f2049df1258746ab8cc0b6cbf64,0,0,0,1,0,0,0,0,0,0,0,0,40,15.37322998046875
d9969474fb547eb17e333856f39ce23b,0,1,1,0,0,0,0,0,0,0,0,0,79,15.60321044921875
d99998a76be1bd4d5cb6798d9e21a292,0,1,1,1,0,0,0,0,0,0,0,0,26,20.85272216796875
d9a59cf5f9b386ca222cdc348335c143,0,1,1,1,0,0,0,0,0,0,0,0,26,3.62860107421875
d9a5b00eda08160e17bf5765d14bed89,0,0,1,1,0,0,0,0,0,0,0,1,34,14.21063232421875
d9b80967c532f3b5e9534dd7e6cc9e7b,0,1,1,1,0,0,0,0,0,1,0,0,39,10.76385498046875
d9ba322c3fbf962b458c3be9a2f0ffd0,0,1,1,0,0,0,0,0,0,0,0,0,58,31.14959716796875
d9bbacfac98521b0adef2a09555adcc4,0,1,1,0,0,0,1,0,0,0,0,0,40,8.74041748046875
d9bf9768fecaa4a58da00dc3ed93ba48,0,1,1,1,0,0,0,0,1,1,0,0,12,8.88006591796875
d9d332dda88f2d3f80d336fae3d0b05d,0,1,1,1,0,0,0,0,0,0,0,0,23,14.25506591796875
d9d4cb29d92ea2ce865b59aadee9850b,0,0,0,1,0,0,0,0,1,1,0,0,69,15.83270263671875
d9ea120ce5d5213ba2dc31b23de439e6,0,1,1,0,0,0,0,0,1,1,0,0,38,21.57391357421875
d9ec50d15efde0919b2acafa4f47d141,0,1,1,1,0,0,0,0,0,0,0,0,17,11.56512451171875
d9f459ad79e6b82663b83f7d932d438a,0,1,1,1,0,0,0,0,0,0,0,0,30,17.44842529296875
d9fae91ab259ce3723a7ae24d92b17ef,0,1,1,1,0,0,0,1,1,1,1,0,34,2.18084716796875
d9ff16e687f93890822eecb854502ded,0,1,1,1,0,0,0,0,1,0,0,0,30,15.62957763671875
da0104940cc1dcd3444bd61b44bea329,0,1,1,1,0,0,0,0,0,0,0,0,40,3.83905029296875
da01e21c4eae356af7c4d94b29440241,0,1,1,1,0,0,0,0,0,0,0,0,57,16.50994873046875
da26e2dcc64f7a8a17c5dcd7098d397e,0,0,1,1,0,0,0,0,0,0,0,0,38,9.85906982421875
da2de5a707339d98c4477ab7a2669140,0,1,1,1,0,1,1,0,0,0,0,0,57,19.39666748046875
da2fda8276b845699cb02c7e0d5b771c,0,1,1,1,0,0,0,0,0,0,0,0,33,24.91815185546875
da3930a7ebb756b02e7eeaa2865a19b0,0,1,1,1,0,0,0,0,0,0,0,0,40,28.98358154296875
da54ae6e349117abd536b7c35fa6e29c,0,1,1,1,0,0,1,0,0,0,0,0,34,7.56561279296875
da600c0709adad476d85624c26b647bc,0,1,1,1,0,0,0,0,1,0,0,0,15,15.46502685546875
da61b04c03226b48a701b346cc23f96f,0,1,1,1,0,0,0,0,1,1,0,0,7,4.15594482421875
da61d5610ba002433fd92e22d8a8d925,0,1,1,0,0,0,0,0,0,0,0,0,27,18.78778076171875
da7a5322b0825c987519d6262342e7f8,0,1,1,1,0,0,0,0,0,0,0,0,57,31.02557373046875
da7cbfafdce55f9e9d7bba275e0fc564,0,0,0,1,0,0,0,0,0,0,0,0,36,18.66864013671875
da82593ee694b4ee30ffca23a6d1cec6,0,1,1,1,0,0,0,0,1,1,0,0,7,9.96990966796875
da845fd42ba99c8e0cf984191e949265,0,0,0,1,0,0,0,0,0,0,0,0,35,8.63739013671875
da892cbab6fdb43c490e943c17f7d934,0,1,1,1,0,0,0,0,0,0,0,0,23,14.42449951171875
da8f63380440ec18c5d5c159d2f19015,0,1,1,1,0,0,0,0,0,0,0,0,35,66.23992919921875
da9e01362e7c7ce72904278249988198,0,1,1,1,0,0,0,0,1,0,0,0,31,21.74774169921875
daa3a09786d7c4fb0237b96dccc939a3,0,0,0,1,0,0,1,0,0,0,0,0,45,18.20330810546875
dac77ecb1ef1c6b8b27822a57b355c44,0,1,1,1,0,0,0,0,0,1,0,0,60,19.71697998046875
dacae02faddb0080e00afdcba9f4e31c,0,1,1,1,0,0,0,0,0,0,0,0,36,2.74920654296875
dacd220c5a138e5c42ba48645cda8bac,0,0,1,1,0,0,0,0,1,1,0,1,98,17.49627685546875
dad03935e09a15a3228966fa66c3f8a0,0,0,0,0,1,0,1,0,0,0,0,0,34,29.36785888671875
dad1da9bede910fc66871f13daff482e,0,1,1,1,0,0,0,0,0,0,0,0,27,16.04705810546875
dada7bbecc486a1bf523ff5016520bda,0,1,1,1,0,0,0,0,0,0,0,0,65,19.18768310546875
dada91b46cf3d33d2f20d5be375879a1,0,0,1,1,0,0,0,0,0,0,0,1,32,14.53436279296875
dae0b2efa6cdc8edbee885d92e7c3ce8,0,1,1,1,0,0,0,0,0,0,0,0,26,16.05487060546875
dae29530909fe3004d34501972faf20e,0,1,1,1,0,0,0,1,0,1,1,0,30,27.89959716796875
dafeb8bbeca55a0a9b442b8cdefb3f6d,0,1,1,0,0,0,1,0,0,0,1,0,26,31.51873779296875
db010c8900095ee6504d111f21538ec6,0,0,1,1,0,1,0,0,0,0,0,0,81,22.82537841796875
db01edae7a0eed1bccc7f030bf450bd4,0,1,1,0,0,0,0,0,0,0,0,0,12,14.38397216796875
db0470cb8e50419057686cae1931572e,0,1,1,1,0,0,0,0,0,0,0,0,38,24.14520263671875
db05687978ef0ad19887a2a623335035,0,1,1,1,0,0,0,0,0,0,0,0,24,13.24432373046875
db177580c802d6825f26e51423a54332,0,0,1,1,0,0,0,0,0,0,0,0,23,28.91522216796875
db1cc7d254b480a469818cab162728ed,0,0,1,1,0,0,0,0,0,1,0,0,29,17.15106201171875
db26ad9754421faec035456f15269f52,0,0,0,0,0,0,1,0,0,1,0,1,30,21.06463623046875
db2722d73bf60d1819238bc1cc141da0,0,1,1,1,0,0,0,0,0,0,0,0,29,12.04656982421875
db27b337e13731c7aa8987724b0df451,0,1,1,1,0,0,0,0,0,0,0,0,18,23.54901123046875
db29c82ae50a41f3664168eca0916e23,0,1,1,1,0,0,0,0,1,0,0,0,81,12.67108154296875
db2ec36ce3f6af847f38a6e51b8eec0f,0,1,1,1,0,0,0,0,0,1,0,0,30,39.06219482421875
db3191b4a31e8ea0f619aa4d298c2511,0,1,1,1,0,0,0,0,0,0,0,0,24,9.11346435546875
db32a12bd4366f12e66ee03c0f5544cc,0,1,1,1,0,0,0,0,0,0,0,0,90,16.76385498046875
db341416237be9c51ef79c588c098f18,0,1,1,1,0,0,0,0,0,0,0,0,92,29.81854248046875
db36f9a28ec1fe3a0a1b89632c109df0,0,1,1,1,0,0,0,0,1,0,0,0,29,2.41033935546875
db3b0171dd00abec476d19824dba4406,0,1,0,0,0,0,1,0,0,1,0,0,37,40.10418701171875
db42efd50dd30504da59f6b92206081f,0,1,1,1,0,0,1,0,1,1,0,0,43,21.11590576171875
db464dba18c90fad4cec1c181a2576ee,0,1,1,1,0,0,1,0,0,1,0,0,33,13.61151123046875
db4a00556b1fd8770bfbac1ba604f9ce,0,1,1,0,0,0,0,1,0,0,0,0,66,8.92205810546875
db56a293c25086ba38f801f674c45689,0,1,1,1,0,0,0,1,0,1,1,0,29,17.26385498046875
db58a8c3b559121d49ea95284fe33997,0,1,1,1,0,0,0,0,0,0,0,0,24,19.98260498046875
db5b4ba8144638d99f08263bdfa7b8b7,0,1,1,1,0,0,0,0,1,0,0,0,52,15.61785888671875
db6551a03290db76bd31b1bc726f4908,0,1,1,1,0,0,0,0,0,0,0,0,35,8.38885498046875
db68a6629e2aabe277c3838c10ba97f8,0,1,1,1,0,0,0,0,0,0,0,0,22,10.00994873046875
db6cb825858946cdffd7c0e42c682f3a,0,0,1,0,0,0,0,0,0,0,0,1,44,18.96795654296875
db70769d6702b83c76faf8b4f233ae6c,0,1,1,1,0,0,0,0,0,0,0,0,48,-4.19415283203125
db74ae3da58176ff0eac0dc5c149f5d6,0,1,1,1,0,0,0,0,0,0,0,0,27,21.95233154296875
db7d64cb763caf15db86f8f626f76715,0,1,1,1,0,0,0,0,0,0,0,0,26,43.61346435546875
db8f28a7b434982e62de7f75cde6eb3d,0,1,1,1,0,0,0,0,0,0,0,0,100,6.88299560546875
db92fb3bd8087ffe1b56e14acc6f6f16,0,1,1,1,0,0,0,0,1,1,0,0,26,47.79754638671875
db940fa4f03a159d2a31263e445937c1,0,0,1,1,0,0,0,0,0,0,0,1,61,36.18084716796875
db9a2417e477e5bd5fc13f6329ebfe6c,0,1,1,0,0,0,0,1,0,0,1,0,29,19.49676513671875
dba645ce0b4a8073a27361c39f7a2770,0,1,1,1,0,0,1,0,0,0,1,0,47,13.63201904296875
dbb485bc383493648824606755b0129d,1,1,1,1,0,0,0,0,0,0,0,0,34,50.44403076171875
dbc47155644aeb3edd1bd39dba9b6953,0,1,1,1,0,0,0,0,0,0,0,0,34,16.36883544921875
dbc47e594cd7fe1bea2812497aaa083a,0,1,1,1,0,0,0,0,0,0,0,0,100,29.85321044921875
dbcadb2bda61892fface45069ecd2c8e,0,0,0,1,0,0,0,0,0,0,0,0,29,20.39031982421875
dbd5afe9f43e30db15d4e77bd41ffaa2,0,1,1,1,0,0,0,0,1,0,0,0,32,26.34149169921875
dbdbf117c9b2a028ce5773b411720dfc,0,1,1,1,0,0,0,0,0,0,0,0,29,7.42156982421875
dbe3307b51d079e256896580a3e08c6f,0,1,1,1,0,0,0,0,0,0,0,0,52,46.00799560546875
dbf25ce0b2a5d3cb43af95b2bd855718,0,1,1,1,0,1,0,0,1,1,0,0,43,3.25750732421875
dbf71c28b25a7da7aca0cd28f97f06cf,1,1,1,1,0,0,0,0,0,0,0,0,22,4.52899169921875
dbfbc85518eca37f369f535da786f01b,0,1,1,1,0,0,0,0,0,0,0,0,28,7.87811279296875
dbfdc7086d4e2b39d8a0edfba1770633,0,1,1,1,0,0,0,0,0,0,0,0,16,19.77996826171875
dc02a10e6f83daa20f2c61322fd1b8a7,0,1,1,0,0,0,0,0,0,0,0,0,66,10.60418701171875
dc0e0e4125999f8d091d240d3bb6e07e,0,1,1,1,0,0,1,0,1,1,0,0,35,14.65301513671875
dc0f9d8e9c7bbdb61dc42c2de5087bb6,0,1,1,1,0,0,1,0,0,0,0,0,2,31.03387451171875
dc185938e5d1931c5cd7ea442fbbbbc6,0,1,1,1,0,0,0,0,0,0,0,0,63,16.65106201171875
dc18a06f822536da37e82f48eedd14fb,0,1,1,1,0,0,0,0,0,0,0,0,100,14.91522216796875
dc32c867ba1019eba6b1915b63a7f1b6,0,1,1,1,0,0,0,0,0,0,0,0,12,7.80682373046875
dc37d4fb79514365ff09bb9e818b5962,0,0,0,0,0,0,1,0,0,1,0,0,34,19.38348388671875
dc52cee5dc3e5b22b64f83cd41970a9b,0,0,1,1,0,1,0,0,0,0,0,1,54,30.95086669921875
dc53f05cffb55a8b15c84bec5aad29d3,0,1,1,0,0,0,1,0,0,0,0,0,30,10.45135498046875
dc5df194dc45696a705530486c97840a,0,0,1,1,0,0,0,0,0,0,0,0,27,23.32342529296875
dc69e6edb17ae30970f570d58cd1b607,0,1,1,1,0,0,0,0,0,0,0,0,11,15.34637451171875
dc739a3b85c1f2e6fca1032de6243174,0,1,1,1,0,0,0,0,0,0,0,0,26,6.69842529296875
dc7b05b03dd3f75618d134c0cf78b625,0,0,1,1,0,0,0,0,0,0,0,1,25,58.69549560546875
dc8768f2ec718471efbde678ec628020,0,1,1,1,0,0,0,0,0,0,0,0,33,8.94647216796875
dc8a0cafcc8afc1f2990c1cd5ad62490,0,0,0,0,0,0,1,0,1,1,0,0,23,20.37860107421875
dc8aecd844d530e0f4414aa83386a0ff,0,1,1,1,0,0,1,0,1,0,0,0,49,11.50360107421875
dc967d31260453e8f7c1d2e55f6f65e5,0,1,1,1,0,1,1,0,0,0,0,0,30,16.05242919921875
dc978e94fb761b9ee01b0595a2e3b9c8,0,0,1,1,0,0,0,0,0,0,0,1,13,12.31365966796875
dc9d665a7ac0ce5ec48f4535f7a8fed9,0,1,1,1,0,0,0,0,1,1,0,0,14,23.05926513671875
dca133f2fde3decd65d4e8574065e7bf,0,0,0,1,0,0,0,0,0,0,0,1,20,17.00408935546875
dca2cb8f022da59a2bd371e5c402a3c4,0,1,1,1,0,0,0,0,0,0,0,0,63,12.59295654296875
dca39080fd1e3adf74e86c1a72e37ec5,0,1,1,1,0,0,0,0,0,0,0,0,17,15.16082763671875
dca6fbe1ff6e873988bdf7c451c57155,0,1,1,1,0,0,0,0,1,1,0,0,13,17.29119873046875
dca9d07fdc0fbc46697bf0447df1cdda,0,1,1,1,0,0,0,0,0,1,0,0,15,10.82879638671875
dcae448678ce2779659104d1f5970e92,0,1,1,1,0,0,0,0,0,0,0,0,32,23.09783935546875
dcb012f2170e9757604f637a48e6929a,0,0,0,0,0,0,1,0,0,0,0,0,64,42.52459716796875
dcb6723296b9dbf82afdcf64e5859ad9,0,1,1,0,0,0,0,0,0,0,0,0,19,19.27557373046875
dcb9fd2ca4361aa522cbdc9e22c8dcdd,0,1,1,0,0,0,0,1,0,0,1,0,29,37.61883544921875
dcc00993476e6774d3bdc729610c16b2,0,1,1,1,0,0,0,0,1,1,1,0,33,10.24139404296875
dcc1f7c4b4da316feac92316c6abe263,0,0,1,1,0,0,0,0,0,0,0,0,3,9.20281982421875
dcc591ae039669831ef80024d4aa7adf,0,0,0,0,0,0,0,0,0,0,1,0,27,27.69061279296875
dccbfb8ec7981ef4c646ded1f519f01e,0,1,1,1,0,0,0,0,0,0,0,0,48,11.86444091796875
dccbffacc58ab6ea8e398976b2239dcb,0,0,1,1,0,0,1,0,0,0,0,1,38,15.34100341796875
dcce8fc3e38f1b6ba54aa6d688b5653d,0,1,1,1,0,0,0,0,0,0,0,0,32,5.06561279296875
dcd6e44a95cc9ee4f830c4916002f4c1,0,1,1,1,0,0,0,0,0,0,0,0,27,59.89862060546875
dcee3e9751fd0e5e2c3a988ff198873c,0,0,0,1,0,0,0,0,0,0,0,0,23,14.17938232421875
dcf3071b8730a563f3f7367b230feaac,0,1,1,1,0,0,0,0,0,0,0,0,27,35.19256591796875
dcfa3e9a5af8934309c12d3d46d54a9f,0,1,1,1,0,0,0,0,0,0,0,0,28,12.71112060546875
dd004ba6daf8991c0598de6b40b66b22,0,1,1,1,0,0,0,0,0,0,0,0,100,9.25018310546875
dd042410dc7f02e648162d7764b50900,0,1,1,1,0,0,0,0,1,1,0,0,31,5.89715576171875
dd05f6b0b1cc3ef93e086ff48ec78601,0,1,1,1,0,0,0,0,0,0,0,0,36,10.52801513671875
dd0b6b124a9de66d3f55822b1e2f50fa,0,1,1,1,0,1,0,0,0,0,0,0,35,21.75408935546875
dd0de966c8a4cc19ebc08ede6f81a105,0,1,1,1,0,0,0,0,0,0,0,0,12,18.30242919921875
dd18f06c3efafd35de26f167623b1e25,0,1,1,1,0,0,0,0,0,0,0,0,41,59.25994873046875
dd26611fbde2c4fc3e98436429815a80,0,1,1,1,0,0,0,0,0,0,0,0,29,8.82244873046875
dd2fae655635aaaefd9fd984f5ad6091,0,1,1,1,0,1,0,0,0,1,0,0,38,22.04949951171875
dd50005c39e7a48702bf9d8cff8768cb,0,1,1,0,0,0,1,1,0,1,1,0,39,28.48114013671875
dd50c58976616ff5d92c598aff295b1b,0,1,1,1,0,0,0,0,0,0,0,0,35,23.09149169921875
dd5275acf47f5e81f4e4ef0df075227a,0,1,1,1,0,1,0,0,0,0,0,0,40,29.90985107421875
dd56ec1b73777e27cd519380bb9e0d4b,0,1,1,1,0,0,0,1,0,0,0,0,23,25.79022216796875
dd59572e1bf9a28cd350eaae83fea50f,1,1,1,1,0,1,0,0,0,0,0,0,37,9.77069091796875
dd608591ec4e317ef1b03e295d20421c,0,1,1,0,0,0,1,1,0,0,0,0,35,17.77703857421875
dd6c090d7c5f30839656ad5e1980ffa7,0,1,1,1,0,0,0,0,0,0,0,0,24,33.96405029296875
dd6f8b53f9a77aded67051ef4b03399a,0,1,1,1,0,0,0,0,0,0,0,0,11,23.01190185546875
dd778ea6119344119b94e357b614a40f,0,1,1,0,0,0,0,0,0,0,0,0,40,8.24627685546875
dd789fb64cebd106412c2dbb14e79cf3,0,1,1,1,0,0,0,0,0,0,0,0,45,17.13348388671875
dd7c17537deb50d1e2aebae389bbf7f4,0,0,0,1,0,1,0,0,0,1,1,0,100,11.92401123046875
dd8d14e3e310dfa7526f838a68003f22,0,1,1,1,0,0,0,0,1,1,0,0,26,18.96209716796875
dd9447d41fe0df9e154b96c2563fd4c4,0,1,1,1,0,0,0,0,0,0,0,0,10,11.38494873046875
dd97d5991eaa68b17cc349ddac7b9265,0,1,1,1,0,1,0,1,0,0,0,0,24,23.46258544921875
dd9c43a15f86c7ca7558a93b39b1a546,0,1,1,1,0,0,0,0,1,0,0,0,35,13.11346435546875
dda6d85bc34bffde307a5cee88bd1a97,0,1,1,1,0,0,0,0,0,0,0,0,14,16.66864013671875
dda6fa4dcf887c16bebde71992e8fc17,0,0,1,1,0,0,0,0,0,1,0,0,23,24.11053466796875
dda7e1e8dff06da5fa75b8225ca8bb78,0,1,1,1,0,0,0,0,0,1,0,0,15,20.05145263671875
ddb38d86fcfdbf1d2c61a41fc5459b1c,0,1,1,1,0,0,0,0,0,0,0,0,34,3.49969482421875
ddc8fe1abd2886ac8666d95905caaed7,0,1,1,1,0,0,0,0,0,0,0,0,21,13.27117919921875
ddcb781947fb436cc479714e9defbb4c,0,1,1,1,0,0,0,0,1,1,0,0,87,18.32147216796875
ddcffbbc1a816adbbe38339f19c6b5f9,0,1,1,1,0,0,0,0,0,0,0,0,75,19.88104248046875
ddd03b15c75d95bd2afff6da0075662c,0,1,1,0,0,0,0,0,0,0,0,0,51,31.75799560546875
ddd528e2aabd91bd7365e0862c67245b,0,1,1,1,0,0,0,0,0,0,0,0,24,10.13983154296875
dddd22ea08725bb0f32c17f80e2c0087,0,1,1,1,0,0,0,0,1,1,0,0,26,19.29119873046875
dde87fdbc6900e3f967ecb2d3964ff4c,0,1,1,1,0,0,0,0,0,0,0,0,17,13.07098388671875
ddedcb57d7a97c245b0aeb1915923032,0,1,1,1,0,1,0,0,0,0,0,0,34,12.77801513671875
ddf1e8e092108940ef2ee1a8dbce6fa2,0,0,1,1,0,0,0,0,0,0,0,0,47,41.19012451171875
ddf9ac0b13aab1275e8064a745c2a05e,0,1,1,1,0,0,0,0,0,0,0,0,24,38.86395263671875
ddf9e89d2657e9dc7eddaeadaeff47be,0,0,0,0,0,0,0,1,0,0,1,0,26,29.95330810546875
ddfcb5a49e47a4940858f8416ab13d29,0,1,1,1,0,1,0,1,1,1,0,0,15,16.33123779296875
de14478e215c2df8160747a04ba31d26,1,1,1,1,0,0,0,0,0,0,0,0,32,7.41424560546875
de1b4a1ef27c277d33d90e0785535f69,0,1,1,1,0,0,0,0,0,0,0,0,43,6.46990966796875
de1f6dad8369e9dbb9fd49eca7c1cd3f,0,1,1,1,0,0,0,0,0,0,0,0,23,21.76336669921875
de2e3e9273d1fd269f43270e615946c6,0,0,0,0,0,0,0,0,0,0,0,0,21,29.71502685546875
de300962cbcf5d37733deb62fde1e084,0,1,1,1,0,0,0,0,1,1,0,0,47,15.15399169921875
de34f4098fe31f82acecabf7a16f729f,0,1,1,1,0,0,0,0,1,1,0,0,28,22.63885498046875
de377a0a2e636c89241eb757b6bcb5df,0,1,1,1,0,0,0,0,0,0,0,0,36,7.06805419921875
de4167516d43aff763279763e7ecdd4f,0,0,1,1,0,0,0,0,0,0,0,1,56,61.95477294921875
de461a67e80fce995eec3d21f0d4c1fe,0,0,1,1,0,0,0,0,1,1,0,1,51,40.07196044921875
de4cb872dda17c25aa6b0597168fd3d6,0,1,1,1,0,0,1,0,0,0,0,0,50,15.20672607421875
de57d7765594e7aba02afac77597771f,0,1,1,1,0,0,0,0,0,0,0,0,64,24.40203857421875
de5cd750bee155d85e3e2c2075fed278,0,1,1,1,0,0,0,0,0,0,0,0,32,18.51287841796875
de6b22b19c1fd5f9674ceec2e75494e5,0,1,1,1,0,0,0,0,1,0,0,0,31,13.12127685546875
de6bb53dcdf4b838893d58915a31bcb3,0,1,1,1,0,0,0,0,0,0,0,0,26,48.02020263671875
de6e48fd88d47842366fb55b8c155929,0,1,1,1,0,0,1,0,0,0,0,0,68,19.53729248046875
de742b8d61a5f0c9a1d1c85e2bc7b7da,0,0,0,1,0,0,0,0,0,0,0,0,42,38.97869873046875
de7ecb2e695bcae62f11f885a0767c75,0,0,0,0,0,0,1,0,0,0,0,0,42,16.50799560546875
de800eb5f153a027fc603f5d5c1019e2,0,1,1,1,0,0,1,0,0,0,0,0,28,53.71209716796875
de81d52ecf7292c6704e07c97f0dacfd,0,1,1,0,0,0,0,1,0,0,1,0,11,16.94207763671875
de870d9e490f354a946a15ce08f35139,0,1,1,1,0,0,0,0,1,1,0,0,32,25.28387451171875
de901a54c87a3976060ce6ff4d4305ac,0,0,1,0,0,0,0,0,0,0,0,0,20,21.19256591796875
de90535fb8c8dc6368840a4216e78508,0,1,1,0,0,0,0,0,1,0,0,0,21,11.64471435546875
de9dd481459edd8381407f3da56a434b,0,0,0,1,0,1,0,0,0,0,1,0,41,16.58905029296875
deafe51afbd1e5b74f6f54ea363b8cf2,0,1,1,1,0,0,0,0,0,0,0,0,15,22.23992919921875
deb8d1618d0cdc2a78c8198b882ebb2b,0,1,1,1,0,0,0,0,1,1,0,0,100,16.18475341796875
dec232748428ad5718f5bec1d22e8238,0,1,1,1,0,0,0,0,0,0,0,0,26,11.56463623046875
dec3b475360f396e1d3be4e8b83613ef,0,1,1,1,0,0,0,0,0,0,0,0,24,39.42645263671875
dec67861ac009b40cde034b6cc0adc84,0,0,0,1,0,0,0,0,0,0,0,0,26,9.10906982421875
dee31888dc346550b4aea9ca58bedf50,0,1,1,1,0,0,0,0,0,0,0,0,23,11.40350341796875
def78a6a9dc9597b828898a59b50e58a,0,0,0,0,0,0,1,0,0,1,0,0,36,11.78826904296875
def7b2f2685468751f711cc63611e65b,0,1,1,1,0,0,0,0,0,0,0,0,39,59.33709716796875
def9cba6c104b57cad004e14756ce895,0,0,0,0,0,0,0,0,0,0,0,0,26,16.06170654296875
deff8f05caa7525696129b25b2ee7914,0,1,1,1,0,0,0,0,0,0,0,0,18,37.95281982421875
df04674a08e521ff28d19a33a1ec891d,0,0,1,1,0,0,0,0,0,0,0,0,18,30.09588623046875
df0b39ed3761224d4bda2554527cdbdc,0,1,1,0,0,0,0,0,0,0,0,0,27,20.79315185546875
df193cbcac108ddd6f9d67d565dd84bd,0,0,1,1,0,0,0,0,0,0,0,1,47,34.61932373046875
df2364167187a599b20b6a12eb70752e,0,1,1,1,0,0,0,0,0,0,0,0,38,28.07586669921875
df29035af5314e181b8898830bfe7fc5,0,0,1,0,0,0,1,0,0,1,0,0,41,14.54119873046875
df2edf4e3aa4aa7fee6a108e7d8d2479,0,0,1,1,0,0,0,0,1,0,0,1,19,23.81512451171875
df4226b555a2e3df9a890d50a276e150,0,0,1,0,0,0,1,0,0,1,0,0,46,17.73748779296875
df43a1b692d5d0b8410c18694b8322ac,0,1,1,1,0,0,0,0,0,0,0,0,24,-3.76641845703125
df491cadfd799bb1b16635c4f763ed36,0,1,1,1,0,0,0,0,0,1,0,0,42,35.42059326171875
df4ca3c5cb028ef81aee2240387b553d,0,0,0,0,0,0,1,0,0,0,0,1,37,28.80877685546875
df4d22339a030f4a9bc506c0654f9523,0,0,1,1,0,0,0,0,0,0,0,0,38,20.65252685546875
df4dcdf0363487cb9cf5be146c2ddcab,0,1,1,1,0,0,1,0,0,0,1,0,31,14.05731201171875
df4f53928dcaedd0a07fabaa90c3c757,0,1,1,1,0,0,0,0,0,0,0,0,34,16.77508544921875
df539aa78e71e97653729dbe57dbab0d,0,1,1,1,0,0,0,0,0,0,0,0,43,7.51190185546875
df53df9f9e7be1575c7b0e5d00a29133,0,1,1,1,0,0,0,0,1,1,1,0,78,18.70477294921875
df59ddc5e8acd92a4d7f23d7b6e77782,0,0,1,1,0,0,0,0,0,1,0,1,34,37.18572998046875
df5a9f783ff2ae373ee99fa33679da64,0,1,1,1,0,0,1,0,0,0,0,0,67,36.46600341796875
df5b3ec21265092b138ad495fdfc1134,0,1,1,1,0,0,0,0,0,0,0,0,100,42.30926513671875
df5cd7b5fa31ab8e7eb6688b4666cf73,0,1,1,1,0,0,0,0,1,1,0,0,24,20.91033935546875
df6334ef9da3b3956fd01623c8c247fe,0,1,1,1,0,0,0,0,1,0,0,0,22,5.28924560546875
df68a50f7971ab56ca45e6d4378a9e8f,0,0,1,0,0,0,0,0,0,0,0,1,25,49.19989013671875
df6bdb819f0f836c86e81c497f944d98,0,1,1,1,0,0,1,1,0,0,0,0,27,6.16668701171875
df6d841c9c435dddf124d995fbfe1c5a,0,1,1,1,0,0,0,0,0,0,0,0,32,22.74237060546875
df6dd28ef58ef37fbbe5bcb7785e5e8d,0,0,0,1,0,1,0,0,0,0,0,0,43,7.35076904296875
df7a6ec3df70f5038b6fedaf2304f2dd,0,0,1,1,0,0,0,0,0,0,0,1,15,13.12615966796875
df8196306c12f6127e8b34652d84d01e,0,1,1,1,0,0,0,0,0,0,0,0,26,22.52069091796875
df88d58b9d2e971115b5c69fa375cb1f,0,1,1,1,0,0,0,0,0,0,0,0,60,6.27166748046875
df8af9e5d9a07699f843a23a83726edb,0,1,1,1,0,0,0,0,0,0,0,0,50,27.50555419921875
df9320cc55ff610fec689aa13ae15722,0,1,1,1,0,0,0,0,0,0,0,0,48,21.15936279296875
df9b93d0a26ad774dfbd569fa8c43740,0,1,1,1,0,0,0,0,0,0,0,0,33,32.32928466796875
dfa59a435780c9a9e3a2f4140a047b39,0,1,1,1,0,0,0,0,0,0,0,0,31,27.56658935546875
dfadc474674f38d6b04f0bf300026331,0,1,1,1,0,0,0,0,0,0,0,0,66,22.18572998046875
dfc1f9b3775c46c6fcb9e52b802ba147,0,1,1,1,0,1,0,0,0,0,0,0,34,16.23504638671875
dfc55be8d7ca099a5fcbfb4eb0e33c73,0,1,1,1,0,0,0,0,0,0,0,0,82,6.02459716796875
dfcc74cf4a150a4d7ef678efef89e324,0,1,1,1,0,0,0,0,0,0,0,0,26,29.11053466796875
dfd60f5c4d349a2a909761b022f376c4,0,0,1,0,0,0,0,0,0,0,0,0,54,10.47576904296875
dfd6cc7942b0adb098f2ff61ee96f3d0,0,1,1,1,0,0,1,0,0,0,0,0,26,8.88055419921875
dfd7c79bcad877bdc48d0bd37fe5e45f,0,1,1,1,0,0,0,0,0,0,0,0,56,9.39324951171875
dfdef2a10627448c2fbf4c0ca8e8137d,0,1,1,1,0,0,0,0,0,0,0,0,25,12.57196044921875
dfe10a8e3aa0564ff46fa80d0f34b7d0,0,0,1,1,0,0,0,0,1,1,0,0,100,16.57196044921875
dfe36132186c2dc9c7fff70411eb83e6,0,1,1,1,0,0,0,0,0,0,0,0,42,15.07244873046875
dfebff263e833573f297df496f0a2510,0,0,1,1,0,0,0,0,0,0,0,0,80,10.85809326171875
dff93dce33e844c12ef872e5b35b1799,1,1,1,1,0,0,0,0,0,0,0,0,22,24.15203857421875
e0092b10a91c443d4a39aa126661b781,0,1,1,1,0,0,0,0,0,0,0,0,100,10.01287841796875
e00fadc434ee371cba9555c39cd01c12,0,1,1,1,0,0,0,0,1,0,0,0,23,16.21209716796875
e01ca5a8d3273123abd55957c9f2cc5a,0,1,1,1,0,0,0,0,0,1,0,0,21,36.71307373046875
e01fb37fdcce79f2913f9ea1cfbb5cbb,0,1,1,0,0,0,0,0,1,1,0,0,34,33.94354248046875
e02f48f80b2cb0807c760d1b39a63569,0,1,1,0,0,0,0,1,1,1,1,0,33,23.76092529296875
e0389281c82de15109bcf1e67342c27c,0,1,1,1,0,0,0,0,0,0,0,0,43,22.51239013671875
e0399b61575c2f9242ac2471c387a02e,0,1,1,1,0,0,0,1,0,0,0,0,49,40.59637451171875
e042b3375a45b68fb9d18edc3d4a8e63,0,1,1,1,0,0,0,0,1,0,0,0,75,3.18768310546875
e0462cf5c89d157611598a7a254acc65,0,1,1,1,0,0,0,0,0,0,0,0,38,10.58514404296875
e0494a561cf1970971ecfa5be97c391f,0,1,1,1,0,0,0,0,0,0,0,0,70,-4.52276611328125
e05010fbe3979f77e3a4db51c2c0896a,0,0,1,1,0,0,0,0,0,0,0,1,23,31.09686279296875
e0512165817da047e3898cb86a95654c,0,1,1,1,0,0,0,0,0,0,0,0,13,10.06610107421875
e053b6331025e8bfde5ad6b6a6163900,1,1,1,1,0,0,0,0,0,0,0,0,44,18.88201904296875
e0560868ecb4cce8ee3e4a9eb1ec348e,0,1,1,0,0,0,1,0,0,0,0,0,83,16.92303466796875
e056489a8123800a26f105484f4c9ccf,0,1,1,1,0,0,0,0,0,0,0,0,49,19.61883544921875
e0597d524b1090cb9c3fd0a366a76d45,0,1,1,1,0,0,0,0,0,0,0,0,35,23.84100341796875
e05c7f5d32068ff601d9431e4868487e,0,1,1,1,0,0,0,0,1,0,0,0,42,17.11639404296875
e064069d50b356ab81057957052761e9,0,1,1,1,0,0,0,0,0,0,0,0,12,2.86883544921875
e07a85ab1e2a7f9d8369c71c9e8ece4f,0,0,0,1,0,0,1,0,0,0,0,0,15,7.03143310546875
e083628bfe07c8df01b8f23e09febc36,0,1,1,0,0,0,1,0,0,0,0,0,30,3.35125732421875
e089a1142afac8a78448e4e8b28ba6c6,0,1,1,1,0,0,0,0,0,0,0,0,33,30.86053466796875
e08ad1a51c641d19344d3f37bae9b77e,0,0,0,1,0,0,0,0,1,0,0,1,41,-6.00128173828125
e08e07d97977296c5a87cc89e3dfaf94,0,0,0,1,0,0,0,0,1,1,0,0,50,18.76629638671875
e0928f0d23ae57f5c3f21a2b7b003703,0,1,1,1,0,0,0,0,0,0,0,0,39,24.61590576171875
e0964dd1ea4f405444bdcbda61b4dd6b,0,1,1,0,0,0,0,1,0,0,0,0,29,18.11883544921875
e09a818b7534422fb4c688f12566e38f,0,1,1,0,0,0,1,1,0,0,0,0,53,14.76776123046875
e0a1e302279047e4d468f15c591fd764,0,1,1,1,0,0,0,0,0,0,0,0,30,22.48602294921875
e0a1efdaf4fbed8659b6d23994ee346e,0,1,1,1,0,0,0,0,1,1,0,0,1,9.67449951171875
e0a61ceb7a4f0104548c15b474217127,0,0,1,1,0,0,0,0,1,1,0,1,39,15.44305419921875
e0a66dce67d48c2ec07b49eba10f9f5f,0,1,1,0,0,0,0,0,0,0,0,0,26,18.97918701171875
e0aaca58a61a6062abb96e38c07fa4ce,0,0,1,1,0,0,0,0,0,0,0,1,24,25.14715576171875
e0ad3cbcea24c67cf1cadede8fff6598,0,1,1,1,0,0,0,0,0,0,0,0,35,23.19207763671875
e0b67d6449e7adaa3ac39111797f8f4c,0,0,0,1,0,1,0,0,0,0,0,0,27,18.17303466796875
e0b69258b0f07a920549b5460fd42522,0,0,1,1,0,0,1,0,0,0,0,0,52,16.09149169921875
e0c0d264c90ab06b5bcc9b3cc89a70a8,0,1,1,1,0,0,0,0,0,0,0,0,27,8.35906982421875
e0c27988a1d51c35512f970542c55c49,0,1,1,1,0,0,0,0,1,0,0,0,34,17.10369873046875
e0d5cc26ec9d28e47e80846a1cbf85ca,0,1,1,1,0,0,0,0,0,0,0,0,25,17.65545654296875
e0d630eba658b0c5bc1e392e31a0b513,0,1,1,0,0,0,0,0,0,0,0,0,30,19.36932373046875
e0d6758c38a2c8a5a66fd5e157d044d5,0,1,1,1,0,0,0,0,0,0,0,0,42,7.27166748046875
e0dd59161986a4e68861d0a3b6300c8a,0,1,1,1,0,0,0,0,0,0,0,0,42,17.48065185546875
e0e055bea9ce9a23d905caab67872842,0,1,1,1,0,0,0,0,0,0,0,0,2,8.78631591796875
e0ea5d393eeb101b7192e5a5c0f92155,0,0,1,1,0,0,0,0,0,0,1,0,46,37.05535888671875
e0edc0d52268b7aeea30280423fac20c,0,1,1,1,0,0,0,0,0,0,0,0,36,14.21746826171875
e0ee00a6b7db69bb87dc5d71153fe90d,0,1,1,1,0,1,0,0,0,0,0,0,29,9.12322998046875
e100e49ada4aa745f1a2ebe27a5c3a9b,0,1,1,1,0,0,0,0,1,1,0,0,34,22.77313232421875
e1039bdbdfabeb88b8d83d9e829f4c6b,0,1,1,1,0,0,0,0,0,0,0,0,8,24.22283935546875
e1110bfbc364b909cedd483dd17a87e4,0,0,1,1,0,0,0,0,0,0,0,0,25,21.42889404296875
e11b74a49a7462430674532643d7acaf,0,0,1,1,0,0,0,0,0,0,0,0,98,9.45233154296875
e11fbc1d3306e74f1ef1d63a5050b33f,0,0,0,1,0,0,0,0,0,0,0,0,23,9.14813232421875
e12344580e75a76cd205847136df146b,0,1,1,1,0,0,0,0,0,0,0,0,37,26.62469482421875
e12d2e4e7a8d6036f6e83aa43d18c4d8,0,1,1,1,0,0,1,0,0,0,0,0,28,20.36834716796875
e12d7523399ae75b65bd4caa77e48ad9,0,0,0,0,0,0,1,0,0,0,0,0,25,14.82098388671875
e12e8c8a583b8594268f0059b0417b74,0,1,1,1,0,1,0,0,0,0,1,0,22,69.51434326171875
e14a2b3505c036b96f80133889505d7b,0,1,1,1,0,0,1,1,0,1,1,0,89,13.02947998046875
e158f3adfc67d9c2dfd2bc6eb27ce303,0,0,1,0,0,0,1,0,0,1,0,0,44,31.28143310546875
e15df5d9baba1776a540e3b7a9d94592,0,1,1,1,0,0,0,0,0,1,0,0,48,19.07684326171875
e15f5fdbccf73737ffe6135bfea5370d,0,1,1,0,0,0,0,0,0,0,1,0,74,11.81365966796875
e16082d1fdaed8123ac730cb5e673066,0,1,1,1,0,0,0,0,0,0,0,0,35,18.27508544921875
e1662d4809dc25f29883cf1c590901d9,0,1,1,1,0,0,0,0,0,0,0,0,45,13.00506591796875
e174f4df26a8555dc3469d767df81b67,0,1,1,1,0,0,0,0,0,0,0,0,26,6.01873779296875
e17dcdcbbb82deaa556b69b6e9a45447,0,1,1,1,0,0,0,0,0,0,0,0,13,44.08612060546875
e181391abc2a02e99e42057c8ea57aa5,0,1,1,1,0,0,0,0,0,0,0,0,78,16.59735107421875
e1855ed1a60c4be286b7f8f03110a1f7,0,1,1,1,0,0,0,0,0,0,0,0,45,27.83270263671875
e185a1640e030414dc399ea590fb1d0e,0,1,1,1,0,0,0,0,0,1,0,0,58,36.79168701171875
e18926baf07ad4a15606f19367dba0e8,0,1,1,1,0,0,0,0,0,0,0,0,32,17.72674560546875
e18c807643c007b98db2f4ac532d9e40,0,1,1,1,0,0,0,0,0,0,0,0,24,27.22772216796875
e18d6f1ef19d5a70e159d11789802e58,0,1,1,1,0,0,0,0,0,0,0,0,34,8.51385498046875
e1913e169fb9eb9cf974eb26ff0b5e09,0,1,1,1,0,0,0,0,0,0,0,0,28,17.45037841796875
e196c4a4629469a8811b59e7fcbb731e,0,1,1,1,0,0,0,0,0,0,0,0,30,12.72869873046875
e1aacf63b867e3929bcdceee8efc8eb1,0,1,1,1,0,0,0,0,0,0,0,0,48,55.67010498046875
e1b163e2921608a28dd127a302250b09,0,1,1,0,0,0,0,0,1,1,0,0,11,33.36834716796875
e1c7fc6f380ed4675a1316362eae8594,0,1,1,1,0,0,0,0,0,0,0,0,32,9.40496826171875
e1d2b1d00871d5af7340ab8d78b42506,0,1,1,1,0,0,0,0,0,0,0,0,18,32.16326904296875
e1d9811394ed6bc9c84ae3dc3294d8c2,0,1,1,1,0,0,0,0,0,0,0,0,33,4.78631591796875
e1dd7d2520fd9cb3251ab62b69a999b5,0,1,1,1,0,0,0,0,1,1,0,0,31,18.61492919921875
e1f3ee441b9731191a1175ff4c22aa77,0,0,1,1,0,0,0,0,1,1,0,0,39,4.01873779296875
e20baa8cbf6f16648c27aa26d8e5f407,0,0,0,1,0,0,0,0,0,1,0,0,13,28.37225341796875
e20bb415f4fcf6f0db225acb219d714e,0,1,1,1,0,0,0,0,0,0,0,0,30,22.42694091796875
e21de0a84d54d9faea912f81e9b131ed,0,1,1,1,0,0,0,0,0,0,0,0,18,-3.06866455078125
e220ef29f5563b29b7ecb698c51d868e,0,1,1,1,0,1,0,1,0,0,1,0,68,40.15057373046875
e220fced6ce4902047d7ed0ff08f171b,0,1,1,1,0,0,0,0,0,0,0,0,23,7.17205810546875
e22121b37bf0747c4853dc1660e8f604,0,1,1,1,0,0,0,0,0,0,1,0,38,11.67791748046875
e22860046dcc8e79aceca49226240043,0,1,1,1,0,0,0,0,0,0,0,0,29,13.53729248046875
e22f356476b0906611a26d406763dc86,0,1,1,1,0,0,0,0,0,0,0,0,14,21.44744873046875
e2309ff739ab2909fa854c3256406fdb,0,1,1,1,0,0,0,0,0,0,0,0,17,7.78338623046875
e23190f3ef79f9f2d4654a012148ab6d,0,1,1,1,0,0,0,1,0,0,0,0,27,2.22967529296875
e235d81eea497a0da7932abf0e5b92bf,0,0,1,1,0,0,0,0,0,0,0,1,64,45.16571044921875
e2454e6f01616d638d4d805f4bb96928,0,1,1,1,0,0,0,0,0,0,0,0,17,17.90838623046875
e246ecef52cd693a5f5051d365c304d4,0,1,1,0,0,0,1,0,0,0,1,0,81,6.82733154296875
e249c7829237f9b129d5eb8a2e535073,0,1,1,1,0,0,0,0,1,1,0,0,37,34.48895263671875
e24ad5f818bad0ccb7e1a656c2f79aaf,0,1,1,1,0,0,0,0,0,0,0,0,26,4.03289794921875
e24ae04afa019a8c0120d6082dd11aa6,0,1,1,1,0,1,0,0,0,0,0,0,59,16.45867919921875
e253cb43dc78c52e5279975fdb6ed7b8,0,1,1,1,0,0,0,0,0,0,0,0,45,30.36395263671875
e26dd98bbd4f74e4c7af2d59f95a9db2,0,1,1,1,0,0,0,0,1,0,1,0,53,3.19549560546875
e26f9a7f8a373a5f527fa3a9bb99bf1f,0,1,1,0,0,0,1,1,0,0,0,0,48,13.12908935546875
e27162aebed83e587cbcd2c22088171f,0,1,1,1,0,0,0,0,0,0,0,0,38,21.50701904296875
e2779519f2714cff0ff574c0c795e763,0,1,1,1,0,0,0,1,1,1,1,0,22,27.84881591796875
e2862925df9258efc0779504497976bf,0,1,1,1,0,0,1,0,0,0,0,0,63,9.31072998046875
e28da7e3963be5acca0e12ff04e1473c,0,1,1,1,0,0,0,0,0,0,0,0,36,11.34588623046875
e29438122189ed6bfad1943ac176373f,0,1,1,1,0,0,0,0,0,0,0,0,28,10.50555419921875
e2944e24620d8e41cbf75c6ee5d145ff,0,1,1,1,0,0,0,0,0,0,0,0,26,24.25408935546875
e29e9bbef32cbf963f4278aa521c1d9f,0,0,1,0,0,0,1,0,0,0,0,0,30,12.03729248046875
e2a55bde1aacefab52448c65ab61774e,0,1,1,1,0,0,0,0,0,0,0,0,78,6.53192138671875
e2ab5f082a95a0b2aac61f4c61b8539c,0,0,0,1,0,0,1,0,0,0,0,0,20,25.06561279296875
e2ab8f0db13e46e33963704f8aa8d921,0,1,1,1,0,0,0,0,1,1,0,0,35,6.97088623046875
e2adc5af650f342e933ce32061b21233,0,1,1,1,0,0,0,0,0,0,0,0,29,28.98406982421875
e2ae437b18e6ca5261acc713ecda948f,0,1,1,0,0,0,1,1,0,0,0,0,100,-17.80743408203125
e2b15a37cc1baef0f086e16b436e8a05,0,1,1,1,0,0,0,0,0,0,0,0,25,10.66912841796875
e2b5bd374a6f6bc8973978a8f9fd23d8,0,1,1,1,0,0,0,0,1,1,0,0,40,-1.37481689453125
e2babc5b804e0bf0d630005c32c5f795,0,1,1,1,0,0,0,0,0,0,0,0,47,33.91619873046875
e2c2e09c35c2f3a3df75f54d7e800b31,0,1,1,1,0,0,0,0,1,1,0,0,52,3.57293701171875
e2d665c43278d23a1432e4e4ace02ca4,0,1,1,0,0,0,1,0,0,0,0,0,49,18.67401123046875
e2d88c5b89693a61acfe507253a975a6,0,0,0,1,0,0,0,0,1,0,0,0,37,42.00701904296875
e2d960a80bc5b1cd1548da5f8714acd0,0,1,1,1,0,0,0,0,1,1,1,0,3,13.33416748046875
e2db63e65c0272b74c307bdfc94fa895,0,0,1,1,0,0,0,0,0,0,0,1,7,35.79852294921875
e2dcc7ddbadf63e243802dbd50ec8e4b,0,1,1,1,0,0,0,0,0,0,0,0,17,27.30633544921875
e2de82b95a32ad1c1fcfece7fd1b8c23,0,0,1,0,0,0,0,0,0,0,0,1,22,23.63201904296875
e2e0d19f0ebe6f60086353cd712774ba,0,1,1,1,0,0,0,0,0,0,0,0,35,8.54022216796875
e2e1718bc5246f1a046611e7f284709c,0,0,1,1,0,0,0,0,1,1,0,0,53,20.42010498046875
e2e7ebc48122ac13896c57855c15d34a,0,1,1,1,0,0,1,0,0,0,0,0,22,11.36444091796875
e2ee118780a4f49aa46167b2e84b7db7,0,1,1,1,0,0,1,0,0,0,0,0,3,25.68572998046875
e2efb14e612b13cf8811d6d299efd58d,0,1,1,0,0,0,1,0,0,0,0,0,66,25.74090576171875
e2faf461b95babc379038e689c0fdc93,0,0,1,1,0,0,0,0,0,0,0,1,41,21.24530029296875
e2fda5e28ed461b387d1ae0db3a91c46,0,1,1,1,0,0,0,0,0,0,0,0,26,10.89666748046875
e2fdc67453a15e5254cde6f3e1776d33,0,0,1,0,0,0,1,0,0,0,0,1,60,33.20526123046875
e30400e6dca8eee851c3e3706bbfd253,0,1,1,1,0,0,0,0,0,0,0,0,46,11.63983154296875
e305706eca6f354f56a8d0d7854d4dd9,0,1,1,1,0,1,0,0,0,0,0,0,41,16.48065185546875
e306808766923362a49c8b58ca5afbb3,0,1,1,1,0,0,0,0,0,0,0,0,40,17.13397216796875
e30aa389a69ffbb9d9420831efbedfd1,0,1,1,1,0,0,0,0,0,0,0,0,24,4.03729248046875
e30e2c9ae376c0d0852d2717adf76d06,0,1,1,1,0,1,0,0,0,0,0,0,30,14.17938232421875
e3128a5e876d0c8003663e1524355552,0,0,1,1,0,0,0,0,0,0,0,1,27,59.22479248046875
e313824cc0afb1f6debd09e2da7d8803,0,1,1,0,0,0,0,1,0,0,1,0,21,56.65740966796875
e3164938107ef61a9d57bc20b58fd2a4,0,0,0,0,0,0,1,0,0,0,0,0,43,17.08221435546875
e316927e951b61bd8233a228e758803b,0,1,1,1,0,0,0,0,0,0,0,0,22,6.74188232421875
e31f170cff01995dc926a3559f412619,0,1,1,1,0,0,0,0,0,0,0,0,32,19.37420654296875
e33344d67e824fa1d401b855a7255f33,0,1,1,1,0,0,0,0,1,1,0,0,79,22.23699951171875
e33b1b5bd035da92eafc3095b7251289,0,0,0,1,0,0,0,0,0,0,0,0,37,4.34735107421875
e34038841d9ad7cd1feef71409066e2f,0,0,1,0,0,0,0,0,0,0,0,0,49,13.46405029296875
e34352a2bb15c24399d3f0b6313ec429,0,1,1,1,0,0,0,0,0,0,0,0,38,7.07489013671875
e346fb1931512952e86674c307b4d740,0,1,1,1,0,0,0,0,0,0,0,0,23,41.78631591796875
e34f1776d61d7c7283b116499c0103bb,0,1,1,1,0,0,0,0,0,0,0,0,30,6.06512451171875
e35307ac5850b06ffe054acc4ecc4dc1,0,1,1,1,0,0,1,0,0,1,0,0,62,19.17254638671875
e353431e28d66a51f0ef3c698380eba2,0,1,1,1,0,0,0,0,0,0,0,0,77,14.80242919921875
e353c549d37389f8ac068654d05b9bc2,0,1,1,1,0,0,0,0,0,0,0,0,21,17.02117919921875
e354319575534c9244f4cbdfb1d662c8,0,0,0,1,0,0,1,0,0,0,0,0,38,7.85565185546875
e359704524fa26d6a3dcd8bfeeaedd2e,0,1,1,1,0,1,0,0,1,1,0,0,11,13.27996826171875
e367f99229dd2cdf6ff166d55e40cf7e,0,1,1,0,0,0,0,0,0,0,0,0,33,11.23455810546875
e3736925e302ad91b3ce8304cd6f71fa,0,0,1,1,0,0,1,0,0,0,0,0,42,3.35272216796875
e373d14d745ec02f9781d83ca0084639,0,1,1,1,0,0,0,0,0,0,0,0,21,23.54412841796875
e3758b1274316130aea35f0b0b6f3ffb,0,1,1,1,0,0,0,0,0,0,0,0,2,22.93963623046875
e375d5fed8249e56e71dbc6676405486,0,1,1,1,0,0,0,0,1,0,0,0,33,16.62713623046875
e37a0d8b35940ade7051913c87c70a98,0,1,1,1,0,0,0,0,0,0,0,0,33,20.25457763671875
e37ed0e950b1f4de6206e90c2f54739d,0,1,1,1,0,0,0,0,0,0,0,0,17,27.50506591796875
e394480a4d66efcc224852fc3f392010,0,1,1,1,0,0,0,0,0,0,0,0,31,29.46356201171875
e39659aef28b8bb6cc0b81f59f806a6d,0,1,1,1,0,0,0,0,0,0,0,0,24,49.53778076171875
e3b3eb0868e1272d6e6717bbee0c1f84,0,1,1,1,0,0,0,0,1,1,0,0,2,11.71942138671875
e3b6d53a159af66d96c8b41284a58c09,0,1,1,0,0,0,1,0,0,0,0,0,21,9.72576904296875
e3b7a24e0423e2722e0dbd4ae7cbb2a6,0,0,1,1,0,0,0,0,1,1,0,0,15,29.26727294921875
e3bb4daef7d0840c7909f5b9a4d9fde2,0,1,1,1,0,0,0,0,0,0,0,0,31,7.92401123046875
e3c9b517e026975cc2195dc7c6149345,0,1,0,0,0,0,0,0,0,1,0,0,58,32.26483154296875
e3ca965bfe9e0413d63dbc7004e0eb39,0,1,1,1,1,0,0,0,0,0,0,0,24,20.34930419921875
e3d06f45d0ad53d96ddc5a73240cea69,0,1,1,1,0,0,0,0,0,0,0,0,27,28.38641357421875
e3d09079081ab405b2406b3b72d67436,0,0,1,1,0,0,0,1,0,0,0,0,23,53.70916748046875
e3d53a8bd283d9edca2a0d9cae3a5f6e,0,1,1,1,0,0,0,0,0,0,0,0,17,12.98358154296875
e3dbf4fefb7abee3908921ac321d26e6,0,1,1,1,0,1,0,0,0,0,0,0,47,9.67791748046875
e3eaccd63e1088ef70fc56f86b5b83da,0,0,0,0,0,0,1,0,0,0,0,0,93,18.00360107421875
e3ed728da41d2a2f6c250aa308089766,0,1,1,1,0,0,0,0,0,0,0,0,36,50.46014404296875
e3f11fcc7af9246455d7ef9772339c41,0,1,1,1,0,1,0,0,0,0,0,0,27,28.51141357421875
e3f46cae838efb81a7adf71a71d6b95a,0,1,1,1,0,0,0,0,0,0,0,0,73,11.86639404296875
e3fcba27021d169829a1cf2c976d9b29,0,1,1,1,0,0,0,0,0,0,0,0,41,-1.06622314453125
e3ff472af640ef14136dcad61852db36,0,1,1,1,0,0,0,0,0,0,0,0,14,14.54803466796875
e401d2cdfc0f42fe572847d0fa61b52e,0,1,1,1,0,0,0,0,0,0,0,0,46,21.24578857421875
e40725bf97f997d0cd7584801a5dee0b,0,1,1,1,0,0,0,0,0,0,0,0,20,11.08612060546875
e40b2de5033eeaae73bbf65905af2d24,0,1,1,1,0,0,0,0,1,0,0,0,14,20.85076904296875
e40b606d91ecd4b65fa09a4ec220716e,0,1,1,1,0,0,0,0,0,0,0,0,26,50.61834716796875
e40e22934f490a8a853a37d96a0423b0,0,0,1,1,0,0,0,0,0,0,0,1,65,28.39471435546875
e41d7c1259906eb6d9ea3fd1632e42b1,0,1,1,1,0,0,0,0,0,0,0,0,64,18.43572998046875
e41da77a7350e745aa27590c688777e2,0,1,1,1,0,0,0,0,0,0,0,0,48,13.94744873046875
e41e714b44b95db4d2361af44f6ee34c,0,1,1,1,0,0,0,0,0,0,0,0,18,23.77166748046875
e41e73a293013c0961495f0554b2c7e5,0,1,1,1,0,0,0,0,0,0,0,0,53,12.46405029296875
e429b4f7a932b01830f74b0ca06ac4eb,0,1,1,1,0,0,0,0,0,1,0,0,24,10.90594482421875
e42b43f96d59383c65b6b0d34ba65f06,0,1,1,1,0,1,0,0,0,0,0,0,40,6.85223388671875
e42eec883174b79da5040fe6a3e50261,0,1,1,1,0,0,0,0,0,0,0,0,21,28.34442138671875
e434a5474554d6341dc4641d6eede7fc,0,1,1,0,0,0,0,0,0,0,0,0,35,13.16131591796875
e4372fc189f45452928ef061707ab4db,0,0,0,1,0,0,1,0,0,0,0,0,100,14.90838623046875
e437a7868a9104d90bf861202ff1af45,0,1,1,1,0,0,1,0,0,1,0,0,33,22.85369873046875
e43d3899dfa9f78b94bd3309eaea1eec,0,1,1,1,0,0,0,0,0,0,0,0,37,22.77166748046875
e449bbacd2930d6f6ab4589182a09185,0,1,1,1,0,0,0,0,0,0,0,0,26,12.06903076171875
e44eff92265ba1d1a5a89a4cfe55e17d,0,1,1,1,0,0,0,0,1,1,0,0,24,8.84783935546875
e45835cabebd813b6421b1cea04c7fa8,0,1,1,1,0,0,0,0,0,0,0,0,45,15.99481201171875
e459c03588a6fb69c785ece29a31c8b1,0,1,1,1,0,0,0,0,0,0,0,0,21,6.03436279296875
e461020f04c3b80141ee51f659cb5d97,0,0,1,0,0,0,1,0,0,0,0,0,41,19.35662841796875
e461a95a64e5964f88a55fde769ae0a4,0,1,1,1,0,0,0,0,0,0,0,0,55,31.35760498046875
e4643fa0f5111d484c1b046e7136f760,0,1,1,1,0,0,0,0,0,0,0,0,51,12.09149169921875
e46bdbcbebc55a6e8df75ebd23259edb,0,1,1,1,0,0,0,0,0,0,0,0,40,18.38836669921875
e47792c2be0d64441c3bb697c87ef19f,0,1,1,1,0,0,0,0,0,0,0,0,18,9.34979248046875
e47ee06e89c7572a993b31ff172ce063,0,1,1,1,0,0,0,0,0,0,0,0,44,32.54364013671875
e481763623a808b2c8a059f4dcf2a37a,0,1,1,1,0,1,0,0,0,0,0,0,53,7.59930419921875
e48e3f80d56cb7d951c957de4d56a902,1,0,1,1,0,0,0,0,0,0,0,0,43,14.15203857421875
e4910580847a3446e1450668d59515c0,0,1,1,1,0,0,0,0,0,0,0,0,49,22.42156982421875
e4933e0869fcbedf7936ea450af72a5a,0,1,1,1,0,0,0,0,0,0,0,0,27,17.89373779296875
e49cbe0b9f774131abf2ba9a4264c386,0,0,0,0,0,0,1,0,0,0,0,1,62,14.51483154296875
e49e31c18a86534fe8b3144126afabe5,0,1,1,1,0,0,0,0,0,0,0,0,14,8.85858154296875
e49f0322b3a90b44287d78f3ce9c4791,0,1,1,1,0,0,0,0,1,1,0,0,26,-0.18780517578125
e4b2ca5886f73e02db05ded53a0193b8,0,0,1,1,0,0,1,0,0,0,0,1,36,26.52996826171875
e4b4084168c2d1ca374c935647579651,0,0,1,1,0,0,0,0,0,0,0,1,17,27.49969482421875
e4bcd1cf77dc3a8c8817e03755d8fa8f,0,1,1,1,0,0,1,0,0,0,0,0,26,35.74481201171875
e4c21f463a1b6def0b25e2ac916eda0d,0,1,1,1,0,1,0,0,0,0,0,0,18,7.67108154296875
e4c59c82b65404d93d2d1a088796dfc7,0,1,1,1,0,0,0,0,1,1,0,0,34,0.67059326171875
e4ccca00301b21faa63c62244f225eac,0,1,1,1,0,0,0,0,0,0,0,0,24,23.59393310546875
e4ce3f83100dfb93941598570caf9829,0,1,1,1,0,0,0,0,0,0,0,0,41,43.93084716796875
e4d6f6b3ba63729aa1bb6b766a28739a,0,1,1,1,0,1,0,0,0,0,0,0,41,12.98016357421875
e4d9f0f0914a33e8d7fc26fa26c932e1,0,0,0,0,0,0,1,0,0,1,0,0,37,27.38494873046875
e4de0b137804670af8afca1d73c14468,0,1,1,1,0,0,0,0,0,0,0,0,24,25.21453857421875
e4e56ba75b62102f1e448e40dfe0f4c7,0,1,1,1,0,0,1,0,0,0,0,0,65,8.02508544921875
e4ea51ff588853750c3420cf2cdaaad7,0,1,1,1,0,0,0,0,0,0,0,0,37,13.75994873046875
e4eb7bddce4d65d2e63e15b210580e3b,0,1,1,1,0,0,0,0,1,1,0,0,22,22.78485107421875
e4f3004aeabc2a0eb1d94c257484a370,0,1,1,1,0,0,0,0,0,0,0,0,35,30.37664794921875
e4f380a2ec98b91a46d5c103c114b5bf,0,1,1,1,0,0,0,0,0,0,0,0,30,16.67694091796875
e4f7b1150a45857c10fe8c19ffe9a273,0,1,1,1,0,0,0,0,1,1,0,0,21,23.88739013671875
e50107d98229694dda5b846dbd7b3815,0,1,1,1,0,0,0,0,0,0,0,0,33,43.16619873046875
e514a7033fe3fb2e8d3ecbad765a41f6,0,1,1,1,0,0,0,0,0,1,0,0,23,9.85565185546875
e5196b506a5542a1b0ea97b24b3e4c1b,0,1,1,1,0,0,0,1,0,0,0,0,45,18.44598388671875
e5199a598368fa9daf09bf5e34f18325,0,1,1,1,0,0,0,0,0,0,0,0,39,5.09100341796875
e51fb5700e9b37e4c2c8ebadae81b3e8,0,1,1,1,0,0,0,0,0,0,0,0,32,57.97821044921875
e5271f31ddd4fe8fa141b31bedf0068a,0,1,1,0,0,0,0,0,0,1,0,0,42,14.93914794921875
e537e79c00b19ae679c5d91263950afa,0,1,1,1,0,0,0,0,0,0,0,0,31,77.86737060546875
e53e82a49c1c30d0fcc8994341da188f,0,0,1,1,0,0,1,1,0,0,0,1,35,32.25750732421875
e5419d85152a5957ca8deae13415d5bf,0,0,1,1,0,0,0,0,0,0,0,0,36,37.21209716796875
e5452e4ddb6acea8be708734a3a675cc,0,1,1,1,0,0,0,0,0,0,0,0,20,19.02313232421875
e54c6e62500d6269a1cbcfaab18f7ec3,1,1,1,1,0,0,0,0,0,0,0,0,17,10.42401123046875
e55af15c9d6952416061149371689e3c,0,1,1,1,0,0,0,0,0,0,0,0,65,4.45819091796875
e55c423c1150551b5cc44d116c4fd1be,0,1,1,1,0,1,0,0,1,1,0,0,48,38.40447998046875
e55ce2b5cc46004618317d6804f3b8c5,0,1,1,1,0,0,0,0,0,0,0,0,29,29.07147216796875
e568489f2b1d14ca59451db67f6629be,0,0,1,1,0,0,0,0,0,0,0,0,34,38.34295654296875
e56bf470b4b41ece2f228f9770554d82,0,1,1,1,1,0,0,0,0,0,0,0,37,8.15447998046875
e56df67da6dc2182285f6caf68a32b99,0,1,1,1,0,0,0,0,1,0,0,0,25,10.47186279296875
e57cf272ceec6dfa19208df965e7dd1f,0,1,1,1,0,0,1,0,0,0,0,0,26,19.16522216796875
e580673755d8b13a12914860364e4520,0,1,1,1,0,0,0,0,0,0,0,0,39,8.10174560546875
e58494f31cca49acff63da5c335a71ff,0,1,1,1,0,0,0,0,0,0,0,0,55,13.66766357421875
e58c856062b960e775e34bd82f42c15b,0,0,1,0,0,0,1,0,0,0,0,1,22,42.35223388671875
e59642fc52aa6b92ba6f5261f380de4d,0,1,1,1,0,0,0,0,0,0,0,0,92,17.38201904296875
e5a84da44afc0abddfbb36907a5ee845,0,0,0,1,0,0,0,0,1,1,0,0,100,29.90106201171875
e5b886aacd9528df428033bf79066877,0,1,1,1,0,0,0,0,1,0,0,0,60,33.60614013671875
e5c3b8d528bae143c94f45c0de375048,0,0,0,1,0,0,1,0,0,0,0,0,47,6.52703857421875
e5c696f4a37559107f9f2dac1b514204,0,1,1,1,0,0,0,0,0,0,0,0,66,13.39862060546875
e5c9fed0bb5367dafaff3c8dc036ce36,0,0,0,0,0,0,0,0,0,0,1,1,18,28.04266357421875
e5d91f125fe6d6f6df118d33600f9627,0,0,1,0,0,0,1,0,0,1,0,1,42,58.52899169921875
e5dae98dbe5b27b3eecafae4a224e00b,1,1,1,1,0,0,0,0,0,0,0,0,18,34.16717529296875
e5ddcd6d3527d3432aa570abd0e182d0,0,1,1,1,0,0,0,0,0,0,0,0,31,16.14569091796875
e5e9270e93bca9589f69469e8795c9d6,0,0,1,1,0,0,0,0,0,0,0,0,67,15.85467529296875
e5ec7edab9619ba4f928719667e555cc,0,1,1,1,0,0,0,0,0,0,0,0,74,0.82586669921875
e5f657d53695a87859c2dd7d265e053a,0,1,1,1,0,0,0,0,1,0,0,0,17,31.50115966796875
e5fa12963fab8e7e02fbc70df6d120f0,0,1,1,0,0,0,1,0,0,0,0,0,28,12.04217529296875
e605025ac03146762d0a4653ea0bc1a7,0,1,1,1,0,0,0,0,0,0,0,0,19,16.41229248046875
e61287cb741332c2a3291d80480c04cf,0,1,1,1,0,0,0,0,0,0,0,0,38,29.91619873046875
e61cf89c544431a147d26283c158a1cc,0,0,0,0,0,0,0,0,0,0,0,0,50,10.86053466796875
e629df738f2e57b338b8942baeee5f14,1,1,1,1,0,0,0,0,0,0,0,0,41,27.03729248046875
e62a2de75e5cef955825df555c04f013,0,1,1,1,0,0,0,0,0,0,0,0,12,12.56707763671875
e62c676d8d429e5f657078b418ab1602,0,0,0,1,0,0,0,0,0,0,0,0,8,42.21453857421875
e62d215b4d1f0b87ec646fc7bbefdaa7,0,1,1,1,0,0,0,0,0,1,0,0,47,15.08319091796875
e638853bdec13e6cc76b69f169b34740,0,1,1,1,0,0,0,0,0,0,0,0,96,7.78338623046875
e63ed6102adcad59faa2de25bc3f350a,0,1,1,1,0,0,0,0,0,0,0,0,42,14.82147216796875
e64102f6eb4c70f615187c855d7778d9,0,1,1,1,0,0,0,0,0,0,0,0,54,12.66131591796875
e652b098452676a3c4aad6d6a990a3f1,0,1,1,1,0,0,0,0,1,0,0,0,22,7.45916748046875
e655ff45dca1486e39a19b1540477a2a,0,1,1,1,0,0,0,0,0,0,0,0,15,10.41131591796875
e6574becbf32c37daa98ecfbc8c41a0d,0,1,1,1,1,0,0,0,0,0,0,0,27,45.36639404296875
e65883b18cc122ac7a6ec5636bc4e3e9,0,1,1,1,0,0,0,0,0,1,0,0,23,25.18231201171875
e666ba05448b2259bd5a0ab5284c83a3,0,1,1,1,0,1,0,0,0,0,0,0,85,20.60662841796875
e668a48b676a06257606491406be9733,0,1,1,1,0,0,0,0,0,0,0,0,72,25.00506591796875
e674503ab4e84b29d351aabf03933847,0,1,1,1,0,0,0,0,0,0,0,0,32,38.85614013671875
e678ddf171f30bcdec36ff9e6ef4ab5a,0,1,1,1,0,0,0,0,0,0,0,0,21,12.15740966796875
e67a9b500d7348138df1c7f3084f44f7,0,1,1,1,0,0,0,0,0,0,0,0,11,5.36541748046875
e68ae598f7abc8ecac27df2d5726f000,0,1,1,1,0,0,0,0,1,1,0,0,51,20.50848388671875
e68e0a58acbdcc988fcc4e05d70f280f,0,1,1,1,0,0,0,0,1,1,0,0,37,43.71697998046875
e690b6528e1b85469d07ab9343f5b980,0,1,1,1,0,0,0,0,0,0,0,0,35,32.27947998046875
e6953bb6f5932c28d0c160c336539a4d,0,1,1,1,0,0,1,0,0,0,0,0,32,21.68524169921875
e6a2eecae5912666c6d3d5d01f4b4948,0,0,1,1,0,0,0,0,0,0,0,0,42,17.38299560546875
e6a42bce2898b277475cb4a08481c8f9,0,1,1,0,0,0,0,0,1,0,0,0,100,46.18524169921875
e6ae157248cd628b41e02dd6ea3386b9,0,0,0,1,0,0,0,1,1,0,0,0,76,39.36590576171875
e6bb50da3c0b803961c6538a5deebee8,0,1,1,1,0,0,0,0,0,0,0,0,43,21.75311279296875
e6c9b94aa0f6fd92baadbdda757888fa,0,1,1,1,0,0,0,0,0,0,0,0,44,6.94403076171875
e6ca42b8882f6ebf66867b72df3e41ae,0,0,1,0,0,1,0,1,1,0,1,0,32,9.32684326171875
e6d683f81b23c4cfc9ea5cdd7b421472,0,1,1,0,0,0,0,0,0,0,0,0,31,22.83660888671875
e6df1795ce8ee65838d1dfddf8845489,0,1,1,1,0,0,0,0,0,0,0,0,41,41.41815185546875
e6f20870204eee922c6fa30d6ceaff37,0,1,1,1,0,0,0,0,0,0,0,0,96,-3.12237548828125
e6f4466f83c000a4dd4c78b414d48161,0,1,1,1,0,0,0,0,0,0,0,0,34,11.67596435546875
e6f6665772e5e67240d46d899e01ad78,0,1,1,1,0,0,1,0,0,0,0,0,77,30.44744873046875
e6f6a46dadcc072c2fd07c8bd65cd0b4,0,1,1,1,0,0,0,0,0,0,0,0,26,14.07830810546875
e6ffbba1d6700f747ceaa2e291894e6a,0,0,1,1,0,0,0,0,1,1,0,1,39,0.90203857421875
e707fed84d17b26c0286fd4e3f62d0fa,0,1,1,1,0,0,0,0,0,0,0,0,38,22.62225341796875
e70a9307dfea3e0e9b298888c1bb4061,0,1,1,1,0,0,0,0,1,0,0,0,71,35.46014404296875
e70fc564f8856c9a5d046cc4b791807d,0,1,1,1,0,0,0,0,0,0,0,0,21,1.45477294921875
e71de6cacbf463aac24fb3fcba5a6b48,0,0,0,1,0,0,0,0,0,0,0,0,32,11.44598388671875
e7318304f65000c6505e06727c0a5741,0,1,1,1,0,0,0,1,1,0,1,0,28,35.50115966796875
e732cbca56b27584eeb717f175a7bbae,0,1,1,1,0,0,0,0,1,1,0,0,49,11.05780029296875
e735d033d33a22105a9017fa085c42a5,0,0,1,1,0,0,0,0,0,0,0,0,76,9.98211669921875
e74a5d90d6d62720f2d7ca41b71a553e,1,1,1,1,0,1,0,0,0,0,0,0,92,15.06414794921875
e74de446f8a06419785b470962418d66,0,1,1,1,0,0,0,0,1,1,0,0,56,15.69549560546875
e75bfb98a9c47f1d14ef3109e274a965,0,1,1,1,0,0,0,0,0,0,0,0,27,10.26483154296875
e76f8b59fbbbb6fb8c9e30e4c0c6a108,0,1,1,0,0,0,1,1,0,0,0,0,86,6.89862060546875
e770a1b5b87fe397e3629c09a871cde9,0,0,1,1,0,0,0,0,1,1,0,1,51,22.55926513671875
e78203699e9d102f42e4a3ae1e90cebf,0,0,1,1,0,0,0,0,1,1,0,0,26,17.46649169921875
e78c3ca583898bcad0378da27f0b0087,1,1,1,1,0,0,0,0,0,0,0,0,68,26.35418701171875
e78d6063cfc0a05f1736752ab6c8e52c,0,1,1,1,0,1,0,0,0,0,0,0,23,45.08123779296875
e792a05f5f749df0910e9b699fe0a823,0,1,1,1,0,0,0,0,0,0,0,0,12,14.26580810546875
e793582761dff8ac4ade122285bf42af,0,0,1,1,0,0,1,0,0,0,0,0,53,14.91864013671875
e7936df318d1bda0ed35ecab917fad20,0,1,1,0,0,1,0,1,0,0,1,0,28,25.05975341796875
e79bc774df315c9ae1e584c2a4f95a5a,0,1,1,1,0,0,0,0,0,0,0,0,29,18.02899169921875
e79cb4c1957d739886e075dfea359ed7,0,0,1,1,0,0,0,0,0,0,0,0,33,20.06658935546875
e7a41cb9872cf9093851cafe4088901c,0,1,1,1,0,0,0,0,0,0,1,0,67,19.27996826171875
e7b11f8127c663dc0ff9c43708ee4582,0,1,1,1,0,0,0,0,0,0,0,0,21,36.18231201171875
e7b2f91eda5aa7a0c4be07e81f6094dc,0,1,1,1,0,0,0,0,0,0,0,0,40,29.71307373046875
e7b59d3239150739fc1d7ead4b9febd3,0,0,0,1,0,0,0,0,1,1,0,0,41,7.93231201171875
e7bb61a6630101aad7d24ca1e8741788,0,1,1,1,0,0,0,0,0,0,0,0,54,21.64764404296875
e7bdb0f023795cbb2d1e237e49982298,0,1,1,1,0,0,0,0,0,1,0,0,29,12.23455810546875
e7cca45bbdb4625b8b1641620c315b09,0,1,1,1,0,0,0,0,0,0,0,0,50,10.08758544921875
e7cf9617bd713c0bb9d67e6d800f05e2,0,1,1,1,0,0,0,0,1,1,1,0,23,72.40643310546875
e7d2bcc8b6d3a71efe94d931fec67ff0,0,1,1,1,0,0,0,0,0,0,0,0,15,5.59100341796875
e7d852ccd718b1fc6788d2fd682b78be,0,1,1,1,0,0,0,0,0,0,0,0,23,38.36444091796875
e7e060720c5a5cadb9f059f7566a63e5,0,1,1,1,0,0,0,0,0,0,0,0,91,18.99041748046875
e7e064269687292f38e7120d2563dc68,0,1,1,1,0,0,0,0,1,1,0,0,37,35.13836669921875
e7e5e38857b7cf451be83179bbc57063,0,1,1,1,0,0,0,0,0,0,0,0,18,12.20623779296875
e7ed48eb1738f3738458306523bccdd2,0,1,1,0,0,0,0,0,0,0,0,0,6,5.98944091796875
e7ee01fa8e57634c40ccec6d1dcbbe45,0,0,1,1,0,0,0,0,1,1,0,0,39,22.65594482421875
e7f1ba1fc627ac14e5535a5156e6ecda,0,0,0,0,0,0,1,0,0,0,0,0,67,68.12713623046875
e7f539ef21171b5b76e83f4d78089661,0,0,1,1,0,0,0,0,1,1,0,0,66,12.18768310546875
e7f62d8e8f06ad4925fe38caa72a98fb,0,0,1,1,0,0,0,0,0,0,0,1,25,29.99481201171875
e7fb843f14aad506904f4d070aa9384b,0,0,0,1,0,0,0,0,0,1,0,0,45,10.14129638671875
e803ab7bdf77421f3849c7a532c6a012,0,1,1,1,0,0,0,0,0,0,0,0,41,44.66278076171875
e80dc3c1681a2d0e9fd4447ab8a4a161,0,1,1,1,0,0,0,0,0,0,0,0,25,21.92352294921875
e8198f7fcf1a3af2336d19ba376c8ac6,0,1,1,0,0,0,0,0,0,0,0,0,47,13.26580810546875
e81ae99ba10f7c6efef136e2a47bc412,0,1,1,1,0,0,0,0,0,0,0,0,37,28.72381591796875
e81d1e6711379eadd29a15cc6a4d4247,0,0,1,1,0,0,1,0,0,0,0,1,32,37.71746826171875
e820ed0f0aa862b110b7840629c8109c,0,1,1,1,0,0,0,0,0,0,0,0,27,17.06658935546875
e82230f569be4960e09b263ed5295c70,0,0,1,0,0,0,1,0,0,0,0,0,39,14.98162841796875
e8252e0ec77288d4b6d1cd8e9bbfc390,0,1,1,1,0,0,0,0,0,0,0,0,32,35.42889404296875
e827fb79c2308bd1ee287105e366503d,0,1,1,1,0,0,1,0,0,0,0,0,33,6.71697998046875
e838f4e7ac3efdb54c184ddc97695c18,0,1,1,1,0,0,0,0,0,0,0,0,89,27.47576904296875
e8420ff293bfaaad8b0a5d45d53d933d,0,1,1,1,0,0,0,0,0,1,0,0,87,67.15301513671875
e849383172fbd466c9f253334ceadab5,0,1,1,1,0,0,1,0,0,0,0,0,38,21.57635498046875
e84ed549e3991225a17f16630e9880e6,0,1,1,1,0,0,0,0,0,0,0,0,18,12.34783935546875
e8582039b8159874938fba571440fec4,0,1,1,1,0,0,0,0,0,0,0,0,22,3.38983154296875
e86311718207037c82d5baa9c9b721b1,0,1,1,1,0,1,0,0,0,0,0,0,24,40.50555419921875
e86e724c7eaeafd4dd436a9255466988,0,1,1,1,0,0,0,0,0,0,0,0,31,39.31561279296875
e876bd69c6805e7d83d312c94ea2b4c7,0,1,1,0,0,0,1,0,1,1,0,0,33,22.21600341796875
e8857310976c8ad3fa9baec54abd55df,0,1,1,1,1,1,0,0,0,0,0,0,41,51.21600341796875
e887fce17c574c0d0b24a611d4c17c9e,0,0,1,1,0,0,1,0,0,0,0,0,18,11.03924560546875
e889e5943fc6827a2c414d0ab2a4e466,0,1,1,1,0,0,0,0,1,0,0,0,34,0.74285888671875
e8a3095e0d6f8eb59adc7df77e87963f,0,0,0,0,0,0,0,0,0,0,0,0,6,14.76824951171875
e8b0410fbe8ba2522ed5abd9281db35a,0,1,1,1,0,0,0,0,0,0,0,0,70,8.97332763671875
e8b1285c7447083e9d86008fa4a57c54,0,1,1,1,0,0,0,0,0,0,0,0,46,22.29803466796875
e8b225a16b150327cfd4e040d9bc31d3,0,1,1,1,0,0,0,0,0,0,0,0,22,6.67254638671875
e8b735846c0638da4fca1d87de191bcd,0,1,1,1,0,0,0,0,0,0,0,0,51,16.79217529296875
e8c055323db7ca19e786a6d3c7f68b8e,0,1,1,1,0,0,0,0,0,0,0,0,35,27.82928466796875
e8c2b547308eb99d1215ccbc83d99408,0,0,1,1,0,0,0,0,0,0,0,0,62,18.11199951171875
e8c478e9c8d1ecddfff790b4cdc129e7,0,1,1,1,0,0,0,0,0,0,0,0,23,35.14324951171875
e8cd75dca0eb628b53e4e7a10bbde357,0,1,1,1,0,0,0,0,0,1,0,0,32,10.72723388671875
e8d06fb4ca7a93ca8820840ee8359c94,0,0,0,1,0,0,0,0,0,0,0,0,29,14.13787841796875
e8d4fdd7831636afb4e8312307cd8ee3,0,1,1,1,0,0,0,1,1,1,1,0,41,21.28436279296875
e8d6ea208b69cb71ae7b4a076892ba73,0,1,1,0,0,1,1,1,0,0,1,0,28,20.59100341796875
e8d7c28145cfbdd2349acd8f2a28949f,0,1,1,0,0,0,0,1,0,1,1,0,23,6.33172607421875
e8d81e5b97126d40a07a8e03907cb174,0,1,1,1,0,0,0,0,0,0,0,0,22,15.81951904296875
e8db378411897a439ce87b1f87922f5b,0,1,1,0,0,0,0,0,0,0,0,0,23,45.70526123046875
e8e059194f0f7e362a411ddc72a39ebd,0,1,1,1,0,0,0,0,0,0,0,0,30,6.13543701171875
e8e12c72273cbbc878fd2858625be880,0,1,1,1,0,0,1,0,0,1,0,0,48,18.64031982421875
e8e22043e4d727e86c458f3b98fe2e32,0,1,1,1,0,0,0,0,0,0,0,0,60,5.41912841796875
e8e2b842e5e3fe95c88345dbf2ac99a7,0,1,1,1,0,0,0,0,0,0,0,0,21,22.32049560546875
e8e32d4694a3b13a5cc46657728049c0,0,1,1,1,0,0,1,0,0,0,0,0,37,17.87225341796875
e8e745df7d70fac506a0eb1e25cac019,0,0,1,1,0,0,0,0,0,0,0,0,30,21.07098388671875
e8f5f7d71b27069973f7fc9e86125df9,0,0,1,1,0,0,1,0,0,1,0,0,46,11.94110107421875
e8fdee7629c984891f252f9e418739a3,0,1,1,0,0,0,0,0,0,0,1,0,18,-14.47930908203125
e9059a189dd0b72d26ac983ccdfffddb,0,1,1,1,0,0,0,0,0,0,0,0,25,24.90350341796875
e90843809be922a619051b92e51f3c0b,0,1,1,1,0,0,1,0,0,1,0,0,26,6.34979248046875
e9159272820d7c2a5fd4742f7c1450a2,0,1,1,1,0,0,1,0,0,0,0,0,39,41.00701904296875
e919f17a8833a2f53bf2df0927f3139e,0,1,1,0,0,0,0,0,0,0,0,0,30,37.02362060546875
e921755da8605e0ef27f595a97f4b0a4,0,0,1,1,0,0,1,0,0,1,0,0,18,7.42303466796875
e922610900ffe3bb0702199f936092ff,0,1,1,1,0,0,0,0,0,0,0,0,33,35.09930419921875
e927129aed943dfff03238658e4c3d42,0,1,1,1,0,0,0,1,1,1,0,0,49,27.78973388671875
e92e68079efd05e0974834a2b7468d6e,0,0,1,1,0,0,1,1,0,0,1,1,36,17.71893310546875
e92f60276e7340dca3b5fe5931ca693c,0,1,1,0,0,0,0,0,0,0,0,0,49,10.76971435546875
e93245f0b108dadde56f85a187e0c3ee,0,0,0,1,0,0,0,0,0,0,0,0,58,29.82635498046875
e9377d737e9d0fe0aa99366db3877398,0,1,1,1,0,0,0,0,0,0,0,0,45,3.28631591796875
e93b4d1107c3fea9191f568294315f1e,0,1,1,0,0,0,0,0,0,0,0,0,55,21.33465576171875
e93b9d0567cc63966aa0c6cf5662e1e1,0,1,1,0,0,0,0,0,0,0,0,0,73,92.36639404296875
e961010f15093598be794c451fc114c9,0,1,1,1,0,0,0,0,0,0,0,0,72,41.81268310546875
e97d059f75a50e9c9805b0dba4d0d84e,0,0,1,1,0,0,0,0,1,1,0,1,76,17.49530029296875
e97d089e2a59c7164b6a0c7c181d626a,0,0,1,1,0,0,0,0,1,1,1,1,45,42.17547607421875
e97eb7db7061b4ac3475980a81feeb07,0,1,1,1,0,0,1,1,0,0,0,0,27,14.17694091796875
e99e24916f6dbe9ae2b490050c5cf0c7,0,0,1,1,0,0,0,0,0,0,0,1,39,32.71063232421875
e9a25d91de903f8811650b30b04943f5,0,1,1,1,0,0,0,0,0,0,0,0,25,33.27508544921875
e9a4b357d8233bf9ffd7e4462f821118,0,0,0,0,0,0,1,0,0,0,0,0,36,38.67987060546875
e9a795e2890221909dc67f4402211ac4,0,1,1,1,0,0,1,0,0,0,0,0,11,14.98065185546875
e9ab575c63252ccf69f9d1a4d9d3276d,0,0,1,1,0,0,0,0,0,0,0,0,25,20.74725341796875
e9b053f1f5a21a31bec727dfd1939823,0,1,1,1,0,0,0,0,0,0,1,0,37,25.30877685546875
e9b16a73ab5de416c0232d6a65e1d41f,0,1,1,1,0,0,0,0,0,0,0,0,49,14.16424560546875
e9b7cf03f11b948b2f21e82db64ffa73,0,1,1,1,0,0,0,0,0,0,0,0,27,10.51190185546875
e9c1322f43cbc3e728c66388a871066e,0,1,1,1,0,0,1,0,0,0,0,0,21,9.86737060546875
e9c363e89d0b9d94b0a0af5624bed0b1,0,1,1,0,0,0,1,0,0,0,1,0,32,12.96844482421875
e9cbaa9a262d8544f7caa7da9ae1b36e,0,0,1,1,0,0,0,0,0,0,0,0,26,18.09979248046875
e9d0dcbff8d5cd03a208afaae6c39dc3,0,1,1,1,0,0,0,0,0,0,0,0,26,12.80682373046875
e9d938a8d7e30f066608f199b9144f62,0,1,1,1,0,0,0,0,0,0,0,0,9,5.41571044921875
e9e4116739f4c14ac742459c7be91bb8,0,1,1,1,0,0,0,0,0,0,0,0,35,43.10760498046875
e9f00f612ede12b4cbb9184f70f96c73,0,1,1,1,0,0,0,0,0,0,0,0,50,12.50897216796875
e9f601dd972a2c3b419a49339f3d8115,0,1,1,0,0,0,0,0,0,0,0,0,66,24.15496826171875
e9fce5d70492ec73f1a37e05a78dd70b,0,1,1,1,0,0,0,0,0,0,0,0,44,24.01531982421875
ea020c1573907e9ebdf56b55395b725f,0,0,0,1,0,0,0,0,0,0,0,0,4,11.32586669921875
ea13650fdfae83366dd2afd2483cc571,0,0,0,0,0,0,1,0,0,0,0,0,57,12.59930419921875
ea14367207f12d61ea706ca1b1f5b45b,0,1,1,1,0,0,0,0,0,0,0,0,27,19.63299560546875
ea26ade6db37bc11c08e42c79af33b6f,0,1,1,1,0,0,0,0,1,1,0,0,3,20.79949951171875
ea2d27f960cf92ff1b81839f3caffde8,0,1,1,1,0,0,0,0,0,0,0,0,44,11.08270263671875
ea334f18a63a2b50c66b922a5bd4f135,0,1,1,1,0,0,0,0,0,0,0,0,20,33.92987060546875
ea52dff9ea409953c495fa6ac618901f,0,1,1,1,0,1,0,0,0,0,0,0,42,7.97186279296875
ea5350287ac444a20339df289a23e9d5,0,1,1,0,0,0,0,0,0,0,0,0,19,35.89080810546875
ea5a280189399d250397bcf024283482,0,1,1,1,0,0,0,0,0,0,0,0,28,15.90936279296875
ea64d6a77bbcf56e5f6deac6a782ce92,0,1,1,1,0,0,0,0,0,0,0,0,15,12.50653076171875
ea6c0cf033bf29ae9aca20926bdfe755,0,1,1,1,0,0,0,0,0,0,0,0,31,17.62127685546875
ea819f235ee0a6fd18fef2bfc298f755,0,1,1,1,0,0,0,0,0,0,0,0,47,48.66180419921875
ea85e9bf1ed9e6472e35288c4fa18187,0,1,1,0,0,0,0,1,0,0,1,0,24,13.09979248046875
ea869d5742b1d25564fa2876eea9c2ea,0,0,0,0,0,0,1,0,0,0,0,0,46,9.58367919921875
ea9100585127c7f3f22adee9eb545a13,0,0,1,1,0,0,0,0,0,0,0,1,75,23.68719482421875
ea9c40468052feda4f14560898a83660,0,1,1,1,0,0,0,0,1,1,0,0,5,8.70721435546875
ea9dbb5f8b037c35eb750701fe14dcbb,0,1,1,1,0,0,0,0,0,0,0,0,48,14.00506591796875
ea9fec999b94a9a1e7c78f142d4ac99a,0,0,0,1,0,0,0,0,0,0,0,0,24,10.82147216796875
eaa1e75ede4914f550134eed860e04c8,0,1,1,0,0,0,1,0,0,0,0,0,54,15.62225341796875
eaa23ff7ed57cd3d081f77570777a495,0,1,1,1,0,0,0,0,1,0,0,0,19,9.35565185546875
eaa7d909c1f3fac946be7acc768ecc3e,0,1,1,0,0,0,0,0,0,0,0,0,99,0.11834716796875
eaa80e0a8c7dc09f2e5da820d8b11a59,0,1,1,0,0,0,1,1,1,1,0,0,32,35.04217529296875
eaa856dba76501400f607b78ef581925,0,1,1,1,0,0,0,0,0,0,0,0,60,15.24237060546875
eab6c63493b68e1ab3817a094622be6f,0,0,1,0,0,0,0,1,0,0,1,1,35,10.32635498046875
eabc47a88494b6bb6192982dc22bfc00,0,0,1,0,0,0,0,0,0,0,0,0,26,12.26873779296875
eabc5670659255336855bff8357b0878,0,1,1,1,0,0,0,0,1,1,0,0,28,-5.01348876953125
eabd3a25caaceca90dd188b434ba8a40,0,1,1,1,0,0,0,0,0,0,0,0,27,25.56854248046875
eabd6d70802942f789961c14c64de571,0,1,1,0,0,1,1,1,1,1,1,0,15,50.07000732421875
eac68f85f2e4fc19fa786e3f1057743c,0,1,1,1,0,0,0,0,0,0,0,0,29,66.72869873046875
eac97766d9b3a777980f1235fddfd54e,0,1,1,1,0,0,0,0,0,0,0,0,36,35.67108154296875
eacbf27a58dd6a72b438cfda310b8917,0,0,1,1,0,0,0,0,0,1,0,0,41,15.61688232421875
eae02d157c3b4f65128fcb0c48c36690,0,1,1,1,0,0,0,0,1,1,0,0,33,13.16326904296875
eae25b06297569d76950a7d133ab4050,0,1,1,0,0,0,1,0,0,0,0,0,32,31.50799560546875
eae2a40c2568adbc208c2c56e28819d7,0,1,1,1,0,0,0,0,0,0,0,0,26,29.38153076171875
eaf20d8d9dd6a9ee8aa88743e3b36626,0,0,1,1,0,0,0,0,0,0,0,0,31,15.31317138671875
eafc29e6fe45639f44f890eb36c4f930,0,1,1,0,0,0,1,1,0,0,1,0,49,7.95965576171875
eafe4e31237c5b6fd0957e80418c36b0,0,0,0,0,0,0,1,0,0,0,0,0,100,28.34686279296875
eaffe849c857927d500ece7e1509d38d,0,1,1,0,0,0,1,0,0,0,0,0,33,6.84979248046875
eb02813b3520bd7bdb0f3d325cd23fdd,0,1,1,1,0,0,0,0,0,0,0,0,54,22.45721435546875
eb04fe3c32aa7a465d4bc80fe07a1108,0,1,1,1,0,0,0,0,1,1,0,0,23,27.82342529296875
eb07553b6c7dac2ae63bbd2f594db2f3,1,1,1,1,0,0,0,0,0,0,0,0,12,20.78533935546875
eb09ab37ddc94f0ea7af5f1b9c935941,0,1,1,1,0,0,0,0,0,0,0,0,35,25.38055419921875
eb22210ae80298d8a7e1bf1f45564883,0,0,0,0,0,0,0,0,0,0,0,0,34,28.25799560546875
eb262e1ee86196beb0921f31743e698c,0,1,1,1,0,0,0,0,1,1,0,0,37,24.02850341796875
eb2dc564be383fcfe3002fcb699f3a55,0,1,1,1,0,0,1,0,0,0,0,0,30,20.45330810546875
eb3e4dfed6d7488633a781728b98b9d6,0,0,1,0,0,0,0,0,0,0,0,0,32,18.88348388671875
eb3fc938210cc3b3c0758b1e4758ce8f,0,1,1,1,0,0,0,0,0,0,0,0,26,11.89959716796875
eb40d88644da605cb533f0c28c33c902,0,1,1,1,0,0,0,0,0,0,0,0,57,22.50701904296875
eb454fca70c34692608ddcc5ce25c377,0,0,0,0,0,0,0,0,1,0,0,0,17,30.80975341796875
eb45a373aca41d0edb2d5715c36e1fe6,0,1,1,1,0,0,0,0,0,0,0,0,30,20.72039794921875
eb490069c48dd35ce98a0f58a01ab703,0,1,1,1,0,0,0,0,0,0,0,0,31,23.09051513671875
eb4c4906282fd8a67a377ac73a01c4c7,0,0,1,1,0,0,0,0,0,0,0,0,10,10.73748779296875
eb513d414e07bb716387cf9ef51c3c59,0,1,1,0,0,0,0,0,1,1,0,0,20,15.02947998046875
eb60867c1e5be52fba715cb2ff6f53eb,0,1,1,1,0,0,0,0,1,0,0,0,64,29.70574951171875
eb60a10665fb28c8963376856cd5fbae,0,1,1,1,0,0,0,0,0,1,0,0,40,10.69451904296875
eb6621056ec20e176f98cda1c08a6bfe,0,1,1,0,0,0,0,0,0,0,0,0,69,13.80731201171875
eb68881c08715cd35de03aa75312e118,0,1,1,1,0,0,0,0,1,1,0,0,39,-1.44073486328125
eb69ea87b1fa8b175608f84a2f3d72a9,0,1,1,1,0,1,0,0,0,0,0,0,23,9.92596435546875
eb748103742ce414823478dd5e4fe769,0,0,0,1,0,0,0,0,1,1,0,0,25,17.58807373046875
eb787410367bffc76ba92b28efedb49b,0,1,1,1,0,0,1,0,0,1,0,0,7,31.29266357421875
eb7b40d0c08886953237665372dd555f,0,1,1,1,0,0,0,0,0,0,0,0,27,-3.13214111328125
eb7c18a6b5cbacd9839bb068e69d8ef8,0,1,1,1,0,0,0,0,0,0,0,0,56,8.12078857421875
eb7ce5042819a2ab8c444effca4abb2d,0,0,0,1,0,0,0,0,0,0,0,1,10,23.89178466796875
eb8290e488345a649b3254e19b43ba6d,0,1,1,1,0,0,0,0,1,1,0,0,31,10.24481201171875
eb8ed18b500648e95e5a686fbb942c2b,1,1,1,1,0,0,0,0,0,0,0,0,23,6.50506591796875
eb9431149b4193b209d06ec3ad60feb9,0,1,1,1,0,0,0,0,0,0,0,0,33,4.82244873046875
eba1fec8e25503f9ff557849b096ea69,0,1,1,1,0,0,0,0,0,0,0,0,17,10.90789794921875
eba6342c02ab8feb8b6e8810d39921ac,0,1,1,0,0,0,1,0,0,0,0,0,67,19.59442138671875
eba910fd1250a3e9689d2253299673ab,0,1,1,1,0,0,0,0,0,0,0,0,43,21.99090576171875
ebaaa8e384b3d2f0a56c7ff7675c154c,0,0,1,1,0,0,0,0,0,0,0,1,50,18.92596435546875
ebaef4f9d0a258e419a4856764b16b79,0,0,0,1,0,0,0,0,0,0,0,1,37,25.14422607421875
ebb61358e2aca506d2403c1b1cfde586,0,1,1,1,0,0,0,0,0,0,0,0,21,33.20233154296875
ebc3f87a1bcc2f84f691cb8ab29f01a5,0,0,0,1,0,0,0,0,1,1,0,0,18,11.61639404296875
ebca24d96c7cea83082063970b8ebe5b,0,1,1,1,0,0,0,0,0,0,0,0,55,2.28875732421875
ebd36e5aeb11f99d40d74df0f8cc0027,0,0,1,1,0,0,0,0,0,0,0,1,88,41.23846435546875
ebda055ba833e589065a7b8ede821067,0,1,1,1,0,0,0,0,0,0,0,0,20,17.57733154296875
ebe31ea67bb1b680d4d3b9f393ee846d,0,1,1,1,0,1,0,0,0,0,0,0,20,9.43133544921875
ebe9176c10d9fdce21156f74037d0a9f,0,1,1,1,0,0,0,0,0,0,0,0,3,25.96893310546875
ebeeb7f5c714d6bf63dec275695682be,0,0,0,1,0,0,0,0,0,0,0,0,31,15.65057373046875
ebf5c8764e39e6ad5a5ec91ab25fb3aa,0,0,0,1,0,0,0,0,0,0,0,0,53,24.95037841796875
ebf7b235b3744b999710b5f05610230b,0,1,1,1,0,0,0,0,0,0,0,0,27,20.76531982421875
ebfe374d4a79dd57ee154df0bdf8dcab,0,1,1,1,0,0,1,0,0,0,0,0,53,22.62030029296875
ec001e88cfbc254900b7c57717919d08,1,1,1,1,0,0,0,0,0,0,0,0,23,13.76434326171875
ec07599018885a44734a9ba27d306055,0,1,1,1,0,0,0,0,0,0,0,0,99,9.38983154296875
ec19766ae23ed1415765d1810ed8d361,0,1,1,1,0,0,0,0,0,0,0,0,59,20.72039794921875
ec2e8a8c7eb931aab97e4c219c9d3fcd,0,1,1,1,0,0,0,0,0,0,0,0,25,7.94451904296875
ec2fb78181dd6c09824487acb28f9214,0,1,1,1,0,0,0,0,0,0,0,0,29,73.97869873046875
ec3c2cc07ac3276d861fa8b23c0bd119,0,1,1,1,0,0,0,0,0,0,0,0,39,17.74530029296875
ec43aa9057c6969a8eff4fce062376ed,0,1,1,1,0,0,0,0,0,0,0,0,8,15.79022216796875
ec4a3ba76dd865cab305ae98290d6bf8,0,1,1,1,0,0,0,0,1,1,0,0,42,8.69647216796875
ec4d65615f9e077902e452a598838732,0,0,0,1,0,0,0,0,0,0,0,0,20,-0.50958251953125
ec4f4364590db15f5ff8493a7b6ba1fc,0,1,1,1,0,0,0,0,0,0,0,0,26,7.16571044921875
ec51ebc83ac95d63a38676bd057465c1,0,1,1,1,0,0,0,0,0,0,0,0,22,5.93377685546875
ec52fdd93c80a0c0325c2d31ea3f3fc5,1,1,1,1,0,0,0,0,0,0,0,0,16,12.15936279296875
ec64e3c4d306213c94db5efd24849b37,0,0,0,0,0,0,0,0,0,0,0,1,100,5.86053466796875
ec669750c952f85dee3db3bd98fc2aee,0,1,1,1,0,0,0,0,0,0,0,0,22,29.09490966796875
ec69fcfa350221c4e504365311f2f10c,0,1,1,1,0,0,0,0,1,1,0,0,28,17.63153076171875
ec737fba5c40187539bb9b2f601366a9,0,1,1,1,0,0,0,0,1,0,0,0,85,20.74237060546875
ec7e0d44c03133b2d13df687313c6e03,0,0,0,1,0,0,0,0,0,0,0,0,44,26.68572998046875
ec808c2e55592eae877bcf9c89177ef5,0,0,0,1,0,0,0,0,0,0,0,1,46,41.24188232421875
ec92a325c19df0cfb75b9fa485a28c43,0,1,1,1,0,0,0,0,0,0,0,0,33,25.45233154296875
ec9ec8315a1ac43316d6b6f39af6b75a,0,1,1,1,0,0,0,0,0,0,0,0,19,26.02752685546875
eca01ea2af0b91ad09d3bbedab78c0b4,0,0,1,1,0,0,0,0,0,0,0,0,35,12.02508544921875
eca2eb18efdba346d34b1630d3ea98ec,0,1,1,1,0,0,0,0,0,0,0,0,59,6.53973388671875
eca5739ad92be5bc1335003640992d4c,0,1,1,1,0,0,0,0,0,0,0,0,28,11.91619873046875
eca724dc192f62e8d801525ac3397979,0,1,1,1,0,0,0,0,1,1,0,0,39,16.96600341796875
ecac7ebfb116130d490f36f32ff9e053,0,1,1,1,0,0,0,0,0,0,0,0,37,23.19793701171875
ecba28de31f09fbb83ceeadeee23bf38,0,1,1,0,0,0,1,1,1,1,1,0,56,7.12127685546875
ecbb48fc9d345f6e2b03deaf8f1645f0,0,0,1,1,0,0,0,0,0,0,0,0,100,29.83465576171875
ecbe9521441f3deeb7e606d1d667cf5e,0,0,1,1,0,0,1,0,0,0,0,0,26,17.74090576171875
ecc0e9507d22fc6563d6eaaebd166f10,0,1,1,1,0,0,0,0,0,0,0,0,100,13.77947998046875
ecceb6e1a60f97e10848fddae2b38bf4,0,1,1,1,0,0,0,0,0,0,0,0,25,21.76287841796875
ecd0afc94bc55972ce058ccb16e3045e,0,1,1,1,0,0,0,0,0,0,0,0,42,25.87274169921875
ecd0b884763fb11da5104b2007bef9d9,0,1,1,1,0,0,0,0,0,0,0,0,81,14.93621826171875
ecd19016171191c9f90097d778a5d65c,0,0,0,1,0,0,0,0,0,0,0,1,14,34.65057373046875
ecd36a362338357f67de9ee2a355c7d2,0,1,1,1,0,0,0,0,0,0,0,0,49,20.31365966796875
ecd4c222cba6f716339eee9799bdaca6,0,1,1,1,0,0,0,0,0,1,0,0,25,16.60516357421875
ece49cf41aace1e3e27020f726dcfb36,0,1,1,1,0,0,0,0,0,0,0,0,33,10.22869873046875
ece545375ce9cce3e9d66a9146de7e47,0,0,0,1,0,0,0,0,0,0,0,0,52,11.65399169921875
ecebf6a4483edc92e210da9e3e20f1ec,0,0,1,1,0,0,0,1,0,0,1,1,31,134.26129150390625
ecf5c72ff7b5bf1d1e689181ce3d9529,0,0,1,1,0,0,0,0,0,0,0,1,20,29.69451904296875
ed16374e5070a98c543c40f6c65d228b,0,1,1,1,0,0,0,0,0,0,0,0,100,13.76287841796875
ed1d14d6165346fb98986386a69bf587,0,1,1,1,0,1,0,0,0,0,0,0,48,20.08563232421875
ed22784634beaf4d0ef356257b16c32f,0,1,1,1,0,0,0,0,1,1,1,0,70,27.80780029296875
ed2e07fa21a64d0e9d425983df233074,0,1,1,1,0,0,1,1,0,0,0,0,30,18.84539794921875
ed3670145e7d94575d86003992310bfc,0,1,1,1,0,0,0,0,0,0,0,0,36,15.41522216796875
ed3b0bf4adc793b23a0e43fdaebccf72,1,1,1,1,0,0,0,0,0,0,0,0,42,45.35662841796875
ed4324a7f710335a2f7ca563a93e22d5,0,0,1,0,0,0,1,0,0,1,0,0,23,24.96600341796875
ed4d22de262cafd53c703269926f8017,0,1,1,1,0,0,0,0,0,0,0,0,75,21.45184326171875
ed6194356b365324aecb602db000d684,0,0,1,1,0,0,0,0,0,0,0,1,11,19.48699951171875
ed644dd9a647f31328819aeedf654388,0,0,0,1,0,0,0,0,0,0,0,0,33,-0.92071533203125
ed6778326c53ccf98cc5608f02c0c02c,0,1,1,1,0,0,0,0,0,0,0,0,51,13.46649169921875
ed7bc4421fc37200a10cdaedd80a7a2b,0,1,1,1,0,0,0,0,0,0,0,0,29,35.04901123046875
ed7dbf85e0d53f5cc6567f3b47efcb2f,0,1,1,0,0,0,0,0,0,0,0,0,28,25.48553466796875
ed82879df76b33d38df450fe3213438a,0,1,1,1,0,1,0,0,0,0,0,0,17,0.07244873046875
ed85ed6ef36fd04f568f3f0eed3b2dc5,0,1,1,1,0,0,0,0,0,0,0,0,18,15.96697998046875
ed8ee83cde31ea6dbb21c88671637fc4,0,1,1,1,0,0,0,0,0,0,0,0,18,-0.07598876953125
ed93e4b16f3f134382de41b296e092db,0,1,1,1,0,0,0,0,0,0,0,0,31,26.67156982421875
ed957c34bdb52c18a6fa2fa08e6720ca,0,1,1,1,0,0,0,0,0,0,1,0,40,14.63787841796875
eda539fc68cb39c98dc3bed4bc835fdb,0,0,1,1,0,0,1,0,1,0,0,0,59,33.46893310546875
eda7209b4162bc4c1cac725dec627e72,0,1,1,1,0,0,0,0,0,0,0,0,53,10.72186279296875
edb2a56aa0b3e9d836dc8592f6285a99,0,1,1,0,0,0,0,0,0,0,0,0,32,19.23944091796875
edcb1ba3565ed1c980f76d9cc5359d94,0,1,1,1,0,0,0,0,0,0,0,0,13,4.99871826171875
edcf6e36eb9f298dd1cc18a29621c38e,0,1,1,1,0,0,0,1,0,1,1,0,55,6.25164794921875
edd25e99716122aa12ccd37822c23337,0,1,1,1,0,0,0,0,0,0,0,0,45,10.84002685546875
edd7ad883c00d9f6db31a75b3babcd82,0,1,1,1,0,0,0,0,0,0,0,0,29,10.63397216796875
eddc67450931fa9979dfd79fc42a2444,0,0,0,1,0,0,0,0,0,0,0,0,13,8.87420654296875
ede2fcf304daaacc7d11eb6e2d2849b9,0,1,1,1,0,0,0,0,0,0,0,0,22,10.59002685546875
ede361faa49d546439daa89cfdc14dd9,0,1,1,1,0,0,0,0,0,0,0,0,28,5.21649169921875
ededd9996540a159cebcfa1d22967f5c,0,1,1,1,0,0,0,0,0,0,0,0,54,0.60076904296875
edf0896139a1d82f95c45a5071ed7619,0,0,1,0,0,0,0,0,0,0,0,0,79,10.94793701171875
edfc82c6605fa226dd31ae28b67d10a5,0,1,1,1,0,0,0,0,1,1,0,0,53,8.68572998046875
edffb0209318f8790db5ff809e5c175e,0,1,1,1,0,0,0,0,1,1,0,0,21,2.75262451171875
ee042113639bc026c49305137511a866,0,1,1,1,0,0,1,0,0,0,0,0,29,19.44061279296875
ee08a295b0674810d7313a015463c09b,0,1,1,1,0,0,0,0,0,0,0,0,29,18.72137451171875
ee0c3220e3124a8f1b177abf61e9010d,0,0,0,1,0,0,0,0,0,1,0,0,43,-8.84014892578125
ee10e90533a436130646249642d68a61,0,0,1,1,0,0,0,0,1,0,0,0,31,26.38641357421875
ee153bdd10cd6be3196deb90c8a16a0e,0,1,1,1,0,0,0,0,1,1,0,0,81,31.01678466796875
ee1782f7198f9ac3ae2df3be5e4888bf,0,1,1,1,0,0,0,0,0,0,0,0,37,32.90155029296875
ee35144856a9445a0478d1770fb3d3f1,0,1,1,1,0,0,0,0,1,1,1,0,50,6.47283935546875
ee3b6ec52d7e5aa46b59145a49ed8ffb,1,1,1,1,0,0,0,0,0,0,0,0,34,22.06561279296875
ee483b40a5a6435adbdb5b2f7c442022,0,0,1,1,0,0,0,0,0,0,1,0,28,15.84246826171875
ee4f862991141f87420ea1ee11d040f3,0,1,1,0,0,0,0,1,0,1,1,0,18,54.07537841796875
ee51b99832f1ba868f646df93d2b6b81,0,1,1,1,0,0,0,0,0,0,0,0,47,16.76922607421875
ee5a09ea4c6691135e3893579c444c30,0,1,1,0,0,0,0,1,0,1,1,0,19,43.20526123046875
ee75460403e106c689a973cebfc33baf,0,1,1,1,0,0,0,0,0,0,0,0,22,20.79071044921875
ee772918a671f5028ed69aa479651aa6,0,1,1,1,0,0,1,0,0,0,0,0,88,12.04705810546875
ee7d8deda7e7e353f9d7866fe8d5ef04,0,1,1,1,0,0,0,0,0,0,0,0,100,1.51092529296875
ee7e8bbaa57f364a9d61ace9c06dc471,0,0,0,1,0,0,0,0,0,0,0,0,18,12.32049560546875
ee80304d28727000e42c8b8d10b8d63e,0,1,1,1,0,0,0,0,0,0,0,0,37,8.00408935546875
ee8a6dc672a2b4eb6d2f19effe49092c,0,0,1,0,0,0,0,0,0,0,0,1,20,18.77899169921875
ee8b538cb2bc87e833abc9c0048ac84c,0,1,1,1,0,0,0,0,0,0,0,0,64,32.68231201171875
ee97d86d26506239666d3679ff4a73aa,0,0,1,1,0,0,0,0,0,0,0,1,31,15.81024169921875
ee9ae930ed4c42f9c8f57d31e8c5f60a,0,1,1,1,0,0,0,0,0,0,0,0,55,28.50067138671875
ee9cb55ca589a3cb69b31836cc6f7727,0,1,1,1,0,0,0,0,0,0,0,0,63,17.91473388671875
eea61b21cbc56c8b28074d5ce0627bf0,0,0,1,1,0,0,0,0,0,0,0,0,28,7.37030029296875
eeaa15c5152614b7cd793f9e52ae07e9,0,1,1,1,0,0,0,0,0,0,0,0,91,34.99383544921875
eec014605cbd2460a9bb164735c720b1,0,1,1,1,0,0,0,0,0,0,0,0,20,16.42889404296875
eee5cf045165ae7fb015c3fb4f699b70,0,1,1,1,0,0,0,0,0,0,0,0,30,17.73602294921875
eee660ce0617236d7865eda7d95f01a1,0,1,1,1,0,1,0,0,1,1,0,0,43,5.51336669921875
eee9f7c4b16234481bfc511f15f43e49,0,0,0,1,0,0,0,0,0,0,0,0,37,13.85418701171875
ef0274cbf171c607319dc7e3cb86ae57,0,1,1,1,0,0,0,0,0,0,0,0,31,7.44256591796875
ef0e5b818c3a00c3aeb178b47460a13c,0,1,1,1,0,0,0,0,0,0,0,0,45,11.72137451171875
ef241120a03684bf7ea0437d4880a7d4,0,1,1,1,0,0,0,0,0,0,0,0,36,5.23162841796875
ef2d7e3807583f859fb2ba3255185cae,1,1,1,1,0,0,0,0,0,0,0,0,26,15.46990966796875
ef34919708627270bc7dbf7320cd3701,0,1,1,1,0,0,0,0,0,0,0,0,37,2.74237060546875
ef3762df90dc405e59389c609e4edd7b,0,1,1,1,0,0,0,0,0,0,0,0,48,22.06317138671875
ef37cdf46ce8c1ae37207cbd71804662,0,1,1,1,0,0,1,0,0,0,0,0,43,32.53631591796875
ef3a7231b35cdce647133eb942ccb0b7,0,0,1,1,0,1,0,0,1,1,1,0,55,8.01043701171875
ef42245ce07333e81eec48809bd07f72,0,1,1,1,0,0,0,0,0,0,0,0,48,11.52752685546875
ef44e40acc41c1e5db35086a9fe9d7e8,0,1,1,1,0,0,0,0,0,0,0,0,50,19.94110107421875
ef492c323405bbb896e6c1a94eaeedf3,0,1,1,1,0,1,0,0,1,0,0,0,25,12.25506591796875
ef4fedef46e618294f9e7ec641045bd3,0,0,0,1,0,0,1,0,0,0,0,0,24,23.97576904296875
ef61a6539e7713f5ae70ee4d887d4b4a,0,1,1,1,1,0,0,0,0,0,0,0,14,15.43475341796875
ef6d39b7c20d5add24170fa6f075eb3b,0,1,1,1,0,0,0,0,0,0,0,0,27,20.38836669921875
ef70d4bab182d9671afd1eba5a8b5b91,0,0,0,1,0,0,0,0,0,0,0,0,45,14.04461669921875
ef72d3cac2f0ae66e9d500876bf9ded0,0,0,1,1,0,0,0,0,0,0,0,1,14,39.15985107421875
ef7f96e35710c26e81f67ed29e967193,0,1,1,1,0,0,1,0,0,0,0,0,100,6.14227294921875
ef810f25a6b3fff6597a24bf21da7fa5,0,1,1,1,0,0,0,0,1,1,0,0,36,8.91326904296875
ef815709d8b9eea04a262cf7f1447a90,0,1,1,1,0,0,0,0,0,0,0,0,19,29.51629638671875
ef9cb7abc941346d5f77a65cadbccf46,0,1,1,1,0,0,0,0,1,1,0,0,34,33.86395263671875
ef9e2722e91950bb99b526c25a269207,0,1,1,1,0,0,0,0,1,0,0,0,53,41.11541748046875
efa2bdd0ea9b383d73cbea6ae87fbdbe,0,1,1,1,0,0,0,0,0,0,0,0,25,27.11395263671875
efa742187e2efdb1d62437c3944bf8bc,0,1,1,1,0,0,0,0,1,1,0,0,26,17.76434326171875
efae85d05ba9971a16e73deda028ec22,0,1,1,1,0,0,0,0,0,0,0,0,54,17.25555419921875
efbc5160aa9e3479da1ca2be2d246c52,0,1,1,1,0,0,0,0,1,1,0,0,23,23.70135498046875
efc51b5700c80e739d81f83bd21ef735,0,0,0,1,0,0,0,0,1,0,0,0,77,22.69940185546875
efc72fb57ceacaaa979447dda3661b66,0,1,1,1,0,0,0,0,0,0,0,0,33,18.74822998046875
efc746ea9c8e390ef1260df8e1a5ae93,0,0,1,0,0,0,0,0,0,0,0,0,33,18.96356201171875
efd916acd2bf4febad06b0a8ade91528,0,1,1,1,0,0,0,0,1,1,0,0,14,-15.35528564453125
efdb8ea168b24e074b82a48f486dea99,0,1,1,1,0,0,0,0,0,1,0,0,47,28.71795654296875
efe37f836b04866ecd131ffaeb75847f,0,1,1,1,0,0,0,0,0,0,0,0,29,24.72186279296875
efe5d3f0b518a77d5a096d1c0f535438,1,1,1,1,0,0,0,0,0,0,0,0,65,27.73748779296875
efe80a5f130240c944caf7f2270da0b2,0,1,1,1,0,0,0,0,0,0,0,0,25,4.32098388671875
eff355e50c29487144a1e9d5b5b615d0,0,1,1,1,0,0,0,0,1,0,1,0,15,14.49676513671875
eff5cd15907ec409a1175f72ec26525a,0,0,1,1,0,0,0,0,0,0,0,0,26,27.82293701171875
eff9bf29953f1641139e8b0f5b1c490e,0,1,1,0,0,0,0,1,0,0,0,0,30,46.31219482421875
effa8f959bd46c6b0f9b32db831d927b,0,1,1,1,0,0,0,0,0,0,0,0,23,22.58514404296875
effe471bc150e67e390a480b67ee27ae,0,0,1,1,0,0,0,0,0,0,0,1,58,25.97283935546875
efff1eff289b80ace8966e93bb2d6afa,0,1,1,1,0,0,0,0,0,0,0,0,28,11.74871826171875
f0204d25be85b2f56778f25a63d16cef,0,1,1,1,0,0,0,0,0,0,0,0,88,26.96356201171875
f0228ab82d01796ef319a40578a777d3,0,1,1,1,0,0,0,0,0,0,0,0,78,24.37908935546875
f02793c6e907c459f98e00bd08796301,0,0,1,1,0,0,0,0,0,0,0,0,65,15.44256591796875
f039ad73bf1d511142571341c0ba9a32,0,1,1,1,0,0,0,0,1,0,0,0,32,22.78338623046875
f0567f41c3059170ffbb1cee101beac0,0,1,1,1,0,0,0,1,0,0,0,0,4,15.36688232421875
f058dea3cd30a9d08ccc9e6149ff1a7e,0,1,1,1,0,0,0,0,1,1,0,0,34,31.43231201171875
f05970718c634a45c41f7ce9b8ebc0c5,0,1,1,1,0,0,0,0,0,0,0,0,61,11.92742919921875
f0747901c9d4dacf74f8b03e84c916ae,0,1,1,1,0,0,0,0,0,0,0,0,32,7.00701904296875
f07b5064b3fdeb5f12c64ca62f92fd25,0,1,1,1,0,0,0,0,0,0,0,0,30,13.64080810546875
f07bf615cf06efc9642d9cc6bf8ef1b9,0,1,1,1,0,0,0,0,0,0,0,0,31,21.62030029296875
f082234c72e3777080efae8257fd2b14,0,1,1,0,0,0,1,0,0,0,0,0,41,47.04656982421875
f089b7bdd4ee046cf356d21201e5512f,1,1,1,1,0,0,0,0,0,0,0,0,59,7.21453857421875
f091887b8aad2464073ec1693ffff589,0,1,1,1,0,0,0,0,1,1,0,0,49,13.99774169921875
f094b1e6ccba4a53f3025abd8de3e55a,0,1,1,1,0,0,0,0,0,0,0,0,42,18.41912841796875
f09979765297931ac97747c5c1eb8498,0,1,1,1,0,0,0,0,1,1,0,0,15,31.25506591796875
f0a722bdc68dfa5e95e90cdfd0fdea93,0,1,1,1,0,0,0,0,1,1,0,0,12,12.93182373046875
f0b3d68a286503a4b0ce21082b698ba1,0,0,0,1,0,0,0,1,0,0,0,0,39,53.92791748046875
f0baf1aa26d573724f4bf61b212606a5,0,1,1,1,0,0,0,0,0,0,0,0,42,13.84393310546875
f0bc7e48c7dfa9665e02b13a8f52821c,0,1,1,1,0,0,0,0,0,0,0,0,9,5.33270263671875
f0c95a240877d88f8d31cb5162d99ae9,0,0,1,1,0,0,0,0,0,1,0,1,11,24.77996826171875
f0cbcb96ec0804a1b5afea3d70f0dbd1,0,0,0,1,0,0,0,0,1,0,0,0,33,13.20037841796875
f0d464b39181ab08f7471ed3a8e86aa2,0,1,1,1,0,0,0,0,0,0,0,0,51,2.65887451171875
f0d49c17fa4c06899bd9521453a19f95,0,1,1,1,0,0,1,0,0,0,0,0,38,3.98748779296875
f0d4b43ab4ee94f3ce901afb8cfb9089,0,1,1,1,0,0,0,0,0,0,0,0,25,17.21209716796875
f0d67c7cdad0dacd5eb20245109eb9d9,0,1,1,0,0,0,0,1,0,0,1,0,42,21.34930419921875
f0e363d577ccf921339f6b27a9a85a21,0,1,1,0,0,0,0,0,0,0,0,0,44,15.88592529296875
f0eb5939f8b917e1f28f891e7b00d09e,0,0,1,1,0,0,0,0,1,0,0,0,67,5.51483154296875
f0f40c8c6ecae08f2ce3e27d13525241,0,1,1,1,0,0,0,0,0,0,0,0,30,12.24530029296875
f0f4214a105cd7f7e2f08167fd0b86d2,0,1,1,1,0,0,0,0,0,1,0,0,32,24.48309326171875
f0f4b6c4cbbe7c2ece8a7aef69d1e7eb,0,1,1,1,0,0,0,0,1,1,0,0,60,14.53240966796875
f0f8a92c1fe2e32bff35e7bf32400163,0,1,1,0,0,0,1,0,0,0,0,0,2,11.02703857421875
f0fe0872d75668fa6e106208c7e3aaa6,0,1,1,1,0,0,0,0,0,0,0,0,27,30.74774169921875
f10eb964909803c76e29952f5618e175,0,1,1,1,0,0,0,0,0,0,0,0,40,19.74432373046875
f1149f5f57ce1311ea185fe130c1f0e3,0,1,1,1,0,0,0,0,0,0,0,0,33,29.97772216796875
f114bd5221da146dee6724c683dd12b7,0,1,1,1,0,0,0,0,1,1,0,0,28,3.51776123046875
f11c7ec6b32e2c7947e8b8032fe8977b,0,1,1,1,0,0,0,0,1,0,0,0,39,10.68182373046875
f11fcce46d978b61ab4a8262dee462bf,0,1,1,1,0,0,0,0,1,1,0,0,28,16.63592529296875
f141d94dba4ceacdf2ec2583fbd84d22,0,1,1,1,0,0,0,0,1,1,0,0,22,7.76678466796875
f14233924386e3849bd2eaa0406d804c,0,1,1,1,0,0,0,0,0,0,0,0,36,8.66229248046875
f14504ebc039f9fffd481027c083ed03,0,0,1,1,0,0,0,0,0,0,0,1,58,28.32098388671875
f15868f7fc13687acde228a81334df8d,0,1,1,1,0,0,0,0,0,0,0,0,36,9.63006591796875
f15e5bcdd0645a47fa886a1fb0861b67,0,1,1,1,0,1,0,0,0,0,0,0,36,2.59490966796875
f16413af94eee6fe1747a260b5e267cc,0,0,1,1,0,0,0,0,0,0,0,1,39,28.45477294921875
f168ed5c4b0b676840cbefbd450c8b83,0,1,1,1,0,0,0,0,0,0,0,0,59,23.25311279296875
f16ab0f801fb54c9a9d650bfcc91ad8c,0,1,1,0,0,0,0,0,0,0,0,0,17,14.75750732421875
f17d23cf4d035f13431dac1f34349def,0,1,1,1,0,0,0,0,1,1,0,0,39,57.28680419921875
f17ee691ac0d9525c5604b2e626d51df,0,1,1,0,0,0,0,0,0,0,0,0,31,19.10028076171875
f17fd2643545e13c42939ee5412dee47,0,1,1,1,0,0,0,0,0,0,0,0,37,15.75311279296875
f185908b1efb0ae4d1a291c816c15535,0,1,1,1,0,0,1,0,0,0,0,0,35,25.60565185546875
f187fad2a0f47cf288853a015da6a89b,0,0,1,1,0,0,0,1,0,0,1,1,15,37.56561279296875
f193da15a6d48a6771a1fdaaeda86634,0,1,1,1,0,0,0,0,0,0,0,0,44,19.87030029296875
f196fae9b74bff918a4e567f7d9646fd,0,1,1,1,0,0,0,0,0,0,0,0,22,7.64569091796875
f198039205a4fd4156d51a515f69b8f5,0,1,1,1,0,0,0,0,0,0,0,0,87,28.49774169921875
f198479ae87e6d82b65b71abe74fd879,0,0,1,1,0,0,0,0,1,1,0,0,33,18.95623779296875
f1a51d231cf84a0869c6c3e14598d9a9,0,1,1,1,0,1,0,0,0,0,0,0,58,33.74481201171875
f1a6875dbea3d4f91d04907682407493,0,1,1,1,0,1,0,0,0,0,0,0,40,30.55096435546875
f1b0c36a971e98f568a08d8d1c5af925,0,1,1,0,0,0,0,0,0,0,0,0,28,9.43865966796875
f1b23f3972da81ef4bce6e37ab9896a4,0,1,1,0,0,0,0,0,0,0,0,0,31,51.22772216796875
f1b28460c2a4d983a65f0643044c2fa2,0,0,0,1,0,0,1,0,1,0,0,0,24,34.44647216796875
f1bc427e5d6eb4aadefe49342036ce68,0,1,1,1,0,0,0,0,0,0,0,0,52,16.25994873046875
f1c063181a4b7a260a4e16a5809d47d9,0,1,1,1,0,0,1,0,0,0,0,0,27,6.20721435546875
f1c9b6a1df627fb3bc75a4294c73e8d0,0,0,1,1,0,0,0,0,0,0,0,0,38,29.09979248046875
f1ce096a48ee065c0f8b0ac1eb91c897,0,1,1,1,0,0,0,0,1,1,0,0,40,14.04998779296875
f1e31942da5e13026dc2c35291d6a97b,0,1,1,1,0,0,0,0,0,0,0,0,29,41.61151123046875
f1e4e34d7c706fd7ac0642f73b275d8f,0,1,1,1,0,1,0,0,0,0,0,0,38,8.73992919921875
f1ea959299d30feebd966cbf165523ff,0,1,1,1,0,0,0,0,1,1,0,0,41,6.56805419921875
f1eec22325ffb88285af29d148cf36a9,0,0,0,1,0,0,0,0,0,0,0,0,47,34.42791748046875
f1fe7c033b59a4acb5f5b4b0cdbe1c62,0,1,1,1,0,0,0,0,0,0,0,0,53,13.51971435546875
f201c0a3851edef8814d43c523ef1f99,0,1,1,1,0,0,0,0,1,1,0,0,30,27.00457763671875
f202516b3c736275510c66f7e02037ca,0,1,1,1,0,0,0,0,0,0,0,0,50,25.69940185546875
f2064befa995bdd6c6272da3b6bf22da,0,1,1,1,0,0,1,0,0,0,0,0,17,17.74774169921875
f211e09c0a958f574cbe1a736d117efe,0,1,1,1,0,0,1,0,0,0,0,0,2,12.64520263671875
f212b40b726629abc831bc078d1966eb,0,1,1,1,0,0,0,0,0,0,0,0,56,22.71307373046875
f21e8a97215beafe2874df4b0e228f5a,1,1,1,1,0,0,0,0,0,0,0,0,8,8.59393310546875
f21fbfcff33e402b2f5a5a7c12a66b05,0,1,1,0,0,0,0,0,0,0,0,0,39,18.21356201171875
f225ff9da14781a0f5af601188c5f41d,0,0,1,1,0,0,0,0,0,0,0,1,32,11.07635498046875
f230e2dc98856759e759f835ff321eef,0,0,1,1,0,0,0,0,0,0,0,1,46,18.20135498046875
f23437d8bead0d420f53927c7482055c,0,1,1,1,0,1,0,0,0,0,0,0,22,12.91912841796875
f236b4f29cc4fd83d6ce1d668a42521a,0,1,1,1,0,0,0,0,1,1,0,0,33,13.68280029296875
f23a3ee1abcc43f20b9bb7ccf145e50d,0,1,1,1,0,0,0,0,0,0,0,0,56,23.94891357421875
f23ebb3d9a1c272425fd9554dccacd49,0,1,1,1,0,0,0,0,0,0,0,0,8,7.94842529296875
f24dd64c39acca1d80b2c6a96046cd28,0,1,1,0,0,0,0,0,0,0,0,0,27,16.38006591796875
f254e04d7f7f90259a9fba1557e04693,0,1,1,1,0,0,0,0,0,0,0,0,22,25.11199951171875
f259b7fb6bbb97a1e8c1c7f25bd5684e,0,1,1,0,0,0,0,0,0,1,0,0,21,24.30535888671875
f25ba28e99ae4318a9468408fa8d6417,0,0,1,1,0,0,0,0,0,0,0,0,20,15.13201904296875
f26409c9f5fedae715b44cb7fd2168ed,0,1,1,0,0,0,1,0,0,0,0,0,100,34.23846435546875
f266c5c2d492df9b9e2e57df09b93b40,0,1,1,0,0,0,0,0,0,0,0,0,19,24.69451904296875
f26ac309f2f9f06803c1c6b6f7a21bab,0,0,0,0,0,0,0,0,0,0,0,0,40,23.02752685546875
f270cf3d873bc7aaa1f363ce384bce47,1,1,1,1,0,0,0,0,0,0,0,0,25,16.15594482421875
f2884194384b143144250478f914b4f8,0,1,1,0,0,0,1,0,0,0,0,0,38,32.00408935546875
f289f393016fa3b4a1e8aa2a75048a8b,0,0,0,1,0,0,0,0,1,1,0,0,31,26.52166748046875
f28e282b2a1b491c2d0f20abb48de16f,0,1,1,1,0,0,0,0,0,0,0,0,79,56.28436279296875
f2938703e3a92e912cf60ef22dc04b2d,0,0,1,1,0,0,0,0,0,0,0,0,43,21.66180419921875
f29ea6ff5dae5c0620ad8a7b687e99fd,0,1,1,1,0,0,0,0,1,0,0,0,32,12.19207763671875
f29ec7086eddf13940acc780011fdbed,0,1,1,1,0,0,0,0,1,1,0,0,38,51.00604248046875
f29f5e6cba2e528a795d32fae0b9cea0,0,1,1,1,0,0,0,0,0,0,0,0,50,11.83905029296875
f2b0f47eae8532dbde71ef3e5c0a04f6,0,0,1,1,0,0,0,0,0,1,0,1,51,8.14471435546875
f2bafdaf4f3b89812095140d2c914a25,0,0,1,0,0,0,0,0,0,0,0,0,46,23.57000732421875
f2bb25440cb716635b951d7bbd8080e0,0,1,1,1,0,0,0,0,0,0,0,0,41,4.39569091796875
f2bbcf1809c23d3ab5ec96c6370a674f,0,1,1,1,0,0,0,0,1,1,0,0,49,6.34881591796875
f2c3d948753310b1e5eba7fdbdd75998,0,1,1,0,0,0,1,0,0,0,0,0,63,13.26824951171875
f2c3dfdc8873f92121e9d2424ee9d4ef,1,1,1,1,0,0,0,0,0,0,0,0,57,33.34783935546875
f2c707d68e07070989efaa79098222ca,0,1,1,1,0,0,0,0,0,0,1,0,45,27.47869873046875
f2c9bbe6f0dd4031415f8b3874173340,0,1,1,1,0,0,0,0,0,0,0,0,23,27.80242919921875
f2d1460e030d17e9b9be5cc3e8499f98,0,1,1,1,0,0,0,0,0,0,0,0,17,17.19598388671875
f2d6c67609a8bb6f3bdbdf7009b11916,0,1,1,1,0,0,0,0,0,0,0,0,29,22.62322998046875
f2e30d2befede4dc12fa21996f30ec06,0,1,1,0,0,0,0,0,0,0,0,0,36,23.77557373046875
f2e5ea983c802e78e97c5a3cf5ae0911,0,1,1,1,0,1,0,0,0,1,0,0,27,18.45623779296875
f2e992a521c529626e0bc0ae768c2f4c,0,1,1,1,0,0,0,0,0,0,0,0,29,11.19403076171875
f2f1c2abb7ff4cd6f46a963d65fe2485,0,1,1,1,0,0,0,0,0,0,0,0,25,15.36199951171875
f2f663011cc25c710ad65bbd3d5bc39b,0,1,1,1,0,0,1,0,0,0,0,0,31,-3.15069580078125
f300acf68cd04f4fca3f8d2eecc887b4,0,0,1,1,0,0,1,0,0,0,0,0,30,39.66424560546875
f301819a2d84a414669e51592a9b6cc5,0,1,1,1,0,0,0,0,0,0,0,0,49,16.33709716796875
f303a9140414ec54340f593271278cb4,0,0,0,1,0,0,0,0,0,0,0,0,32,20.55291748046875
f3065713ebae830bd6608e204b4253ed,0,0,0,1,0,0,0,0,0,0,0,0,21,26.28436279296875
f309d97e973683bca75adfbca9dd2b63,0,1,1,1,0,0,0,0,1,1,0,0,57,10.33612060546875
f30bdec907bf1ac300504cf559034773,0,1,1,1,0,0,0,0,1,1,0,0,55,9.48016357421875
f31309b802d5f55b81babb2286f6b123,0,0,0,1,0,0,0,0,1,0,0,1,69,48.52655029296875
f314b8cd71e83a2f8f2754e628ded8f2,0,1,1,0,0,0,0,0,0,0,0,0,36,8.55096435546875
f318513fb02eb993ce2cc85c1a14fd43,0,1,1,1,0,0,0,0,0,0,0,0,11,13.14959716796875
f320726d7bbf22b14bebe1de50587879,1,1,1,1,0,0,0,0,0,0,0,0,24,21.68231201171875
f32312a5ff13f3438810848bb210a128,0,1,1,0,0,0,0,0,0,0,0,0,38,26.43475341796875
f32cd4b14b244e07a759e90ff74f8e87,0,1,1,1,0,1,0,0,0,0,1,0,66,29.26629638671875
f333cd7fbf0685f727b2d63b70c10760,0,1,1,1,0,0,0,0,0,0,0,0,56,21.14959716796875
f34014c26a8d66abcab01e467c5944f8,0,0,1,1,0,0,0,0,0,0,0,0,100,29.13787841796875
f348acabfed07aa4ab0363788944df8c,0,0,0,1,0,0,1,0,0,0,0,0,35,6.38690185546875
f34efceaec853edaee750ebc911bdf40,0,1,1,1,0,0,0,0,0,0,0,0,36,24.44354248046875
f34f5b7e71119a071c9a3c49319c57e7,0,1,1,1,0,0,0,0,0,0,0,0,67,14.07049560546875
f3558800d86053c949df870e6ff1596a,0,1,1,1,0,0,0,0,0,0,0,0,37,11.06707763671875
f356123ec77c3937592b8a0837b56651,0,1,1,1,0,0,0,0,0,0,0,0,53,15.24383544921875
f3593dc659d708472d76fee9ade261be,0,0,0,1,0,0,0,0,1,1,0,0,33,23.19500732421875
f35cd61df35c10d103128cedd629395d,0,1,1,1,0,0,0,0,0,0,0,0,25,11.05438232421875
f35e594382b4a72a745d2f726d8b0d92,0,0,0,1,0,0,1,0,0,0,0,0,36,9.20086669921875
f3652fe771eedc0256a642256092f6e1,0,0,1,1,0,0,0,0,1,1,0,1,86,14.70770263671875
f36652d0f69858bcd9f686e9bdaeb87d,0,1,1,1,0,0,0,0,0,0,0,0,28,4.60906982421875
f3691bb7204b3e84ff7a879cef2a0da8,0,1,1,1,0,0,0,0,0,0,0,0,36,18.77752685546875
f3695e97d0779d3ae691756e96a4d887,0,1,1,1,0,0,1,0,0,0,0,0,29,13.11151123046875
f36b7a7fa872700e1994d08dcf4c84a1,0,0,1,1,0,0,0,0,0,0,0,1,30,36.60076904296875
f37524eeacf351985d67fea23a657ccf,0,0,1,1,0,0,0,0,0,0,0,0,44,27.49139404296875
f37847214b8aac11f94e15d2f751d2b5,0,1,1,1,0,0,0,0,0,0,0,0,68,38.59295654296875
f37cc5e5dfe5cdd85db6ce8611b26ff4,0,1,1,1,0,0,0,0,1,0,0,0,72,7.29364013671875
f38030dd2ee267dcc884efac2cea2037,0,1,1,1,0,0,0,0,1,1,0,0,63,13.05535888671875
f3880e9c594d0ec4a3c3e39d2398a0e3,0,1,1,1,0,0,0,0,0,0,0,0,87,13.29071044921875
f3924e0e9e8f13229caadad355fd2497,0,1,1,0,0,0,1,0,0,0,0,0,50,20.64617919921875
f392ff6008528eb56cf74ca792337b21,0,1,1,1,0,0,0,0,0,0,0,0,31,19.85858154296875
f39c7a0eb0391a67a189bfa2c91b92b0,0,1,1,1,0,0,0,0,0,0,0,0,35,13.68280029296875
f39d0796370bbf60133dbf9f1e86e3cf,0,1,1,1,0,0,0,0,1,1,0,0,54,4.85272216796875
f39e4ffa826f0370b6d9ca392baad06a,0,1,1,1,0,0,0,0,1,0,0,0,21,7.71502685546875
f3a4f7954e7d072e1be6adb0a9d347aa,0,1,1,1,0,0,0,0,0,0,0,0,13,16.21063232421875
f3ae0533473faff59042902c588adf93,0,1,1,1,0,0,0,0,0,0,0,0,25,23.95623779296875
f3ae3123565f631e19cf3bbdda0f03aa,0,1,1,1,0,0,0,0,0,0,0,0,33,27.34832763671875
f3ae601d1f842af8c8147307c623c3a6,0,1,1,1,0,0,0,0,0,0,0,0,30,4.54949951171875
f3b0a01b976f3fecade75da6ffb6920c,0,0,0,1,0,0,0,0,0,0,0,0,41,11.65643310546875
f3b15ca931d7283e382af39fb0b385b1,0,1,1,1,0,0,0,0,0,0,0,0,48,16.26678466796875
f3b5b4b368e1806ed7bf5eca708a9f3a,0,1,1,0,0,0,0,0,0,0,0,0,33,14.36102294921875
f3b6caef27b149b017b4296fc4d92233,0,1,1,1,0,0,0,0,0,0,0,0,26,48.63104248046875
f3b908a40981d311842cad7f319903a1,0,0,0,0,0,0,1,0,0,1,0,0,72,27.55975341796875
f3bc536f00a320e9203e9ad3c6c078dd,0,1,1,1,0,1,0,0,0,0,0,0,100,32.35125732421875
f3c1c1f6dcaffcaefaf959ad335f8280,0,1,1,1,0,0,1,0,0,1,0,0,36,16.90057373046875
f3c2efc34229ba5091c4fba61957b1b8,0,1,1,1,0,0,0,0,0,0,0,0,37,8.83612060546875
f3ce9be93d0f0be6ab833b927839a48e,0,1,1,1,0,0,0,0,0,0,0,0,55,22.71405029296875
f3d16e7596dc51ffef6a9b02f0bcff46,0,1,1,0,0,0,0,1,0,0,0,0,26,21.54852294921875
f3d31a10d1f838b79a74645f81656ac3,0,0,1,1,0,0,0,0,0,0,0,1,28,8.98944091796875
f3e499ebd75d43a3a248596153f57364,0,1,1,1,0,0,0,0,0,0,0,0,25,9.64178466796875
f3ef984afcd1e9467f758415864cce25,0,1,1,1,0,0,0,0,0,0,0,0,15,13.06414794921875
f3f55d438a3027af01e85094b04affd1,0,1,1,1,0,1,0,0,0,0,0,0,71,15.21697998046875
f3f9259fc19a65fa93bdf65d58d33142,0,1,1,1,0,0,0,0,0,0,0,0,22,13.12274169921875
f4079afc2d482c500ea95c9474ff6e4c,1,1,1,1,0,0,0,0,0,0,0,0,48,18.57147216796875
f40d65aae1bb305c12c8330e0b404768,0,1,1,1,0,0,1,1,0,0,1,0,33,26.75164794921875
f40e02e4cc33827df4460f4a69cead2b,0,1,1,1,0,0,0,0,0,0,0,0,31,9.81365966796875
f41025e7be39a7331ffdb3af1bd8ec7c,0,1,1,1,0,0,1,0,0,0,0,0,35,4.28094482421875
f41044b75d53f323138f9c5df7b2983b,0,1,1,1,0,0,0,0,1,1,0,0,64,15.29510498046875
f415299a8fc76b62b9ea1c5fb565abaf,0,0,0,0,0,0,1,0,0,0,0,0,15,11.02557373046875
f41f62ca80e18101d5f8c932d98339e6,0,0,0,1,0,0,0,0,0,0,0,0,42,20.43865966796875
f41f974df2735c0446b5720817bb3c6a,0,0,1,1,0,0,0,0,0,0,0,1,94,23.97186279296875
f425b5e9f8496c49a62f969563917f1a,0,0,1,0,0,0,0,0,0,0,0,1,38,24.05682373046875
f428ef13f686e49b49978f370e5d8e9b,0,1,1,1,0,0,0,0,0,0,0,0,27,0.62127685546875
f4325a6cd0dbd6cc487783248c4aca76,0,1,1,1,0,0,0,0,0,0,0,0,40,15.93865966796875
f43481ee69a1bd064749809f083d55e7,0,0,1,1,0,0,0,0,1,1,0,1,30,36.08221435546875
f43926253657eacdbe03ba8a52e7a3f4,0,1,1,1,0,0,0,0,0,0,0,0,27,14.10614013671875
f44a7cedce52147fdaf3baa53384c6e5,0,1,1,1,0,1,1,1,0,0,0,0,28,7.18377685546875
f44ad812ed3bca7f7e9f550559e19ff2,0,1,1,1,0,1,0,0,0,0,0,0,45,28.86492919921875
f44cfd1e6771aa88112013bddfc26f34,0,1,1,1,0,0,0,0,0,0,0,0,50,11.28582763671875
f4587cebbfc38392b0dd01b59ef9e2ac,0,1,1,1,0,0,0,0,0,0,0,0,3,8.73065185546875
f46bfbf1e8757753c6da3b6d081d61e6,0,1,1,1,0,0,0,0,0,0,0,0,29,16.10174560546875
f46f3079f84b9bbd6662ff01db4c57dd,0,1,1,1,0,0,0,0,1,1,0,0,38,12.23748779296875
f47b03f03a3aacef8a2d7dd316da50c3,0,1,1,1,0,0,0,0,1,1,0,0,23,20.80731201171875
f480384b198771f3d75a76465b9ef22f,0,1,1,1,0,0,0,1,0,0,0,0,29,31.82879638671875
f480873c4ae1c2d2ed40910df743375a,0,1,1,1,0,0,0,0,0,0,0,0,38,16.93768310546875
f481a6a05f6537636a7d58fbd55653d0,0,1,1,1,0,0,0,0,1,0,0,0,31,-1.03302001953125
f484e93cbf5c6d5ca3c47bb5a5371530,0,0,1,1,0,0,0,0,0,0,0,0,20,13.66912841796875
f494103f17201c5207603829d553c8ac,0,1,1,1,0,0,0,0,1,1,0,0,33,13.13787841796875
f499f8c76cb04195631876846586848f,0,1,1,1,0,0,0,0,0,0,0,0,14,29.21307373046875
f49bcf000be8c0ff85a65a297c229731,0,1,1,1,0,0,0,0,0,1,1,0,46,24.12811279296875
f4aaa8f09d5cc5b38ecd182eea606ef0,0,1,1,1,0,0,1,1,0,0,0,0,37,16.57537841796875
f4ac2b9ce7407764b7cbcaaff04cce33,0,1,1,1,0,0,1,0,0,0,0,0,35,13.99725341796875
f4c381fe94f9031805f130a78221c645,0,1,1,1,0,0,0,0,0,1,0,0,28,20.82342529296875
f4c8767fde1cc7de08cc841ba165d0d3,0,1,1,1,0,0,0,0,0,0,0,0,31,22.76824951171875
f4cb312c896dd0655aaeb04f26e92d0e,0,0,0,1,0,0,0,0,0,0,0,0,23,20.14227294921875
f4d7e243bc99dfe29f6b7c05defd10af,0,1,1,1,0,0,0,0,0,0,0,0,97,4.00701904296875
f4dbf8dc4029857f2955e0896ec2d977,0,1,1,1,0,0,0,0,0,0,0,0,33,29.67645263671875
f4dd9ea389798d703ee5ebe2a82c8653,0,1,1,1,0,0,0,0,0,0,0,0,2,34.00506591796875
f4dfd901df535ee34f8085ee5282a870,1,1,1,1,0,0,0,0,0,0,0,0,33,-0.29718017578125
f4e2e5aa97371e24a493c19ad0bc6161,0,1,1,1,0,0,0,0,0,0,0,0,37,12.05828857421875
f4ef172cc55a3f73d401003239844200,0,1,1,1,0,0,0,0,0,0,0,0,70,25.53631591796875
f4f39b1c945bb9b68e4df3f8a49623a4,0,0,0,1,0,0,0,0,0,0,0,0,18,19.14959716796875
f4f823dac0b495957af4b670adf6d50c,0,1,1,1,0,0,0,0,0,0,0,0,33,52.38446044921875
f50b4c932158bd2f7d1f3aa6c8869ae3,0,1,1,1,0,0,0,0,0,0,0,0,27,5.09735107421875
f50c8d4ff50e6ced1d4950ff80d24d01,0,1,1,1,0,0,0,0,0,0,0,0,28,13.33026123046875
f5141122d59755793402c4111a586795,0,1,1,1,0,0,0,0,1,1,0,0,48,9.46746826171875
f51ab4dedb3343198c056f6e1f1e540d,0,1,1,1,0,0,1,0,0,0,0,0,38,13.21405029296875
f51eb63bbb92b77c89422d9fd2cb976f,0,1,1,1,0,0,0,0,1,1,0,0,40,13.01043701171875
f521da959d45b29cfa635cecb3a6b061,0,1,1,1,0,0,0,0,1,1,0,0,9,24.66229248046875
f523f315989d0ef32b328d54a0f101ee,0,1,1,1,0,0,0,0,0,0,0,0,22,13.72381591796875
f53134655e72545c839381b1747def33,0,1,1,1,0,0,0,0,1,1,0,0,22,17.93084716796875
f531df1719947744cfb1f276d1564ae1,0,0,1,1,0,0,0,0,0,0,0,0,25,10.90350341796875
f5379bd6ee58c95fbd9918731b4e2702,0,1,1,1,0,0,0,0,0,0,0,0,42,6.55487060546875
f542d3451d16128095b70523de67678e,0,1,1,0,0,0,0,1,0,0,1,0,47,12.13787841796875
f5471c38936be28f6621e10cb63a915e,0,0,1,0,0,0,1,0,0,0,0,0,100,15.87225341796875
f54778d3c45fd0526620c9d1a4f1d9a9,0,1,1,1,0,0,0,0,0,0,0,0,40,-2.88751220703125
f54ef05943b4db041e0904606069e1c1,1,1,1,1,0,1,0,0,0,0,0,0,3,-3.11749267578125
f5623839e5bfaad646c7249b3e4932c4,0,1,1,1,0,0,0,0,0,0,0,0,57,17.05438232421875
f56b7ba8c1356db52b38c19960551afc,1,0,0,0,0,0,0,0,0,0,0,0,30,30.46063232421875
f577b2a55855807f68a1a52d5ba1f686,0,1,1,1,0,0,0,0,0,0,0,0,3,13.93084716796875
f57aa7bedb3067a3281da449ef925d25,0,1,1,1,0,0,0,0,0,0,0,0,16,4.16033935546875
f580fa86073cf7d9db37dacf80525db8,0,1,1,1,0,0,0,0,0,0,0,0,29,14.94647216796875
f5984ac5763c1c84df56e90d64ac8973,0,1,1,1,0,0,0,0,0,0,0,0,34,15.01971435546875
f5992838f07435dcf22b7778c4c5ff35,0,1,1,1,0,0,0,0,0,0,0,0,18,12.82928466796875
f59fed075bb345e370cf5ad9cfe4f786,1,1,1,1,0,0,0,0,0,0,0,0,39,6.13592529296875
f5a6d575173e580f2bfac423f16931d3,0,1,1,1,0,0,0,0,0,1,0,0,37,13.71893310546875
f5a8cdfded457791d3522a0b63d3295b,0,1,1,0,0,1,0,1,0,0,1,0,26,17.88104248046875
f5ab61d38b210ec1beb64d65877686ea,0,0,1,0,0,0,0,0,0,0,0,1,8,17.34442138671875
f5acd9098046c64ba506c0f71acd8ded,0,1,1,1,0,0,0,0,1,1,0,0,43,13.48065185546875
f5b0e85cb07599f94a57ed4b392a5c88,0,1,1,1,0,0,0,0,0,0,0,0,21,16.16571044921875
f5ba57bb99c7a8db1797c4a2b53b2249,0,1,1,1,0,0,0,0,0,0,0,0,21,10.06317138671875
f5c374fff064afd0bc6501a9bdcef423,0,1,1,1,0,0,1,0,0,0,0,0,27,17.00653076171875
f5c59812b39f8278b0952141b9d03338,0,1,1,1,0,0,0,0,0,0,0,0,33,21.25311279296875
f5ca2485e2a261e98d7a37dfda07e4cf,0,1,1,1,1,0,0,0,0,0,0,0,38,26.07586669921875
f5cc386d1b6d445cb7cdeb9e65e054b9,0,1,1,0,0,0,0,0,0,0,1,0,26,44.84783935546875
f5cc76e712921ed08038d6801bb1808a,0,0,0,0,0,0,0,0,0,0,0,0,30,57.40692138671875
f5ccf50273c7cd5dbab5534affaf3c2c,0,1,1,1,0,0,0,0,0,0,0,0,40,14.80291748046875
f5d007e9e1f76a4ae9335732bcbb99e0,0,1,1,1,0,0,0,0,0,0,0,0,32,16.89813232421875
f5d7815299dfbffd24427d2c77fbb48b,0,1,1,1,0,0,0,0,0,0,0,0,38,24.94940185546875
f5da724d9413540f592d7a3cef304808,0,0,0,1,0,0,0,0,1,1,0,0,37,12.51971435546875
f5e26210c1c54676d0d6d0f1bbfb30d6,0,1,1,1,0,0,0,0,1,1,0,0,24,14.23944091796875
f5e33137f0cc2b23aeea88964cafab4f,0,1,1,1,0,0,0,0,0,0,0,0,18,9.24676513671875
f5e841dbe4a37954cd762022af45896b,0,1,1,1,0,0,0,0,0,0,0,0,100,16.67303466796875
f5e9a7b89f5b8e6c3619cebd0734fc46,0,0,1,1,0,0,0,0,0,0,0,0,2,18.00115966796875
f5ee04b26d51518d31b4436e68d210d9,0,1,1,1,0,0,0,0,0,0,0,0,37,15.96649169921875
f5f171b22dda2891fcef49f8ec1fafb8,0,1,1,1,0,0,0,0,0,0,0,0,52,21.71307373046875
f5f4c5a5df7af866eb7fcee632ae0e07,0,0,0,1,0,0,0,0,0,0,0,0,100,31.36248779296875
f5f53baf396fee9ee0d51cf0ca5701cf,0,1,1,1,0,0,0,0,1,1,0,0,55,11.61639404296875
f5f602fa4fbb63517a0cd901f6b7c2f9,0,0,1,1,0,0,0,0,0,0,0,0,20,15.94207763671875
f5f88cc23532dc8e7ceb1a5ca7b112b9,0,1,1,1,0,0,0,0,0,0,0,0,72,21.98065185546875
f5fa843480acca0387f24a523143a065,0,0,1,1,0,0,0,0,0,0,0,1,22,26.34002685546875
f5fe0a0612bdd578c2e5e7d0c0a68ef2,0,1,1,1,0,0,0,0,1,1,0,0,23,8.66326904296875
f5ffd9275722c19544b72a2d53c091c5,0,0,0,1,0,0,1,0,0,0,0,0,16,7.32098388671875
f60076eb131a9d949c3343f6d469a619,0,0,0,1,0,0,0,0,0,0,0,0,26,25.36444091796875
f61111cce574f90017c7936f5d8a28b1,0,1,1,1,0,0,0,0,0,0,0,0,65,14.79608154296875
f613bffd8aa54abb63ca11cac032e245,0,0,1,1,0,0,0,0,0,0,0,1,22,22.97479248046875
f61eb271ee49f5f183931ef9e5fe7b3a,0,1,1,1,0,0,0,0,0,0,0,0,19,27.01483154296875
f6282e6ae0abf9d304bbb5e5056c70a2,0,1,1,1,0,0,0,0,1,0,1,0,45,26.95819091796875
f62d94845b7f98b4c89ba3093bf4df5c,0,1,1,1,0,0,0,0,1,1,0,0,3,11.13104248046875
f62f3c235d059e86300dd0ee14825c08,0,0,0,1,0,0,0,0,0,0,0,0,78,10.99822998046875
f63117a6e616d0d498883ed575375dd6,0,0,1,1,0,0,0,0,0,0,0,0,25,28.23162841796875
f6315613a53514e4b1c287fe08f7c04c,0,1,1,1,0,0,0,0,0,0,0,0,11,0.69207763671875
f6318dbd1936efe4565c8364fedbbdd0,0,1,1,0,0,0,1,1,0,0,1,0,22,32.01483154296875
f640965b7011a78b9de4d583f62bba29,0,1,1,1,0,1,0,0,0,0,0,0,47,15.60223388671875
f640cea0cccb614b2900c7fbb5e686f9,0,1,1,1,0,0,0,1,0,0,0,0,63,23.49774169921875
f641c9f14d0877352f3d0b472be93abe,0,1,1,1,0,1,0,0,0,0,0,0,36,26.61834716796875
f64ab3a69e4034863981c48fd52a3725,0,1,1,1,0,0,0,0,0,0,0,0,47,5.79168701171875
f64bb5a2a9d453733c16c026a70a08b1,0,1,1,1,0,0,0,0,0,0,0,0,32,30.27850341796875
f64f508c7ba207b1d4b392493b6d9bf9,0,0,0,1,0,0,0,0,0,0,1,0,38,11.73162841796875
f650310f4b330fc527b6c20fed310957,0,1,1,1,0,0,0,0,1,1,0,0,43,13.49725341796875
f6645c424c09b80f5bc5890a5c50bda2,0,1,1,1,0,0,0,0,1,0,0,0,23,19.48260498046875
f67653cc3f49daef483d891ff6db9043,0,1,1,1,0,0,0,0,0,0,0,0,20,16.88494873046875
f677a3dec2878b0425ae933ba525a1fe,0,1,1,0,0,0,1,0,0,0,0,0,53,58.56658935546875
f6794299c312202f415952ad15d957eb,0,1,1,1,0,0,0,0,0,0,0,0,22,31.15057373046875
f680edf4d865886b6c1f4be13e4b7156,0,1,1,1,0,1,0,0,0,0,0,0,41,14.59539794921875
f6816e5bfc6a0f6fc0c7c44a9ea7c82a,0,0,0,1,0,0,0,0,0,0,0,0,26,29.82537841796875
f6848af851e5cad4bfb4e962f51bd212,0,1,1,1,0,0,1,0,0,1,0,0,17,13.92889404296875
f68879762f117e982a3f87d7bb7026ff,0,1,1,0,0,0,0,0,0,0,0,0,54,16.28143310546875
f697b6f0cc75a676bd851fb2242688eb,0,1,1,1,0,0,0,0,1,1,0,0,47,24.65740966796875
f6ac7202443c64953d82b07bce47d498,0,0,1,1,0,0,0,0,0,1,0,0,39,31.58123779296875
f6b38be5d2ae3faa5103b9e33ecf737d,0,0,0,0,0,0,0,0,0,0,0,0,26,22.12713623046875
f6c57ca75f453b04aa490984ddaedb37,0,1,1,1,0,0,0,0,0,0,0,0,25,13.93182373046875
f6d2703eeb0405a34f68713a60710eb9,0,0,1,1,0,0,0,0,0,0,0,1,48,26.97821044921875
f6d4f160ee63bcc93f0b2ceac87ec5d5,0,0,1,1,0,0,0,0,0,0,0,1,19,12.40936279296875
f6d82b58eb9cb5972b3a8e4ca63a27f7,0,0,0,0,0,0,0,0,0,1,0,1,18,27.02752685546875
f6df80db7cdb6e1901379311f0de2511,0,0,0,1,0,0,0,0,0,0,0,0,68,3.83856201171875
f6e2c3661f94a6fbb17805bd255a18f1,0,1,1,1,0,0,0,0,0,0,0,0,53,12.51580810546875
f6e65590fcaec7e2a7336f5ac2ea8c80,0,0,0,1,0,0,0,0,0,0,0,0,47,24.98895263671875
f6f4cb5044b799dc139301a6eccd9ff8,0,1,1,1,0,0,0,0,0,0,0,0,37,6.96307373046875
f7079d44a5aeb8fe84c340ca3d4f845e,0,1,1,1,0,1,1,0,0,0,0,0,48,9.38153076171875
f710f4d952da13be1a1bcea21da87d6b,0,1,1,1,0,0,0,0,0,0,0,0,27,6.23797607421875
f71196f2494c279ea4b9567acf534237,0,0,0,0,0,0,1,0,0,0,0,0,63,17.95184326171875
f7140fe26ba121d68dbc25f3cc9bb9b1,0,1,1,1,0,0,0,0,1,0,0,0,15,7.83856201171875
f714132bbe8a5d32f4a60f2c2fdf17bc,0,1,1,1,0,0,0,0,0,0,0,0,27,31.53192138671875
f71e1ce8f9ce8a3636891b59fa47b3f2,0,0,0,1,0,0,1,0,0,0,0,0,62,11.85955810546875
f71fd09d407c395dc306b516ce5e40e4,0,1,1,1,0,0,0,0,0,0,0,0,24,17.09783935546875
f72049db70b4ccecefeb016d1711dbad,0,0,1,1,0,0,0,0,0,0,0,1,32,16.97723388671875
f722cb2ff4ac4010058aac5467f3e552,0,1,1,1,0,0,0,0,0,0,0,0,20,28.57977294921875
f727b881abfdfe452e2c4fd469aabf8f,0,0,0,1,0,0,0,0,0,0,0,0,13,40.48065185546875
f745dc4040209ac95c75cc9b65327349,0,1,1,1,0,0,0,0,0,0,0,0,15,24.44403076171875
f753e5f2084e25680d89348531c155a6,0,1,1,1,0,0,1,1,1,0,0,0,26,7.23358154296875
f7623a6962aaed4bf0d12f85e3a2d9b3,0,1,1,1,0,0,0,0,0,0,0,0,23,30.15008544921875
f766f3717fae8e0eb57979fe83f62d13,0,1,1,1,0,0,0,0,0,0,0,0,22,17.97088623046875
f76d0613ba378731073c7895a1373347,0,0,0,1,0,0,0,0,0,0,0,0,24,36.58758544921875
f77a717614df1785d32819792bc5d74a,0,1,1,1,0,0,0,0,0,0,0,0,22,32.80780029296875
f78005b55522bbc5528fc1d9156d9861,0,1,1,1,0,0,0,0,0,0,0,0,22,11.43524169921875
f780c46f431ffc5a6cfa067c5ab08b8d,0,1,1,1,0,0,0,0,1,0,1,0,23,8.81072998046875
f78407456c64b7ab8ac1e047d3f01a1b,0,1,1,1,0,0,0,0,0,0,0,0,26,13.21209716796875
f7875af5b9c3a699265329f08d0d14da,0,1,1,1,0,0,0,0,1,1,0,0,41,10.97625732421875
f7903a7d6be4a636f8c28fd23b4951ec,0,0,1,0,0,0,0,0,0,0,0,0,100,14.91131591796875
f794a755e358edcb31317d8f987f8651,0,1,1,1,0,0,0,0,1,0,0,0,52,7.99725341796875
f7964a90a070cc6b4b6717912296e3da,0,0,0,1,0,0,0,1,0,0,0,0,10,9.42742919921875
f796ef603342e4971ac987fc267e0705,0,1,1,1,0,0,1,0,0,0,0,0,100,9.14471435546875
f79e92d6523d0b47eb3299e2719e56d0,0,1,1,1,0,0,0,0,1,1,0,0,54,7.24041748046875
f79eb6e82d0f4b236cf8f183c1ba2ed7,0,1,1,1,0,0,0,0,1,1,0,0,33,35.07440185546875
f7a33acad253661d4ad360ba0f90cb7e,0,1,1,1,0,1,0,0,0,0,0,0,65,24.09783935546875
f7b3d30fc64460a4870e8a1ce272d18b,0,0,0,1,0,0,0,0,0,0,0,0,21,9.28436279296875
f7b4dff72b347a12a18ac8b9a49a1bb5,0,1,1,1,0,0,1,0,0,0,0,0,26,12.27069091796875
f7b7e071c955d8447444904a4d076550,0,1,1,1,0,0,0,0,1,0,0,0,31,21.78924560546875
f7bc55cb439f38d38a42fd852bb1b7f4,0,0,0,1,0,0,0,0,0,0,0,1,21,38.90155029296875
f7cb9230761a5ae3046ee395f4b6dc8d,0,1,1,1,0,0,0,0,0,0,0,0,28,8.21600341796875
f7cfa1e7667ffcfce5cc83a60e817427,0,1,1,1,0,0,0,0,0,0,0,0,100,27.45867919921875
f7d14afc9f6ddddbd56c0c494489c5a5,0,1,1,1,0,0,0,0,0,0,0,0,100,22.60076904296875
f7d168bbfdab89d81dca0a14c1a77617,0,0,1,1,0,0,1,0,0,1,0,1,35,12.71697998046875
f7d4e496654463c1ddf6a9d6b68ab3af,0,1,1,1,0,1,0,0,0,0,0,0,42,18.32293701171875
f7dbbbbb2444eba7232bc785f1c050c3,0,0,0,1,0,0,0,0,0,0,0,0,31,27.74139404296875
f7df64909d541ae094c172a2deae73c5,0,1,1,1,0,0,0,0,0,0,0,0,49,13.37127685546875
f7e44a86e5acb948a04bc9ac1dc91b98,0,1,1,0,0,1,0,0,0,0,0,0,63,13.48211669921875
f7e75aad58722306858ab0f46a94b7aa,0,1,1,0,0,0,1,0,0,0,0,0,50,35.52801513671875
f7fb0aa7a9a847d5dc233b0ee72ec506,0,1,1,1,0,0,0,0,0,0,0,0,28,29.49481201171875
f7fd9a8b77bd0ccf08884698a975426c,0,1,1,1,0,0,0,0,1,0,0,0,22,9.85272216796875
f8001843e7514bbc112f668eb6dd22b5,0,1,1,1,0,0,0,0,0,1,0,0,33,6.88739013671875
f801ca1e33c2ae4e4dc9a101a62fbc47,0,1,1,1,0,0,0,0,0,0,0,0,28,6.12518310546875
f80e154948e0050c74eafe95bb7f9b90,0,0,1,1,0,0,0,0,0,1,0,0,28,19.40740966796875
f8177eb2b1045d05f3e3224538e7e622,1,1,1,1,0,0,0,0,0,0,0,0,43,5.96112060546875
f81c984b3a8151a900f9bd210649a60c,0,1,1,0,0,0,0,1,0,0,1,0,48,44.08612060546875
f823c8ccd1570abd83b75051f368e1d9,0,1,1,0,0,0,1,0,0,1,0,0,43,26.89910888671875
f827b7c37f6fd7949abb4fc12e7b0b32,0,1,1,1,0,0,0,0,0,0,0,0,34,7.41326904296875
f82c42fdc4907acd9a16d42436625f75,0,1,1,1,0,0,0,0,0,0,0,0,31,14.67498779296875
f82d58bf0adc5a5ea21366c3b7962dea,0,1,1,1,0,0,0,0,0,0,0,0,36,23.17303466796875
f82e6d3fdb1fd537a3b44d3c4a20ff9b,0,1,1,1,0,0,0,0,0,0,0,0,40,22.83758544921875
f82e94b087106c94c5c552422744a18e,0,1,1,1,0,0,0,0,1,0,0,0,28,16.56854248046875
f842f212425392477721097473dd3635,0,1,1,0,0,0,0,0,0,0,0,0,30,30.62322998046875
f85c9688f04994a4ca08f91276e60b2d,0,1,1,1,0,0,0,1,1,1,1,0,28,22.02215576171875
f86052b0ed51f4bd1b5338de4456977d,0,1,1,1,0,0,0,0,0,0,0,0,25,6.63836669921875
f86e1faf14ac07b979548743d931d96b,0,0,1,1,0,0,0,0,0,0,0,0,65,21.33660888671875
f86ee50ecd2efd1eb4d4e2b59265e8aa,0,1,1,0,0,0,0,0,0,0,0,0,31,39.09881591796875
f86fa9847adbd2e22f7848f6ac7a2893,0,0,1,1,0,0,0,0,0,0,0,1,25,39.10955810546875
f87338ed05cb8c12c958b87a3fcad87d,0,1,1,1,0,0,0,0,0,0,0,0,50,12.48602294921875
f88c3d9eac56020be6453447b1a517db,0,1,1,1,0,0,0,0,0,0,0,0,62,29.08514404296875
f88d414876135479070f2260dc93a59b,0,1,1,1,0,0,0,0,0,0,0,0,27,18.29852294921875
f8927bbcb79fa0b9613afd4c13b94ad6,0,0,0,1,0,0,0,0,0,0,0,0,60,6.67889404296875
f8960dcde72d71bf7c2de9f24193306c,0,0,1,0,0,0,1,0,0,0,0,1,43,26.89129638671875
f8999db7ec7894e2089d5328e911a8fc,0,1,1,1,0,0,0,0,0,0,0,0,26,15.73358154296875
f8a748bb9d92221c8bc6fc1ff99e411e,0,1,1,1,0,0,0,0,0,0,0,0,100,14.30389404296875
f8a9ecc77ab268cec73e2dab1d9c4fd7,0,1,1,1,0,0,0,0,0,0,0,0,71,36.90008544921875
f8aca3ea1a2479000eae9c42078ea716,0,0,0,1,0,0,0,0,0,0,0,0,37,31.16375732421875
f8b556e5ee3b35943fdf0a725ef0c36b,0,1,1,1,0,0,0,0,0,0,0,0,46,47.41180419921875
f8b80ba0f51de3cf53cf4eeaa4adf4f0,0,0,1,1,0,0,1,0,0,0,0,1,20,32.98602294921875
f8b98cc7c821af008757b2f78fe918ad,0,1,1,1,0,0,0,0,0,0,0,0,23,9.20623779296875
f8bcc4015ff38a422147d3fe6076db5f,0,0,0,1,0,0,0,0,0,0,0,1,31,37.46746826171875
f8bf7c589fdac73a2aabbe3103eee6c6,0,0,1,1,0,0,0,0,0,0,0,0,36,20.54071044921875
f8c5f5d3bfe9ceeb41d1930ac28223b9,0,1,1,1,0,1,0,1,0,0,1,0,32,20.65496826171875
f8c948a44b6b46233face89bda450090,0,1,1,1,0,0,0,0,0,0,0,0,25,33.23602294921875
f8cb97202770610f69907c311cc7b427,0,1,1,1,0,0,0,0,0,0,0,0,29,16.57293701171875
f8ccaa16e5b32e50ae1031f0ad7fec1b,0,0,1,1,0,0,0,0,0,0,0,1,100,28.26141357421875
f8e2d1e2889a38c40042cc15b68af33f,0,0,0,1,0,0,0,0,0,0,0,0,33,7.49822998046875
f8e49f4a2343c02d1ff05aad02bc422a,0,1,1,1,0,0,0,0,0,0,0,0,36,17.28045654296875
f8f23f027192d71f553ec4acf20a5e17,0,1,1,1,0,0,0,0,0,0,0,0,56,17.74822998046875
f902c2b5e5532c68d403d543bd90b914,0,1,1,1,0,0,0,0,0,0,0,0,29,18.68475341796875
f905e92eccae9675bd617b6661de7c4c,0,1,1,0,0,1,1,0,0,0,0,0,21,18.15008544921875
f908532735a37156c6de5fc6a0da1f6a,0,1,1,1,0,0,1,0,0,1,0,0,37,22.49725341796875
f90a2ad42017ab271a59605e9901cc72,0,1,1,1,0,0,0,1,0,0,1,0,33,31.02850341796875
f91426537cc5229dbbe62575259a6db6,0,1,1,1,0,0,0,0,0,0,0,0,36,14.67205810546875
f916e9500d2b2fd217c7458fdca3966d,0,1,1,1,0,0,0,0,1,1,0,0,21,5.32781982421875
f9270a0eb99a7cab0455b525ae50a75b,0,1,1,1,0,0,0,0,0,0,0,0,39,13.59881591796875
f92dafa1d393b28ca31fdc6e4e957c29,0,1,1,0,0,0,0,0,0,0,0,0,12,13.31268310546875
f932f1d00241ed312450c216814979eb,0,1,1,1,0,0,0,0,0,0,0,0,34,43.23846435546875
f937696ecd528f5e13b2f4ea0b939bc1,0,1,1,1,0,0,0,0,0,0,0,0,21,33.35321044921875
f941caf5bfc9e2c9cfe6db8c16efbf06,0,0,0,1,0,0,0,0,0,0,0,0,31,85.74090576171875
f948da2d09ac3529bb316a7ba5e9ea15,0,1,1,1,0,0,0,0,0,0,0,0,35,22.24188232421875
f9534a98d025a7f76bc510c00233349e,0,1,1,1,0,0,0,0,0,0,1,0,100,7.80780029296875
f979d5200ecbe4f966645dd33512a494,0,1,1,1,0,0,0,0,1,1,0,0,4,9.87908935546875
f97c2e88c670b62e540fd9b00efa9d76,0,1,1,1,0,0,1,0,0,0,0,0,27,6.02264404296875
f9834aca41d149a1e8e4abded3f68724,0,1,1,0,0,1,1,1,0,0,1,0,49,20.53875732421875
f985310993018e06f2962d1c27842f65,0,1,1,1,0,0,0,1,0,0,0,0,5,8.34783935546875
f98655160a3f90cc36ded72649c5d105,0,1,1,1,0,0,0,0,0,0,0,0,26,7.54022216796875
f988abeac5a38cb020832b97de483ccd,0,1,1,1,0,0,0,0,0,0,0,0,30,7.25897216796875
f98ee88ae2e92cc54072da239214c377,0,1,1,1,0,0,0,0,0,0,0,0,37,16.65936279296875
f99aa0427ee29aca535a5ebf29cfcacc,0,1,1,1,0,0,0,0,0,0,0,0,50,15.45916748046875
f9b4f987440282ad5914ae58ad68370b,0,1,1,1,0,0,0,0,0,0,0,0,50,15.79705810546875
f9b6d640b2c32b8c35fe7f8a854f85a7,0,0,0,0,0,0,0,0,0,1,0,0,26,10.47674560546875
f9ba477115ceec57f389653a0fe67d97,0,0,1,1,0,0,0,0,0,0,0,0,22,35.19989013671875
f9ca44fbd3b73db64063c87c8c8696d1,0,1,1,1,0,0,0,0,0,0,0,0,3,36.26727294921875
f9fc043bfc94f43cea47341157fcfae6,0,1,1,1,0,0,0,0,0,0,0,0,45,17.28826904296875
f9fd7ace1179e433683db0c13d85a3ac,0,0,0,1,0,0,1,0,0,0,0,0,24,18.20867919921875
f9fe6214769b4091a06ca72823ec99b5,0,1,1,1,0,0,0,0,1,1,0,0,41,15.15936279296875
fa00749582049b7c76b966939f59eb50,0,1,1,1,0,0,0,0,0,0,0,0,25,16.32391357421875
fa098fbed722b99f6e289426f5d22cfc,0,1,1,1,0,0,0,0,0,0,0,0,16,49.61785888671875
fa0fa7310b48fcdcd303e2fd0e600b38,0,1,1,1,0,0,0,0,0,0,0,0,41,3.41717529296875
fa123435b35cf07a6c53f8d5a5c36f6c,0,1,1,1,0,1,0,0,0,0,0,0,27,11.25994873046875
fa1531180fccb98ebf7b4a3bbae490e3,0,1,1,1,0,1,0,0,0,0,0,0,25,27.56561279296875
fa17e7cf98963e8bbd1020fcf648cf3b,0,1,1,1,0,0,0,0,0,0,0,0,45,29.25213623046875
fa1f418fa20c1d568a7a4a67268c81c7,0,0,1,0,0,0,1,0,0,0,0,1,53,40.98406982421875
fa2041a37321946494eea40e952326bb,0,1,1,1,0,0,0,0,1,1,0,0,42,41.09588623046875
fa2066ee7abd84c1d0dcad9aaf2d5ffa,0,0,0,0,0,0,0,0,0,0,0,0,47,33.10858154296875
fa253f714b3cf1b7cfce36a95609bff8,0,1,1,1,0,0,1,0,0,0,0,0,18,19.26385498046875
fa27d0eeeec835a00853d382f8777b19,0,1,1,1,0,0,0,0,0,0,0,0,100,13.04315185546875
fa290d118ab45200ac757a70b020eb3f,0,0,1,1,0,0,0,0,0,0,0,1,29,32.99578857421875
fa2a47703286edfdef536620fba59a01,0,1,1,1,0,0,0,0,0,0,0,0,45,14.93475341796875
fa33dc9b433fa491ba12705d1367bfa1,0,1,1,1,0,0,1,1,0,0,0,0,23,33.82489013671875
fa394ab131b2614edc6e2b024a33898e,0,1,1,0,0,0,1,0,0,0,0,0,25,5.81707763671875
fa3c73d7f1bfbcf82a4d860147c40d1a,0,0,0,1,0,0,0,0,0,0,0,1,13,51.83026123046875
fa401264ba021800b3e3bf7ac88ccd74,0,1,1,1,0,0,0,0,0,0,0,0,40,17.47918701171875
fa42448098ea28d45437a47d799a3f00,0,1,1,1,0,1,0,0,1,0,0,0,30,11.63983154296875
fa45fffafa2aa7e48dbc183a99f71aaf,0,1,1,1,0,0,0,0,0,0,0,0,43,16.22772216796875
fa462f03ba4b64d764672d76a6a1c83c,0,1,1,1,0,0,0,0,0,0,0,0,53,8.95965576171875
fa48c4fcc9a1c643a9c8548ecf436d59,0,1,1,1,0,0,0,0,0,0,0,0,18,22.72039794921875
fa4a3d69e1e0e21b62bb33538bc54e61,0,1,1,1,0,0,0,0,1,1,0,0,24,2.65545654296875
fa4ee32585b5d3aca19f023684aa4bc7,0,0,1,1,0,0,0,0,0,0,0,1,11,43.98895263671875
fa5e673c8e117b5a2232e74b26a6a7ca,0,0,1,1,0,0,0,0,0,0,0,1,31,47.48944091796875
fa61c62533716629b7c19ea3058e42a9,0,1,1,1,0,0,1,0,0,0,0,0,33,15.14422607421875
fa62ae1d008016d0860834a15a0d950c,0,1,1,1,0,0,0,0,1,1,0,0,26,14.97625732421875
fa64480605164d78e8e75eb4c8fa5d03,0,1,1,1,0,0,0,0,1,1,0,0,35,21.28680419921875
fa667bb7b8f72bd5387b1497e8210ec5,0,1,1,1,0,0,1,0,0,0,0,0,35,9.13543701171875
fa6894b340185fa33b9542cc13e8d856,0,0,1,1,0,0,0,0,0,0,0,1,21,17.66229248046875
fa6a53f962225c17b22392748f91f9ac,0,1,1,1,0,0,0,0,0,0,0,0,4,24.81854248046875
fa80ec191232a190fa8e55ce49e2afa3,0,0,1,0,0,0,1,0,0,0,0,0,32,12.90643310546875
fa81e3e25af5b8de236dd193eed42f07,0,1,1,1,0,0,0,0,0,0,0,0,66,7.82049560546875
fa853c0e0d388f9b8ccf87bb2c6c2d5d,0,1,1,0,0,0,1,1,1,1,1,0,42,4.53436279296875
fa98609878a896564f1dede157809200,0,0,0,0,0,0,1,0,0,1,0,0,29,26.17596435546875
fa9c706eef2d109c088f97e3d80b7088,0,1,1,1,0,0,0,0,0,0,0,0,26,24.87518310546875
fa9f629e2f70bfddcd07e63d168c7e35,0,1,1,1,0,0,0,0,0,0,0,0,26,4.36395263671875
faa83ed873a0c3f6601626fc8cd1efee,0,0,1,0,0,0,0,0,0,0,0,0,27,40.60614013671875
faa9273e29078b00b4cc84d41750a3c0,0,1,1,1,0,0,1,0,0,0,0,0,25,14.25897216796875
faa96f1229079881df2f1817eb184957,0,1,1,1,0,0,0,0,0,0,0,0,30,23.12225341796875
fab7345ec0af10f865717dead9fe3b17,0,1,1,1,0,0,0,0,0,0,0,0,17,15.63885498046875
fab90922ca9d533d235995b93babbed9,0,1,1,1,0,1,0,0,0,0,0,0,40,12.54022216796875
facb4a4f9de4b590c95a06e3f39c4523,0,0,1,0,0,0,1,0,0,0,0,0,47,17.24920654296875
facb77a2986f2a024b7611188837da3c,0,0,0,1,0,0,0,0,0,0,0,0,20,36.64276123046875
facd37a9b6bfb8d055d83073cea71f66,0,0,0,1,0,0,0,0,0,0,0,0,29,38.10418701171875
fad0e4621965fab61223a1076640e038,0,1,1,1,0,0,0,0,0,0,0,0,39,51.64520263671875
fae6d6ad6a2ede9a95bface8abc29f6e,0,1,1,1,0,0,0,0,1,1,0,0,51,13.62957763671875
faea64bbeb10bde8987432445dfe71f2,0,1,1,1,0,0,0,0,1,1,0,0,23,27.76287841796875
fafe99f082895fdb5790ab2de48c5b72,0,1,1,1,0,0,0,1,0,1,1,0,45,22.62664794921875
fb0108c61abf07207610287931510173,0,1,1,1,0,0,0,0,0,0,0,0,42,30.35174560546875
fb0d6c91436c549a93e43f035127ff60,0,1,1,1,0,0,0,0,0,0,0,0,34,21.24139404296875
fb1b27687118f54117255740e213ab9d,0,0,1,0,0,0,0,0,0,0,0,0,31,18.55828857421875
fb1b85c23f5cc8a079387ff575b67b50,0,1,1,1,0,0,0,0,0,0,1,0,100,14.23553466796875
fb1ba83472a5325d1ec413c616ae4b3c,0,1,1,1,0,0,0,0,0,0,0,0,32,16.16424560546875
fb1d7f655341e2e02238a0bcb11a2bf4,0,0,1,1,0,0,0,0,0,0,0,0,30,21.53289794921875
fb2a3dd73b93b17ba25f84d259ee841c,0,1,1,1,0,0,0,0,1,0,0,0,32,5.88836669921875
fb464b07e8b2dfd876f76dd54c8a4543,0,0,1,1,0,0,0,0,0,0,0,1,3,19.34344482421875
fb4f2beafb1707488cabf4de05eb4952,0,1,1,1,0,0,0,0,0,0,0,0,24,3.60955810546875
fb5502da8c78f0e95b16f4e7a5243abe,0,0,1,1,0,0,0,0,1,0,0,0,34,38.89227294921875
fb5c997c62523b0359ed63b267152006,0,1,1,1,0,0,0,0,0,0,0,0,31,28.76141357421875
fb5f2d5e423f30394ae9180fd1f551a9,0,1,1,1,0,0,0,0,0,0,0,0,46,9.83367919921875
fb60bf15e259793ab8dc5861e5b97401,0,0,0,1,0,0,1,0,0,1,0,0,52,11.40301513671875
fb75f146eb3ecfdc933fe05e3db582cf,0,1,1,1,0,0,0,0,0,0,0,0,35,21.62567138671875
fb7893daf0330ec1cebd08623b5b525a,0,1,1,1,0,0,0,0,0,0,0,0,33,24.18768310546875
fb7b727f38431d74b4e0c7fd021fe571,0,1,1,1,0,0,0,0,0,0,0,0,55,15.13641357421875
fb7edec466015938b1caf455bc20e81c,0,1,1,1,0,0,0,0,0,0,0,0,31,28.43817138671875
fb848c434bcc708aef7eb4d826f5327f,0,1,1,1,0,0,0,0,1,0,0,0,30,15.93280029296875
fb84f1effbeee94cd8f9479bf4927c82,0,0,1,1,0,0,0,0,1,1,0,1,39,12.21502685546875
fb861439b9b921c91bef07a2229e756f,0,0,1,1,0,0,0,0,0,0,0,1,41,57.51141357421875
fb883d38c9f21c49e7b832964d881084,0,1,1,1,0,0,0,0,0,0,0,0,27,98.36761474609375
fb8c406c12252b376a1344fa4c989be2,0,1,1,1,0,0,0,0,0,0,0,0,30,7.06219482421875
fb93e70ca7b3847c02bbc3f0e8abf6d2,0,1,1,1,0,0,0,0,0,0,0,0,22,5.98944091796875
fb961b8a0896611ebc95f0d59cf3594b,0,1,1,1,0,0,0,0,0,0,0,0,9,14.16180419921875
fb9a65ec818055d4fa78c1fa3ce2907e,0,1,1,1,0,0,0,0,0,0,0,0,14,6.70623779296875
fb9a743367ec735cf26099fe6af8b589,0,1,1,0,0,0,1,1,0,0,1,0,47,21.56561279296875
fb9febaa771882c71d32eb984e063b51,0,1,1,0,0,0,1,0,0,0,0,0,12,21.40203857421875
fba41097cc9b4617a6dad4eca837ec9d,1,1,1,1,0,0,0,0,0,0,0,0,17,9.64617919921875
fba53341caac0ef19ff639b3e03f0475,0,1,1,1,0,0,0,0,0,1,0,0,7,24.83758544921875
fba743f482e27ad1960a106ac12f3a53,0,1,1,0,0,0,1,1,1,1,1,0,36,13.23260498046875
fba9146b52cbd2a2c80b7e2ded57049c,0,1,1,1,0,0,0,0,0,0,0,0,67,25.38934326171875
fba9b8208c8929d8b66099e60b886bd2,0,0,1,1,0,0,0,0,1,1,0,1,83,46.05877685546875
fbae122a1ff26fd09fe506f21dc524c9,0,1,1,1,0,1,0,0,0,0,0,0,43,20.67156982421875
fbae7ea32940b185c0a0c919105681a6,0,1,1,1,0,0,0,1,0,0,1,0,53,5.38397216796875
fbba0e5ceaa5b645c0ebd7f5dd365879,0,1,1,1,0,0,0,0,0,0,0,0,46,18.37713623046875
fbbe9493bae41934557719d00a6c834a,0,1,1,1,0,0,0,0,0,0,0,0,59,-8.68487548828125
fbc1e1f5c9346cf0bc6e7a5300219775,0,0,0,0,0,0,1,0,0,0,0,0,10,23.58758544921875
fbc8ccd126064d0de592bd922b8f4333,0,1,1,1,0,0,0,0,1,1,0,0,56,25.08221435546875
fbc943d88ef2c3e1f47ce15f3ec82ef9,1,1,1,1,0,1,0,0,0,0,0,0,28,3.56561279296875
fbd6d81fc15c8b238d7d9f99b0befcb2,0,1,1,1,0,0,0,0,0,0,0,0,11,28.32391357421875
fbdca30e9a627ea3feabd1bdb907ad14,0,1,1,1,0,0,0,0,0,0,0,0,58,20.93524169921875
fbdda0afbd9a513fbb520c7e0655120e,0,0,0,1,0,0,0,0,0,0,0,1,21,32.28045654296875
fbe58f20b17d82e8cce6bec21aa9134b,0,1,1,1,0,0,0,0,0,0,0,0,31,15.28729248046875
fbe8478986d7eaf77e938cbbcc1ddae1,0,1,1,1,0,0,0,0,1,0,0,0,4,16.94110107421875
fbe969b7e7d8eef2f5a18138a1c37ca8,0,1,1,0,0,0,0,1,0,0,1,0,19,20.21112060546875
fbf19cbe9178db0071f553e4695baf92,0,1,1,1,0,0,0,0,0,0,0,0,31,1.27264404296875
fc00c2d6b03a78ddd12cde5716c5b0ab,0,0,1,1,0,0,0,0,0,0,0,1,46,13.37274169921875
fc05dc547a09236c47244e629b1549ab,0,1,1,1,0,0,0,0,1,1,0,0,43,11.45135498046875
fc185d81eadd487b28e5e3748f262061,0,1,1,1,0,0,1,0,0,0,0,0,28,8.25848388671875
fc1895336bdba3294dcf3d2b48d141d0,1,1,1,1,0,0,0,0,0,0,0,0,46,39.52020263671875
fc1c12b04d62679644347f0d3bfa233a,0,1,1,1,0,0,1,0,0,0,0,0,3,13.99530029296875
fc21df34d426af42d3eca2e52b40957e,0,1,1,1,0,0,0,0,0,0,0,0,30,15.86834716796875
fc277cec7af484d8017e841c81c2510c,0,1,1,1,0,0,0,0,0,0,0,0,28,14.71112060546875
fc2e20aa8756211b01559f02f0ce52c7,0,0,1,1,0,0,0,0,0,0,0,0,46,30.92987060546875
fc35ccce1628c2f64ee01e27a85937a8,0,1,1,1,0,0,1,0,0,0,0,0,50,40.48797607421875
fc41a54a2247d7e4454a3b9534bef214,0,1,1,1,0,0,0,0,1,0,0,0,28,13.82049560546875
fc4edbd873f611533d63020b1d909758,0,1,1,1,0,0,0,0,0,0,0,0,22,5.42596435546875
fc512eff291230b2dd5ab3d3301a4d1c,0,1,1,1,0,1,0,0,1,0,0,0,35,10.25604248046875
fc52c515441b9a245e6f07faa74fe5c9,0,1,1,1,0,0,0,0,0,0,0,0,27,8.37615966796875
fc57c842151b26f435d5e6057a6569e6,0,1,1,1,0,0,0,0,0,0,0,0,45,23.20233154296875
fc59985e3dca45d4be984f1c50755e1d,0,1,1,1,0,0,0,0,0,0,0,0,27,20.24432373046875
fc6bc8c7e7787324da11888a3369ca52,0,1,1,1,0,1,1,0,0,0,0,0,25,23.08612060546875
fc72b11223a890ac05e4f3ddf0e1b6ce,0,1,1,1,0,0,0,0,1,1,0,0,40,9.33905029296875
fc740f5dd080d9282d9ac9a1f3c2c98e,0,0,1,1,0,0,0,0,0,0,0,0,88,11.31024169921875
fc837687bb4646b5fe1c9ce3b5e5e52b,0,0,1,1,0,0,0,0,0,0,0,0,19,9.25994873046875
fc89fd3a81c6f3b4440a23e0fadfa8c2,0,1,1,1,0,0,0,0,0,0,0,0,27,23.23162841796875
fc8fff147413a9313ccd26222c12f959,0,1,1,1,0,1,0,0,0,0,0,0,25,0.45037841796875
fc9422efd1bb333e6c2151b6bd266e4e,0,1,1,1,0,1,0,0,1,0,0,0,77,5.47039794921875
fc963b45224ce19923e93846dea99029,0,0,1,1,0,0,0,0,1,1,0,0,22,23.28143310546875
fc9678eab1a4701f6fa8d06584329d09,0,0,0,1,0,0,0,0,0,0,0,0,32,20.95721435546875
fcaabb34fb4ee218d2628dfd768eda05,0,0,1,1,0,0,0,0,0,0,0,1,54,45.30975341796875
fcb176422cd0434fc3ca292355804427,0,1,1,1,0,0,0,0,0,0,0,0,40,84.86248779296875
fcb75e75a360a4c8a5722fc647ee8e29,0,1,1,1,0,0,0,0,0,0,0,0,21,13.25799560546875
fcb76b194625f67fd78c7433fed67661,0,1,1,1,0,0,0,0,0,0,0,0,36,21.20672607421875
fcdceac6b69827bf1a78341ea407a609,0,1,1,1,0,0,0,0,1,1,0,0,24,10.82977294921875
fce5c86414b1c60b7af20ddbb8510d83,0,1,1,1,0,0,0,0,0,0,1,0,94,31.91815185546875
fcee826c9012a174000999d04d55c629,0,1,1,1,0,0,0,0,1,1,0,0,4,4.08563232421875
fcefaa4e130f29fff2bf9b64749723ce,0,1,1,1,0,0,0,0,0,1,0,0,23,38.29510498046875
fcf7b189b80e88c8d00b8689d24d311a,0,1,1,1,0,0,0,0,1,1,0,0,61,29.21649169921875
fcfd137ded9c84f7956f9bb2c48dcf88,0,0,1,1,0,0,0,0,0,0,0,1,44,36.83221435546875
fd06639cd39721c16d02896d1e597f7d,0,0,1,1,0,0,0,0,0,0,0,0,4,26.69598388671875
fd0c7390c0da875bac6544a4fce89f08,0,1,1,1,0,0,0,0,1,0,0,0,52,22.79266357421875
fd0f4f709cb19d395c05c46d99facc19,0,1,1,1,0,0,0,0,0,0,0,0,14,15.21649169921875
fd12c46ed4b6e3ece11be5e750ab4a88,0,1,1,0,0,0,0,0,0,1,0,0,41,57.24041748046875
fd21e1bbab08c1aecfe8ad3b35154cc5,0,1,1,1,0,0,0,0,0,0,0,0,21,29.88201904296875
fd24fee2ac48982923244192c64ffafa,0,1,1,1,0,0,0,0,0,0,0,0,42,24.08856201171875
fd3175a41e1bac9215636366e8a4c04c,0,1,1,0,0,0,0,0,0,0,0,0,48,9.08319091796875
fd36258e661260827f35666e218e0a1b,0,1,1,1,0,0,0,0,0,0,0,0,25,56.19696044921875
fd49869f0ecf69cbe5d315703fbbd388,0,1,1,1,0,0,0,0,0,0,0,0,30,30.04217529296875
fd4be56bff9d976a2d757336687bead1,0,1,1,0,0,0,1,0,0,0,1,0,17,10.38690185546875
fd4ef85f2e1a7acbfaf610164366b266,0,1,1,1,0,1,0,0,0,0,0,0,25,11.43182373046875
fd5077fc8b795557bb9b0da7f8e2fc4e,0,1,1,1,0,0,0,0,1,1,1,0,38,33.70770263671875
fd56409324e8ac4eef2ceb1ef9b28c32,0,1,1,1,0,0,0,0,0,0,0,0,31,42.14373779296875
fd5a5ed3249a4a8682f0e5e443f21864,0,1,1,1,0,0,0,0,0,0,0,0,46,36.91912841796875
fd60ae1fa5f39dd54722feba9a0864c4,0,1,1,1,0,0,0,0,0,0,0,0,80,11.59197998046875
fd6239cc0914fb9c41c147eb34c598d7,0,1,1,1,0,0,0,0,1,1,0,0,29,13.73944091796875
fd713dd967fbc22315657a7012b53459,0,1,1,1,0,0,0,0,0,0,0,0,22,15.88543701171875
fd727705fe7931f2ee6cbdc1f1a30e54,0,1,1,1,0,0,0,0,0,0,0,0,26,26.28875732421875
fd87cce49aebf96d306cb6b337b5e4fe,0,1,1,1,0,0,1,0,0,0,0,0,39,63.65155029296875
fd8bbc8f3e8317da9c4c5eb978676d51,0,1,1,1,0,0,0,0,0,0,0,0,54,10.86199951171875
fd980a28c3ee2df5eadbb3f8a9b6291b,0,1,1,1,0,0,0,0,0,0,0,0,22,33.35614013671875
fd9ce4cc2ab38033ec128350ddc56943,0,1,1,1,0,0,0,0,0,0,0,0,26,14.03680419921875
fd9f9626e01625803b6a04b0e5420168,0,1,1,0,0,0,0,0,0,0,0,0,27,42.07440185546875
fda4f766886010b1ac1e51c0199c9d51,0,1,1,1,0,0,0,0,0,0,0,0,4,23.97918701171875
fda8a008d0a1a9d0afbfd7057e6eaf79,0,1,1,1,0,0,0,0,0,0,0,0,77,10.61639404296875
fdafc65c53b4ed66d3f148b4e76a59ae,0,1,1,1,0,0,0,0,0,0,0,0,57,20.48358154296875
fdb5afed6c5e05ed7a244bc70739ef86,0,1,1,1,0,0,0,0,0,0,0,0,61,42.21160888671875
fdb6477305ce3ef66895aff3fd5a7514,0,1,1,1,0,0,0,0,1,1,0,0,68,23.14520263671875
fdb7f500f6dc257e3c3204de8f3f7c3d,0,0,1,1,0,0,0,0,0,0,0,0,86,21.98602294921875
fdbce60d3b369d3da9d39aabf3fa58c9,0,0,1,0,0,0,1,0,0,0,0,1,13,9.15252685546875
fdc1d844dcf01dcb6c1e6affe52b7077,0,1,1,1,0,0,0,0,1,0,0,0,33,22.11004638671875
fdce1c6a0a360927ce1b61a2eac56bd8,0,1,1,1,0,0,0,0,0,0,0,0,28,18.62567138671875
fdd6a66c4cb8573f465bfd47671f314b,0,1,1,1,0,0,0,0,0,0,0,0,53,16.17059326171875
fdde1758a03c5e23f493db4aa2f6873d,0,1,1,1,0,0,0,0,0,0,0,0,44,21.21112060546875
fde75ba22f491d31c9267e59f6cbfe1a,0,1,1,1,0,0,0,0,0,0,0,0,100,23.77947998046875
fdf43e67fb472a37d99f3d93cc7d1515,0,0,0,1,0,0,1,0,0,0,0,0,38,31.07733154296875
fe04b9ace6e737c31799815c927f3507,1,1,1,1,0,0,0,0,0,0,0,0,54,18.51483154296875
fe0587d31a0730205b0d44795a02823b,0,1,1,1,0,0,0,0,1,1,0,0,19,12.91473388671875
fe0ccfe550b3a02b32fcb9aac99b65b3,0,1,1,1,0,0,0,0,0,0,0,0,41,10.12030029296875
fe12dcbcdc03bee6c970d03edadec6f8,0,1,1,1,0,1,0,0,0,0,0,0,32,9.55194091796875
fe1d9c1ee171802a8b012953fc7c6e47,0,0,0,0,0,0,0,0,0,0,0,0,30,27.85516357421875
fe200aff478f55ca4bcf77d9dade1217,0,1,1,1,0,0,0,0,0,0,0,0,100,17.08612060546875
fe2693a6dbb149f54afffec48e1f24f1,0,1,1,1,0,0,0,0,0,0,0,0,11,22.96649169921875
fe2b587f649b9780900246c4b174a231,0,1,1,1,0,0,1,0,0,0,0,0,27,0.42498779296875
fe32783c05807b49b30d9b1c522c28a2,0,1,1,1,0,0,0,0,1,1,0,0,24,19.50408935546875
fe375f6618b2ef4c072072563438336d,0,1,1,1,0,1,0,1,0,1,1,0,28,10.34002685546875
fe3e7f71205725dfa55c83b84eae2eb1,0,1,1,1,0,1,0,0,0,0,0,0,35,30.30975341796875
fe47539e989df047507eaa60a16bc3fd,0,0,1,0,0,1,0,0,0,0,0,0,3,16.11541748046875
fe4854282aebafd366a9fbc36364ef60,0,1,1,1,0,0,0,0,0,0,0,0,38,7.96014404296875
fe4bf4b8c1973ff95c063c26d6d6c6c6,0,1,1,1,0,0,0,0,0,0,0,0,68,13.89080810546875
fe5216f7ca08190a6bd6246f117a7f4f,0,1,1,1,0,0,0,0,0,0,0,0,8,10.58612060546875
fe5aeb8d9f642e3e5b17fef1245e38e0,0,1,1,1,0,0,0,0,0,0,0,0,41,25.94647216796875
fe5c76c90ae8406d840e6098c26621d3,0,1,1,1,0,0,0,0,0,0,0,0,31,6.00360107421875
fe5df08da9ffe5de9a10ba740222b9e5,0,1,1,1,0,0,0,0,0,0,0,0,80,40.67303466796875
fe5e4066219eed789a955c85ceaa4689,0,0,1,0,0,0,1,0,0,0,0,1,46,44.37030029296875
fe5ff849e2e36859d2270cf6da95628b,0,1,1,1,0,0,0,0,1,0,0,0,37,1.40350341796875
fe6192fc70d5dd5ee167e8dcb9bbe937,0,1,1,1,0,0,0,0,0,0,0,0,51,4.12322998046875
fe61c135cd07dbacec1499d696e6cf3a,0,1,1,1,0,0,0,0,0,0,0,0,28,15.40057373046875
fe6e4a1a6b1d215aef3f0419dd340bcf,0,0,1,1,0,0,1,0,0,0,0,0,32,12.25506591796875
fe80f17e1cd1c4bdf7d39241512a9c37,0,1,1,1,0,0,0,0,1,0,0,0,66,20.04022216796875
fe80fffa8bab0dafba63a9b4f07b557a,0,1,1,1,0,0,0,0,0,0,0,0,17,17.19891357421875
fe8461acc939fb6cbe1f62f27a0c8375,0,1,1,0,0,0,0,0,1,1,0,0,53,32.48797607421875
fe8502be7330dd591b7349492e594f3e,0,0,0,0,0,0,1,0,0,0,0,0,20,33.95574951171875
fe8668d6328400667faae2ff8e504723,0,0,1,1,0,0,0,0,0,0,0,1,51,7.30877685546875
fe8840e7e4a45b20d7e226397f03da3a,0,1,1,1,0,0,0,0,1,1,0,0,27,15.96746826171875
fe8a319a5f3cdf1a13344acd8a78318d,0,0,1,1,0,0,0,0,1,1,0,1,47,3.68621826171875
fe8b1ec969e2e21f4eda0a5275ca990b,1,1,1,1,0,1,0,0,0,0,0,0,32,43.28485107421875
fea577910cbb3701b52de48b32968bc9,0,0,1,1,0,0,0,0,0,0,0,0,28,23.71697998046875
fea5968d4979d8d98d964c31e0c7fe66,0,1,1,1,0,0,0,0,0,0,0,0,30,63.83221435546875
feac03476ba5f9bfddd66cea597f6a52,0,0,1,1,0,0,0,0,1,0,0,1,35,12.30291748046875
feb1f1e030834074dd6319cb9b1c1973,0,1,1,1,0,0,1,0,0,0,0,0,27,34.01092529296875
feb371403a5f656fd8a0ca434d845f2d,0,1,1,1,0,0,0,0,0,0,0,0,96,13.85467529296875
fec8e5d5e8dd479cf8ceb55f99bfe7c8,0,1,1,1,0,0,0,0,1,1,0,0,64,24.15692138671875
fecb0305280eef1323b52f9dd4dc4105,0,0,0,1,0,0,0,0,0,0,0,0,63,14.22772216796875
fed725bf6324d0965100c7f8bf1138c3,0,1,1,1,0,0,0,0,0,0,0,0,83,36.49725341796875
fed9ab156c51744820bfd6dd9ea91057,0,1,1,1,0,0,0,0,0,1,0,0,38,10.52313232421875
fedb56afb73e703dbcad66406943b45f,0,1,1,1,0,0,0,0,0,0,0,0,100,44.15447998046875
fedc15d62dc32573834e485a7a7640c8,0,1,1,1,0,0,0,0,0,0,0,0,55,26.92694091796875
feea03e7dc88d1a2fbf37f329ca59718,0,1,1,1,0,0,0,0,0,0,0,0,56,8.24774169921875
feea17136272d560dbaf5de9822bbe38,0,0,0,1,0,0,0,0,0,0,0,0,22,15.50408935546875
feebe928d75782d0db1eede305fe5b41,1,1,1,1,0,0,0,0,0,0,0,0,34,13.79901123046875
feec2ab3566fd40b167c9b3736d1129c,0,1,1,1,0,1,0,0,0,0,0,0,35,16.68670654296875
feefa7d5530149a0538313c9815a90ad,0,1,1,1,0,0,0,0,0,0,0,0,20,24.84149169921875
fefa3692ed2a333d8bc9873054159578,0,0,1,1,0,0,1,0,0,0,0,0,60,48.58709716796875
ff08dcc0387d193a21c1c50635030a06,0,0,1,1,0,0,1,0,0,0,0,0,73,26.08612060546875
ff0fda5f289ae858781f9aa093df3970,0,0,0,1,0,0,0,0,0,0,0,0,25,48.96112060546875
ff1233d348cba9f95ba35679b35e26b6,0,1,1,0,0,0,1,1,0,0,1,0,38,22.40740966796875
ff18e23435cd4041290292f36014d7e3,0,0,1,1,0,0,0,0,0,0,0,0,74,52.06512451171875
ff2512ccb9ac4ede6c0c56a8f5860c95,0,1,1,1,0,0,0,0,1,1,0,0,29,15.31707763671875
ff31c2bc7cf296899ce28a809600e20e,0,1,1,1,0,0,1,0,0,0,0,0,46,3.83807373046875
ff3410ab3513641567039f0a443d91dc,0,0,1,1,0,0,0,0,0,0,0,0,38,15.86346435546875
ff443bbc0fdb63893b066cb7d7af4aa0,0,1,1,1,0,0,0,0,0,0,0,0,18,12.70819091796875
ff5aacc3eeb12cc9c029259d5171a4df,0,1,1,0,0,0,0,1,0,0,1,0,45,39.90252685546875
ff602c36a58c20d88fd0f543fd671040,0,1,1,1,0,0,0,0,0,0,0,0,31,27.94744873046875
ff6123b262da1a561197a5a25c212964,0,1,1,1,0,0,0,0,0,0,0,0,23,23.69549560546875
ff6591fb1b3481fe0c366dfdcdc8ab5f,0,0,0,0,0,0,0,0,0,0,0,0,30,4.47772216796875
ff6bd913df168371937cfd31e01c058d,0,0,1,1,0,0,0,0,0,0,0,1,44,8.82147216796875
ff7085719aa9207b7e00250264b4b63f,0,1,1,1,0,0,0,0,0,0,0,0,31,13.70330810546875
ff75490f8f99867fc9dec1c298e0761a,0,1,1,1,0,0,0,0,0,0,0,0,20,19.35028076171875
ff76db2a10b7bc5a3217ccb083e87e75,0,1,1,1,0,0,0,0,0,0,0,0,40,45.80584716796875
ff78a56d5e0029cd6288c62f7b7f10e5,0,1,1,1,0,0,0,0,0,0,0,0,50,19.82049560546875
ff903858a9899465ee4cd17e942bef24,0,1,1,0,0,0,0,0,1,1,0,0,51,15.45623779296875
ff9b3b3468c4b35a3b6450a1ddc88449,0,1,1,1,0,0,0,0,0,0,0,0,44,51.84783935546875
ffaf7bf7e64b9eecaf02fc2c14d6b654,0,1,1,1,0,0,0,0,0,0,0,0,31,6.63787841796875
ffb8b466494a3e48bcb874a2fe9b976d,0,1,1,1,0,0,0,0,0,0,0,0,31,4.24041748046875
ffbfa0383c34dc513c95560d6e1fdb57,0,0,0,1,0,0,0,0,0,0,0,1,15,35.29510498046875
ffcc8532d76436fc79e50eb2e5238e45,0,1,1,1,0,0,0,0,0,0,0,0,70,21.54315185546875
ffdf2e8673a1da6fb80342fa3b119a20,0,1,1,1,0,0,0,0,1,1,0,0,20,18.93084716796875
fff19e2ce11718548fa1c5d039a5192a,0,1,1,1,0,0,0,0,1,0,0,0,20,18.62274169921875
fff8e47c766799c9e12f3cb3d66ad228,0,1,1,1,0,0,0,0,0,0,0,0,30,11.53045654296875
